500 20000
106 259
400 423
206 411
380 435
139 388
342 363
40 423
163 358
150 225
54 377
154 381
382 435
109 352
6 333
93 182
156 237
85 280
343 376
196 243
303 496
18 489
373 456
335 422
28 91
196 379
15 22
192 309
83 366
257 342
13 418
15 228
389 452
36 383
238 493
138 395
189 444
35 336
82 387
323 370
35 394
153 292
137 306
71 180
314 357
29 48
104 213
151 248
184 389
200 343
53 318
9 294
449 484
220 345
425 484
339 370
48 367
188 339
194 487
154 461
116 285
432 489
95 146
196 401
321 328
167 418
261 488
7 298
152 437
212 289
340 343
87 388
228 413
64 431
119 424
181 258
7 432
486 487
54 295
111 260
199 220
51 52
137 338
154 495
222 341
15 218
42 53
19 78
189 438
185 356
146 259
20 407
227 456
7 226
27 28
74 311
246 261
102 277
297 426
10 297
410 417
213 254
362 441
84 127
111 170
88 113
203 472
6 305
157 454
231 366
1 384
91 246
377 440
115 378
19 216
296 497
126 497
311 494
300 331
153 280
168 317
150 469
93 94
64 109
180 413
38 319
11 32
204 251
111 222
123 242
351 358
213 378
116 499
20 471
310 457
69 120
309 410
62 491
184 443
439 460
86 493
4 247
257 412
117 134
112 133
42 261
183 342
73 214
204 359
64 179
149 290
126 287
14 27
194 403
63 322
238 365
248 309
60 199
51 160
137 494
42 259
142 355
336 463
144 393
391 464
108 497
250 253
11 176
96 133
213 292
161 430
121 452
64 199
200 461
190 323
360 499
2 333
41 434
130 337
201 362
414 475
276 361
349 462
160 423
44 83
143 256
354 497
72 123
105 172
465 478
379 488
42 321
228 245
302 463
138 183
76 179
241 382
128 259
149 162
60 295
50 81
245 496
98 429
284 329
8 97
60 127
76 125
51 308
267 322
242 395
160 433
213 270
3 300
91 222
146 415
291 364
69 320
17 302
84 471
154 369
282 327
404 409
102 215
34 293
110 467
7 104
324 353
206 241
86 323
78 451
85 406
191 256
35 400
199 490
487 492
19 390
131 136
1 140
342 413
288 435
249 474
113 206
89 122
130 287
11 192
96 225
3 154
23 272
185 202
226 411
20 65
34 175
143 162
11 498
129 156
9 104
275 316
44 493
307 498
88 265
114 281
208 367
16 399
328 367
385 414
37 80
7 76
95 360
131 456
279 462
40 331
38 465
5 470
430 465
212 401
119 262
230 465
49 356
241 398
289 488
359 438
129 208
156 409
164 323
56 253
11 410
218 415
104 235
114 145
104 483
52 65
126 439
237 296
52 175
373 460
292 379
69 166
49 78
166 475
35 98
460 475
456 487
83 416
178 431
211 468
128 389
409 468
185 450
61 168
16 17
236 455
290 421
256 271
10 487
361 468
145 420
98 167
46 47
237 490
3 208
140 205
49 214
196 343
162 491
115 370
83 236
242 345
47 330
134 165
287 290
233 338
132 283
336 417
136 359
123 466
103 176
176 329
16 129
52 225
400 483
231 402
369 426
462 463
295 484
225 452
263 352
7 222
161 256
133 160
28 367
62 255
59 136
253 364
37 98
5 92
26 75
115 390
74 333
444 487
199 350
295 366
438 447
344 403
128 351
86 289
260 329
318 333
320 395
117 316
432 453
230 413
352 373
128 493
194 369
176 177
199 422
13 414
5 458
126 157
274 389
314 439
234 353
132 267
79 248
171 194
49 436
329 392
42 153
18 271
62 477
305 358
186 215
255 432
205 432
5 386
128 417
323 436
128 233
117 448
299 376
150 255
22 49
74 297
200 247
40 323
264 401
312 347
84 241
131 488
129 380
168 273
313 434
329 398
280 363
140 473
15 288
363 364
71 242
117 370
144 285
190 329
263 286
18 171
423 424
172 333
210 377
289 352
47 270
73 206
201 454
47 394
15 180
190 317
420 499
177 494
130 273
459 472
120 215
197 286
3 412
20 203
37 166
123 148
8 375
127 198
172 281
96 425
51 178
311 486
121 352
27 58
145 202
114 355
414 491
127 362
1 476
221 382
131 464
292 439
244 287
313 370
233 416
57 244
318 409
84 481
1 96
49 432
128 385
186 479
230 321
4 343
203 456
8 87
433 480
148 461
94 329
110 251
31 366
13 150
63 288
198 273
46 293
108 403
277 494
46 485
371 478
231 424
264 403
34 191
148 267
77 458
9 254
212 441
248 345
241 272
239 240
152 371
43 172
277 362
333 478
350 441
23 298
164 277
171 348
393 488
30 395
331 420
244 475
294 499
84 251
222 369
236 263
171 210
30 147
353 370
208 439
424 493
356 405
61 80
30 415
7 442
112 317
428 441
128 341
114 383
98 209
163 372
455 496
104 457
182 425
263 334
53 312
123 194
408 421
121 286
278 311
306 413
101 450
239 312
224 281
161 260
54 395
217 390
24 261
184 329
45 494
151 152
65 460
53 186
441 484
9 244
71 174
315 354
200 231
67 352
47 334
305 310
293 442
173 428
133 288
15 58
306 345
78 213
82 175
35 334
290 349
151 292
65 350
322 395
210 347
119 242
33 164
73 86
56 137
17 116
165 198
222 335
275 328
18 307
53 284
321 444
16 49
181 220
180 251
202 245
404 455
311 458
26 383
436 475
286 461
379 496
156 495
266 423
12 51
167 350
211 370
59 494
6 63
299 490
179 300
233 296
351 402
250 341
285 308
1 202
71 384
290 369
161 354
70 233
372 389
86 137
108 299
242 423
245 486
320 487
79 150
134 275
97 456
68 253
105 342
228 251
157 214
201 484
16 77
42 417
12 389
230 433
108 439
10 195
253 386
71 134
125 396
438 441
30 261
274 431
99 462
107 110
228 337
110 173
25 228
19 276
42 127
195 206
231 268
9 306
147 364
5 118
184 337
132 339
60 265
279 372
165 204
224 399
136 289
452 487
137 366
240 481
290 355
149 194
239 368
240 365
180 393
237 326
189 402
190 479
323 326
300 455
117 412
86 283
390 453
360 365
92 153
260 349
372 445
2 167
186 197
184 461
214 383
102 331
199 474
198 483
63 132
444 455
114 301
273 294
212 221
32 309
194 421
19 162
130 149
373 500
315 372
211 326
191 438
208 239
219 292
226 477
133 202
33 488
47 310
310 419
215 486
223 304
33 310
26 145
383 402
38 463
62 481
290 299
17 74
346 489
140 223
391 476
249 266
317 494
18 397
114 363
488 493
159 160
215 352
105 384
177 340
297 406
302 403
79 374
247 450
85 210
14 51
46 147
289 322
3 422
137 498
350 393
159 162
6 21
11 212
310 315
53 58
217 426
52 109
164 417
25 480
25 60
200 341
375 422
67 416
4 325
36 197
62 291
139 166
109 326
345 354
214 259
247 432
396 397
28 353
73 462
178 425
132 437
63 66
101 216
482 495
69 494
154 165
82 351
190 409
38 371
31 188
361 476
248 367
328 407
357 384
255 416
318 349
53 226
185 314
139 184
70 461
97 116
190 195
155 436
237 344
276 441
329 490
21 110
3 462
159 178
214 273
221 368
63 448
112 409
359 386
120 375
255 450
103 370
241 410
163 444
257 330
24 409
222 373
169 268
15 68
118 279
104 145
38 171
122 221
96 465
114 369
42 349
188 335
239 298
173 398
168 197
16 159
138 345
39 310
204 335
16 169
85 272
287 476
71 372
60 313
270 449
154 235
379 418
11 266
95 330
404 415
278 467
288 307
125 338
33 482
287 500
130 197
53 290
116 397
112 445
162 311
222 223
449 460
119 404
246 355
34 61
68 297
33 54
136 295
200 315
68 259
128 307
94 179
237 336
63 126
220 409
48 265
129 500
270 335
44 339
73 260
39 500
247 378
151 358
121 318
221 316
387 428
323 386
52 427
28 87
444 449
246 421
211 436
36 333
409 432
195 242
27 290
89 400
34 407
143 288
310 495
189 376
151 284
226 315
139 256
276 419
214 339
393 478
8 149
13 196
31 496
192 203
384 435
224 315
398 457
13 26
128 311
248 497
62 371
390 399
184 245
358 377
319 462
287 326
408 409
86 189
151 458
181 348
98 371
179 262
5 172
332 421
120 473
267 338
49 152
47 62
145 386
49 306
416 431
195 230
115 318
153 192
101 242
382 397
139 228
36 495
83 482
458 459
420 497
329 464
182 353
336 397
437 464
103 258
226 323
383 400
10 391
344 347
263 382
5 222
128 427
37 492
265 370
17 318
81 118
223 396
330 409
80 349
46 107
26 45
236 343
145 298
166 445
331 478
22 365
106 227
278 349
113 284
77 280
143 426
175 486
154 279
226 345
399 452
54 279
362 443
25 280
304 411
244 351
242 265
467 474
15 312
344 423
330 347
107 280
382 441
38 209
355 356
236 237
337 404
25 290
192 259
4 11
26 97
100 365
2 161
317 482
215 332
216 289
421 422
321 450
235 410
96 211
426 441
184 475
312 313
219 462
26 419
420 441
8 291
295 452
116 379
92 123
154 441
47 140
204 249
103 142
10 467
66 69
15 484
201 498
64 313
188 265
366 485
304 381
110 201
253 370
113 230
454 455
104 157
221 282
15 220
343 450
74 477
59 358
368 417
357 478
345 456
47 478
33 170
276 399
8 337
183 278
98 245
204 299
38 51
299 384
407 410
188 223
75 408
69 70
441 482
68 89
199 436
136 463
276 451
56 113
51 498
133 318
66 191
14 187
274 289
255 274
70 421
197 454
347 356
259 354
40 259
41 334
418 429
42 81
286 307
58 429
109 270
62 97
11 164
217 340
89 462
358 483
191 320
190 197
16 279
116 295
208 413
20 147
78 409
122 389
82 257
190 443
65 152
253 380
78 175
471 488
101 404
4 211
183 310
175 310
48 213
103 384
48 239
22 261
392 491
258 369
264 423
206 231
321 460
187 474
427 450
281 468
110 447
42 235
302 437
11 340
197 392
142 359
119 216
303 448
49 454
240 431
14 329
171 228
184 315
116 261
224 415
84 413
67 396
57 154
213 324
37 360
114 449
190 191
428 447
302 457
140 435
283 402
37 200
150 487
126 177
87 246
136 443
214 313
252 431
455 464
30 341
72 243
33 150
6 283
378 457
107 362
56 365
210 363
316 357
227 424
193 218
363 396
171 368
170 359
477 478
13 316
66 245
389 484
269 388
267 336
469 486
7 336
24 111
407 454
250 251
22 499
156 339
89 482
41 56
159 334
99 198
129 264
136 235
245 346
15 438
277 450
395 412
114 197
20 291
13 152
86 159
361 436
12 119
38 113
10 321
155 232
125 146
249 414
323 404
101 262
31 320
144 279
21 298
206 237
223 468
7 434
62 465
6 109
81 160
169 198
46 467
218 441
177 228
146 321
313 372
126 347
197 212
120 365
192 499
116 407
134 421
135 262
195 198
271 436
73 438
268 317
50 231
333 472
240 397
152 173
123 202
96 141
76 101
79 174
20 293
369 424
188 315
209 360
129 258
142 325
108 163
28 473
263 434
428 429
84 499
30 67
196 451
218 497
281 318
131 168
122 285
208 465
2 477
144 465
174 345
107 384
210 345
142 169
35 178
59 266
153 260
56 317
83 472
236 331
420 463
29 274
175 430
159 390
210 417
252 275
145 154
478 489
401 486
357 378
39 374
131 448
63 114
82 253
158 307
17 378
293 388
54 95
103 400
144 275
239 432
254 477
183 500
20 95
227 318
107 496
33 222
72 239
161 370
247 384
225 434
46 383
50 129
58 261
339 462
86 437
45 372
383 492
321 438
97 242
387 388
279 284
57 86
152 293
11 436
29 100
30 195
208 373
273 358
300 389
351 414
20 453
11 350
91 202
99 150
316 421
461 484
318 321
82 203
378 405
156 427
76 227
46 65
235 290
65 156
317 394
20 265
284 493
429 498
378 447
147 248
209 242
293 294
294 347
92 373
108 109
298 321
42 229
109 484
227 482
182 423
195 260
378 383
67 232
130 305
189 390
119 146
76 463
401 402
85 232
245 254
291 294
400 453
330 377
135 362
53 304
330 387
121 216
132 363
37 418
281 416
249 382
159 408
104 317
187 466
197 374
17 312
52 297
273 398
250 481
302 319
29 396
283 478
124 231
42 369
124 483
4 477
96 255
41 124
356 409
61 90
65 454
246 427
293 404
103 246
84 303
97 464
10 167
7 416
404 451
252 315
208 391
162 435
23 164
306 423
297 466
291 338
290 389
199 310
45 186
229 384
23 388
162 379
148 259
114 139
97 454
93 498
139 194
92 249
151 468
250 299
213 344
99 442
389 426
87 500
289 456
144 247
101 386
269 356
260 447
44 411
62 229
244 343
45 198
157 210
78 399
264 267
279 480
374 379
319 448
307 328
107 432
224 293
104 229
294 431
125 220
74 307
290 441
423 486
147 338
308 421
33 238
425 426
234 269
49 380
137 414
489 490
334 335
430 433
163 474
32 191
290 321
298 347
31 226
47 300
291 492
319 430
10 295
172 405
9 262
154 343
135 168
371 454
105 484
367 444
93 368
152 417
381 398
284 335
395 454
134 333
86 345
479 486
55 204
287 306
51 190
76 115
75 328
3 56
283 336
38 337
134 473
286 491
215 444
39 108
53 316
244 453
65 170
21 108
296 489
3 140
403 434
218 457
2 241
189 226
46 157
65 82
32 251
375 496
114 247
21 338
181 242
231 246
204 345
146 323
27 270
112 123
29 424
282 467
140 307
420 449
101 250
26 319
258 325
302 317
18 249
186 237
329 456
297 352
19 326
133 244
306 341
115 180
70 329
70 291
117 240
321 344
366 423
137 382
146 287
223 254
169 474
258 353
59 274
38 65
79 88
208 463
12 401
359 380
66 243
116 415
188 405
44 159
11 254
147 384
139 226
97 332
183 410
233 452
138 351
98 435
281 282
66 313
249 264
318 457
371 482
64 415
345 492
142 397
289 350
228 485
416 463
29 172
177 332
11 244
434 447
123 400
401 412
194 355
166 257
182 183
66 427
4 73
342 361
56 421
313 450
164 397
99 448
195 464
62 283
1 104
196 439
44 467
57 308
65 190
296 307
6 39
204 205
242 355
422 423
38 245
58 413
88 373
7 192
21 460
33 448
404 459
89 360
195 328
198 419
434 475
348 349
31 32
83 314
105 228
83 382
126 161
64 237
210 337
91 390
217 436
161 450
168 341
203 206
67 104
201 240
191 460
323 366
180 437
105 136
43 186
117 172
189 334
39 142
181 490
44 361
154 161
138 259
114 431
63 280
30 389
1 68
177 310
14 441
199 326
120 327
232 415
211 368
100 255
378 459
7 152
19 388
109 390
6 205
178 227
64 363
75 136
193 488
99 116
7 328
301 308
37 188
81 148
155 378
313 386
374 407
72 81
26 417
194 341
68 449
51 288
135 204
98 177
193 418
76 323
35 208
22 171
102 291
198 293
303 360
71 258
98 395
192 255
18 147
137 454
387 470
239 356
158 261
13 38
248 421
113 266
32 423
186 435
69 84
345 356
92 217
321 412
78 261
38 137
214 233
15 150
112 407
28 403
163 294
84 227
15 418
163 480
283 310
123 452
299 346
68 319
139 140
91 98
69 464
164 355
36 59
68 387
324 423
271 294
395 474
177 346
356 483
165 344
359 484
297 366
344 435
275 346
254 455
2 481
316 317
173 212
209 362
85 218
147 220
287 430
442 453
70 71
3 486
62 405
47 358
445 480
346 437
234 297
421 428
63 236
258 451
84 117
150 489
49 422
386 413
41 320
103 304
226 275
25 354
457 458
358 429
261 442
24 283
232 411
56 229
440 471
346 459
339 478
235 386
79 162
291 336
125 282
317 386
149 294
327 358
106 473
175 452
9 492
322 381
230 467
185 462
144 145
188 479
388 491
296 417
89 252
83 254
42 497
266 405
417 492
130 333
161 344
160 315
382 401
106 193
210 353
221 250
102 417
6 41
147 218
114 405
64 177
483 484
174 355
11 190
32 41
337 408
290 401
274 339
218 305
306 337
167 204
166 345
85 400
414 477
219 452
75 280
498 499
202 309
392 469
56 57
158 161
291 292
211 264
363 378
91 384
333 460
73 352
209 210
339 376
490 493
100 183
398 495
449 478
112 235
84 255
302 423
285 396
13 382
257 294
253 282
249 250
124 329
13 198
66 451
212 485
293 494
226 439
89 90
251 386
150 357
313 380
84 245
293 314
136 375
10 337
123 146
14 237
99 226
93 160
221 266
418 475
125 400
404 435
322 469
17 240
383 454
229 498
7 8
52 327
160 161
192 449
260 369
325 338
124 405
311 320
51 348
115 128
332 433
188 245
124 433
134 345
6 187
297 444
47 462
64 279
80 245
42 385
85 342
260 415
299 470
185 220
316 481
34 495
25 98
312 385
285 474
90 123
221 238
19 80
15 332
195 220
343 470
16 83
195 394
267 374
278 385
22 27
52 381
155 286
24 27
325 428
18 455
260 331
194 237
181 362
176 231
150 317
320 357
17 88
301 424
224 465
208 401
50 389
251 410
83 194
74 185
360 429
229 420
4 137
197 436
14 17
84 107
84 469
281 490
15 442
39 118
8 363
102 377
202 243
433 434
263 294
41 248
212 457
80 251
280 413
395 498
230 385
103 390
167 450
38 63
52 347
8 427
124 201
371 452
162 403
316 497
340 441
104 141
66 75
69 200
354 427
117 410
9 432
38 381
119 306
253 456
63 94
66 127
338 345
78 181
63 148
88 289
78 375
443 494
292 445
249 302
143 496
40 349
30 117
112 179
301 490
269 452
463 490
1 334
116 457
297 404
227 364
77 296
255 456
414 487
50 237
334 349
14 477
49 104
154 477
87 402
91 160
29 148
446 449
205 302
10 343
34 237
342 435
36 319
225 482
247 382
127 140
184 405
73 342
258 367
266 289
379 440
458 481
83 402
56 199
237 270
191 480
322 335
11 218
205 384
172 383
136 287
302 303
378 379
298 339
308 343
104 197
220 331
191 370
15 46
37 410
161 442
277 326
164 283
164 351
37 270
48 351
17 216
261 266
181 268
152 435
265 298
152 415
36 259
373 462
234 417
92 407
60 87
73 466
25 210
192 361
102 425
376 417
138 285
72 371
88 153
201 300
45 462
50 375
99 178
107 490
68 389
298 417
287 420
337 434
50 233
181 250
126 303
32 193
23 472
18 261
15 20
51 350
403 436
166 379
230 461
350 361
494 499
61 262
464 483
443 472
387 452
190 273
16 223
71 130
126 293
83 268
36 67
137 184
80 181
31 248
173 488
25 246
31 290
131 494
247 326
152 449
100 153
134 285
133 272
56 383
331 448
102 225
156 411
102 349
227 336
339 498
165 220
109 328
64 361
21 184
30 31
181 264
247 276
370 413
61 196
145 388
131 388
408 455
130 235
160 303
338 483
194 229
21 88
135 248
103 324
43 422
64 425
110 193
202 425
425 454
13 302
147 382
239 406
256 363
202 435
157 360
197 302
201 402
98 431
160 165
284 475
78 485
357 374
354 489
67 236
54 267
36 427
99 106
342 407
75 260
111 362
232 245
362 391
292 433
5 164
231 286
219 386
214 457
227 446
41 366
220 401
295 424
73 400
330 451
47 362
139 356
3 174
1 420
211 248
95 160
99 356
35 390
173 272
292 317
110 331
127 244
74 315
176 313
258 397
30 263
60 161
16 229
147 420
4 349
113 358
331 370
155 308
267 454
259 478
214 403
160 477
225 468
120 171
166 455
31 194
461 476
112 321
336 393
11 450
136 139
210 361
223 228
71 428
92 147
6 95
366 407
59 294
376 427
30 413
331 372
42 219
253 486
20 171
3 58
103 316
115 386
120 179
109 220
4 457
396 411
382 395
105 440
217 272
147 488
145 330
52 207
92 497
305 490
244 363
118 457
16 415
194 409
6 117
58 415
247 256
216 251
299 446
124 485
411 420
226 383
282 441
26 481
12 449
470 471
198 487
26 423
35 490
64 377
96 381
34 437
232 313
63 262
128 217
389 402
125 442
308 373
110 497
241 296
214 475
120 249
99 246
182 349
84 403
41 494
436 471
209 466
118 429
130 195
53 134
229 368
96 103
313 484
146 449
112 495
240 321
35 64
108 339
87 414
204 375
66 141
261 284
43 196
186 453
196 457
197 342
153 172
95 226
337 376
253 424
25 332
40 59
84 247
371 442
114 205
134 329
150 375
315 358
294 355
178 469
279 490
322 499
39 138
346 419
22 389
435 470
86 369
127 144
30 241
70 91
343 454
83 424
272 353
98 257
168 191
333 348
369 400
59 196
347 476
133 240
133 290
3 458
37 422
97 230
20 173
29 292
243 284
279 362
188 231
42 413
41 396
172 473
180 357
154 289
271 400
257 416
60 319
132 225
35 184
97 492
388 457
288 467
131 324
45 314
435 494
292 331
164 349
104 315
133 248
285 370
320 489
75 154
200 201
333 404
279 466
88 371
47 68
92 435
102 267
374 403
78 157
147 368
296 447
237 434
29 128
96 239
73 390
92 101
157 464
85 324
81 430
233 242
201 304
184 473
346 493
297 344
36 141
148 237
87 376
173 298
7 308
148 369
305 480
325 346
294 381
50 493
425 500
65 372
387 440
113 254
81 112
138 303
467 482
190 429
17 256
67 264
288 493
15 472
226 355
155 296
147 222
165 400
215 480
145 250
147 324
132 373
89 452
30 207
328 345
67 262
194 249
439 496
27 300
207 430
111 460
138 309
101 300
7 142
54 149
146 477
200 349
36 469
309 338
106 445
251 376
26 301
121 426
168 379
30 229
47 204
157 478
94 205
8 211
146 147
121 394
17 204
197 198
57 94
329 424
263 428
94 409
75 362
43 246
145 318
10 435
96 235
75 318
115 258
183 392
371 394
96 193
310 351
100 367
41 408
44 49
79 90
98 465
150 231
7 288
191 496
222 421
209 474
98 423
10 59
272 303
131 314
296 369
313 366
309 314
121 280
212 385
31 258
387 472
72 107
411 434
40 369
103 500
397 404
31 176
250 461
198 287
282 323
282 469
8 391
17 338
85 464
132 159
361 384
72 317
201 442
255 340
350 379
123 368
145 222
171 492
257 362
392 403
315 496
260 301
212 409
98 183
257 448
370 459
102 269
61 70
33 86
41 330
77 156
347 470
63 110
253 490
113 376
30 205
283 284
95 150
41 394
457 484
76 79
421 486
99 110
90 473
56 327
396 399
130 325
104 347
13 390
19 284
328 329
65 366
54 341
288 457
21 28
15 398
15 290
88 279
220 329
82 399
62 299
25 184
322 461
91 414
115 426
395 496
18 199
6 415
227 488
173 368
187 232
34 57
231 334
60 169
240 251
211 384
435 438
38 69
177 226
51 80
204 457
29 30
378 491
403 456
166 427
410 473
330 363
39 464
141 218
308 497
424 439
73 446
135 258
44 295
41 52
60 99
41 182
23 374
22 73
57 72
14 363
3 74
70 115
46 217
48 165
22 139
22 267
106 233
158 343
243 286
16 171
277 406
127 310
322 479
56 251
38 329
93 472
150 465
147 362
81 218
54 449
41 42
337 388
461 466
112 175
6 485
298 363
64 347
220 375
46 261
159 182
134 263
162 367
368 419
57 444
24 371
57 370
32 345
46 189
199 454
371 490
119 246
250 373
41 196
12 473
15 50
319 362
191 382
287 446
9 496
260 269
122 499
23 330
143 300
58 421
204 225
69 364
147 178
314 493
96 353
214 323
155 424
272 471
107 202
305 412
31 164
98 151
90 361
325 448
322 463
91 120
22 201
16 215
152 389
314 343
219 330
85 294
226 415
170 303
344 467
231 426
87 482
138 377
198 255
124 429
98 391
250 271
359 400
215 464
45 82
279 408
40 479
240 423
315 490
46 191
29 216
166 447
412 461
348 395
149 438
20 323
380 393
22 131
234 235
114 485
35 294
109 422
26 83
237 452
73 98
22 363
49 206
61 136
344 497
27 408
163 272
4 283
271 484
102 285
111 276
149 246
12 399
204 497
279 310
476 497
89 116
386 417
120 169
243 430
14 275
18 229
92 441
156 367
166 283
15 448
391 460
290 319
107 238
131 198
136 205
41 86
383 420
418 433
130 181
237 298
198 397
106 281
192 497
84 171
219 244
458 479
151 496
467 478
165 236
191 354
58 131
309 418
86 395
98 129
63 360
16 217
177 312
291 428
233 434
272 433
137 412
285 414
58 469
59 296
359 360
144 241
211 314
108 201
466 473
36 315
9 114
45 410
364 491
187 276
143 480
1 484
50 491
78 257
158 349
171 466
68 251
196 491
90 437
167 292
371 382
28 65
387 434
310 471
107 156
12 483
198 333
204 349
165 374
69 108
110 243
322 459
122 299
170 347
250 279
281 484
345 424
191 426
20 119
153 166
76 469
279 404
56 217
80 397
272 377
222 291
70 387
107 454
203 234
391 392
91 92
19 166
250 429
51 118
147 268
380 453
229 342
2 383
71 268
279 450
37 242
27 124
111 196
44 237
157 462
343 406
262 265
291 496
487 494
61 100
16 157
243 390
161 202
145 266
329 412
201 472
285 326
93 136
358 495
313 430
340 413
416 479
145 376
129 218
19 368
303 422
104 281
29 350
170 345
275 284
296 321
361 382
195 424
141 276
162 207
338 441
294 419
199 354
49 212
109 452
444 479
64 419
26 409
53 148
386 397
18 121
227 290
132 269
186 463
114 175
173 410
175 444
379 404
153 426
35 304
21 446
300 357
10 389
75 388
98 179
37 350
381 422
295 364
247 248
148 437
116 165
193 474
167 318
297 322
343 368
6 51
332 441
80 195
239 332
251 474
32 171
87 238
93 358
60 373
62 317
2 39
100 439
50 83
8 233
70 423
37 482
184 339
51 276
185 190
301 318
233 420
153 154
269 438
4 281
124 225
217 434
224 359
90 465
303 388
160 375
118 467
288 343
97 408
15 82
16 313
115 140
5 266
95 358
399 476
252 415
46 477
248 443
186 381
12 141
16 141
317 428
160 199
362 393
37 316
274 377
245 472
465 474
103 458
273 472
255 390
81 442
164 327
122 441
83 500
54 215
400 419
33 52
263 308
35 424
291 442
9 416
165 270
133 476
11 308
118 235
378 399
108 303
300 301
1 116
262 287
110 291
183 274
369 416
54 131
254 307
180 497
252 279
15 262
93 100
209 282
413 460
114 211
21 70
87 392
54 415
362 413
78 89
3 46
158 473
79 252
165 240
377 432
258 415
103 282
82 131
459 492
74 101
76 77
321 428
167 478
48 133
159 198
245 494
208 395
60 287
60 299
401 484
60 485
77 384
182 497
52 463
276 341
65 242
51 492
208 289
249 416
224 381
256 491
48 459
448 473
62 413
267 482
275 436
354 369
215 330
165 390
93 108
113 390
120 389
168 225
17 458
66 463
78 449
206 277
151 276
178 277
434 441
128 421
94 111
8 241
424 443
29 254
356 455
91 354
435 452
204 311
58 185
298 427
319 484
41 122
147 236
124 479
218 479
266 317
120 429
109 306
301 462
220 433
62 365
248 285
269 494
212 455
315 486
279 326
303 342
86 489
115 356
446 469
155 394
441 462
312 355
142 183
96 453
245 318
254 349
41 46
258 377
315 316
306 447
232 335
63 120
259 302
104 241
67 126
90 227
142 491
317 352
68 447
373 426
452 469
161 464
389 400
13 126
79 316
351 388
275 320
152 153
130 133
39 154
295 296
189 404
26 397
214 431
408 457
107 214
46 361
77 364
375 464
13 160
171 270
41 416
441 486
96 303
262 489
281 306
188 467
45 102
39 378
246 487
34 439
115 400
72 465
307 476
119 380
122 277
207 230
87 148
16 47
93 164
108 425
54 391
164 215
25 458
11 314
142 173
332 419
14 459
118 371
283 290
24 399
380 423
279 500
163 222
136 301
48 193
407 446
276 359
107 346
130 423
47 186
311 416
173 240
87 438
161 272
61 232
435 480
220 481
288 339
412 457
256 301
272 401
260 281
157 328
333 334
192 437
186 315
108 283
39 366
142 201
19 292
182 233
23 340
275 410
50 67
204 367
160 191
56 219
34 261
50 317
207 280
5 214
70 321
17 482
145 428
122 267
5 86
33 230
96 135
92 397
138 479
41 442
257 340
362 429
208 451
88 191
28 107
27 224
223 442
300 337
87 324
358 441
178 179
331 368
367 464
353 480
179 258
112 155
35 472
223 428
211 262
189 360
103 296
139 342
282 283
108 279
219 252
290 435
375 400
268 477
281 434
91 106
226 293
373 440
7 480
133 462
39 176
159 190
4 221
195 278
43 232
49 350
383 468
13 492
134 309
111 144
369 454
111 382
51 110
73 142
199 380
177 438
64 267
332 497
115 442
49 162
25 496
416 471
408 487
311 412
150 431
58 163
212 213
119 288
168 209
167 336
88 175
154 337
173 402
134 209
83 398
370 481
120 281
289 478
8 369
117 298
23 136
368 383
53 416
451 496
58 437
219 348
3 12
159 202
132 415
222 289
74 97
161 232
236 411
36 247
62 237
74 75
97 262
74 263
372 471
36 499
190 249
88 125
46 117
430 457
24 145
382 477
304 319
222 469
5 98
403 404
146 283
234 431
447 458
385 458
150 365
142 371
238 339
84 359
331 476
333 376
45 118
374 473
179 328
25 272
13 464
450 471
166 229
109 128
156 361
248 401
185 424
110 111
18 325
44 345
331 362
72 73
132 425
23 464
190 391
210 437
125 462
207 298
55 162
315 460
233 500
61 434
13 284
229 450
107 178
37 440
145 264
36 251
185 270
282 355
20 125
30 73
92 233
423 500
61 96
79 370
313 424
163 186
168 497
254 287
53 314
10 237
215 320
73 500
116 427
233 432
62 187
67 284
74 385
198 339
6 31
3 134
35 140
130 397
118 135
83 438
408 459
81 246
335 336
353 374
278 417
220 473
297 298
272 393
194 431
159 328
105 118
281 316
287 310
241 326
113 450
59 120
150 263
449 462
64 325
373 492
448 457
246 485
347 498
228 333
95 174
27 484
133 438
83 484
356 371
252 425
98 387
6 137
72 389
78 413
424 453
21 280
18 407
375 498
208 329
339 480
5 82
46 165
266 323
238 453
225 318
236 241
54 401
61 148
309 386
225 348
43 270
220 495
9 276
415 488
313 352
249 440
178 497
86 327
64 459
80 123
135 140
397 492
483 492
89 386
251 364
75 122
63 240
171 414
15 158
2 465
479 488
188 195
199 468
16 315
399 428
25 448
91 468
138 225
136 185
92 149
2 27
374 415
197 208
137 406
79 304
175 348
257 266
110 277
30 305
51 272
105 248
194 291
86 273
40 125
192 289
175 338
128 129
118 143
186 437
221 460
62 489
111 366
72 291
291 404
317 350
203 258
168 439
7 184
61 314
147 436
418 493
318 343
185 358
100 457
323 368
43 368
22 495
262 395
249 316
181 330
96 393
161 334
300 381
160 163
145 336
211 412
15 240
82 271
37 352
317 344
299 460
108 343
246 293
277 498
209 434
216 279
216 301
148 425
112 289
284 315
193 266
295 344
33 408
144 283
175 328
147 310
400 405
85 112
115 478
78 319
109 286
164 237
96 181
277 478
182 475
60 97
40 375
236 359
82 281
115 260
224 363
244 355
169 370
183 330
151 256
303 436
27 262
192 339
41 500
65 86
262 325
27 312
58 203
360 455
19 60
84 131
4 425
310 345
34 291
125 328
3 90
158 487
227 320
46 141
123 436
268 283
223 430
204 233
97 356
168 495
319 486
17 390
84 363
260 413
210 471
451 498
327 434
116 461
42 133
84 323
233 328
11 128
39 360
62 153
178 253
159 428
345 388
226 497
291 378
333 428
227 454
55 196
322 323
257 346
166 211
344 369
35 154
238 487
93 392
274 375
370 457
42 63
108 273
470 483
419 486
39 102
41 402
198 439
428 489
79 260
278 295
154 233
90 275
121 240
21 214
58 117
23 310
84 427
263 458
268 341
11 428
43 240
309 424
43 190
229 430
166 435
466 489
434 471
202 241
350 399
172 331
122 459
14 491
93 336
229 410
407 474
219 296
7 250
210 381
54 169
212 495
230 231
273 496
24 135
78 473
191 210
152 393
206 381
387 422
196 207
110 185
5 178
131 200
74 149
64 499
338 429
27 356
102 107
49 386
16 481
208 461
278 401
113 476
253 326
169 210
261 314
76 137
148 325
34 493
438 443
244 271
239 306
26 349
201 320
321 410
40 387
215 490
45 278
442 485
207 490
83 90
123 264
62 243
183 358
91 464
355 482
102 489
64 351
234 387
152 391
369 468
27 488
118 367
141 454
164 229
258 339
207 342
158 319
145 464
242 325
71 128
239 426
360 491
161 372
342 415
56 407
51 418
42 315
20 151
490 491
121 182
364 399
227 470
274 357
158 477
26 261
265 460
267 316
65 352
47 322
279 440
211 270
379 396
44 45
259 486
308 377
214 227
275 298
191 310
63 162
57 428
204 425
140 199
24 385
29 184
31 138
5 432
300 421
39 62
29 92
5 488
104 313
77 332
134 241
192 325
342 357
26 117
312 461
217 350
120 369
167 348
28 183
76 457
100 453
62 127
289 442
471 494
74 491
194 425
15 32
53 120
453 468
21 372
17 426
377 484
131 292
338 433
400 471
202 357
237 246
223 460
173 396
214 245
134 307
74 105
32 91
29 460
133 304
4 315
375 462
60 227
8 275
288 417
49 122
49 226
69 430
110 239
239 270
117 256
48 383
109 214
16 373
21 132
132 375
159 310
469 492
10 281
328 473
309 494
35 120
107 246
49 260
119 204
23 440
257 392
287 366
101 102
136 147
388 421
141 166
210 313
298 493
244 297
281 296
120 355
12 479
175 224
214 279
179 468
251 436
38 397
298 429
69 424
144 423
28 393
142 361
4 133
238 433
26 123
47 370
341 426
33 138
27 472
409 474
76 491
12 225
334 363
290 315
105 208
22 309
127 360
180 403
52 379
42 93
202 341
419 428
151 252
62 175
101 494
31 498
141 172
95 238
132 315
203 482
143 236
244 265
23 204
17 290
256 287
430 439
84 369
40 235
145 354
268 301
168 231
251 292
156 313
133 158
47 160
23 412
221 328
88 439
284 339
8 123
274 349
70 299
118 499
79 500
245 342
192 409
211 218
175 258
19 140
74 119
97 452
248 365
35 384
79 298
43 78
157 202
78 337
69 496
42 271
343 446
200 275
38 471
22 431
30 299
220 419
110 267
68 175
171 372
409 484
292 461
174 425
126 317
223 440
35 210
56 83
153 316
197 316
10 29
195 436
118 453
98 101
125 196
153 442
346 483
324 387
331 384
11 358
290 477
59 364
365 486
157 440
406 475
251 428
113 164
317 470
437 442
112 167
358 493
399 438
24 381
250 283
180 347
217 270
100 283
35 262
24 137
38 335
3 408
113 332
130 321
54 195
177 288
4 37
39 94
122 131
138 453
447 450
199 402
263 414
465 498
140 355
159 488
215 430
4 89
395 436
219 398
381 488
93 200
418 423
148 407
324 463
258 313
313 364
298 443
6 403
183 318
88 89
65 472
338 487
133 166
90 125
89 178
404 419
127 186
46 195
107 404
104 465
184 493
42 277
83 446
177 354
38 117
37 384
351 498
186 397
207 354
71 340
216 333
179 360
120 405
221 376
66 283
397 472
28 53
181 400
115 430
176 245
332 495
39 76
165 224
2 449
9 212
264 293
209 244
109 478
184 483
88 481
93 228
24 181
243 294
93 118
192 229
294 471
243 402
93 202
135 150
172 183
139 154
330 427
152 301
432 455
162 487
211 476
151 220
24 269
26 185
127 388
187 326
239 284
176 243
26 53
75 138
62 239
93 184
67 354
276 443
213 360
246 341
27 314
441 444
143 332
105 394
344 417
4 9
101 312
104 225
146 361
436 461
165 166
95 488
140 421
28 49
249 344
325 380
64 321
42 365
135 498
48 455
301 430
122 437
236 245
300 351
266 449
302 305
94 373
239 376
38 279
385 404
111 398
273 416
190 411
89 416
71 154
163 242
253 408
80 225
275 292
367 446
81 468
53 230
488 489
234 331
148 193
11 470
132 335
9 10
56 305
112 113
258 299
208 251
294 461
164 179
417 460
2 451
379 468
35 446
7 498
117 486
40 81
311 496
224 225
69 312
10 241
64 479
240 443
73 164
177 462
97 374
247 354
20 219
284 343
391 428
30 115
128 267
255 424
132 271
248 351
83 426
329 410
359 434
163 492
3 500
91 208
162 337
120 387
369 398
145 348
228 241
292 297
137 146
79 124
43 434
174 415
285 366
132 287
114 325
403 450
14 421
160 325
102 103
110 367
320 471
8 9
324 391
98 329
114 377
88 169
102 229
179 472
202 445
304 459
35 102
86 343
305 416
231 288
138 449
123 346
39 248
152 445
44 473
279 446
351 390
9 394
31 264
124 379
76 411
189 370
96 443
135 472
206 471
312 431
224 481
122 135
21 190
100 291
104 401
87 192
188 323
34 81
284 481
195 204
240 247
134 177
408 481
21 416
54 453
473 484
168 441
25 408
14 357
178 273
258 355
169 202
63 74
353 500
333 452
3 106
222 399
27 410
20 71
384 393
51 360
85 224
151 464
120 127
26 393
76 391
194 271
324 459
55 388
345 422
73 180
51 326
128 491
29 236
127 162
437 488
332 487
75 252
268 333
43 302
130 269
3 52
213 406
167 252
373 422
247 428
127 184
112 225
96 281
238 295
202 287
46 429
13 432
373 438
82 235
225 242
266 357
358 453
44 111
128 153
121 360
186 443
271 408
104 443
339 404
296 375
104 475
235 242
246 327
457 500
83 394
29 104
207 348
375 404
69 240
57 350
175 404
30 141
89 156
73 116
120 195
259 298
170 209
98 305
109 448
162 439
88 491
3 170
130 145
11 468
254 389
327 426
20 351
107 182
353 368
379 484
50 367
39 382
359 456
55 150
189 450
244 245
12 307
199 330
20 221
72 467
25 182
163 406
286 469
343 398
177 252
29 242
199 458
112 355
70 267
145 216
292 367
131 490
178 357
105 182
354 465
107 302
278 459
137 262
223 376
30 105
162 219
127 368
109 160
180 441
341 484
63 224
268 289
281 442
323 330
232 443
247 486
69 350
396 485
46 167
277 480
363 434
239 300
167 448
248 469
97 142
152 245
3 224
48 361
55 340
340 373
273 460
388 393
308 347
300 427
103 482
18 309
58 187
2 231
258 259
202 465
354 449
380 495
269 488
197 414
16 155
271 416
304 307
222 491
179 362
410 449
211 456
13 410
194 219
165 304
104 491
39 200
113 336
295 314
484 485
211 288
106 379
168 353
208 247
212 369
286 335
57 214
13 250
104 339
98 197
17 224
278 363
82 231
21 178
23 450
111 378
170 397
468 469
268 269
253 496
81 212
253 494
305 498
74 331
83 372
445 466
43 446
126 247
126 473
159 324
51 424
100 163
282 447
140 445
14 139
406 449
150 411
107 176
216 443
143 408
67 246
233 496
297 310
352 445
171 478
284 325
50 339
42 49
376 465
255 260
240 313
337 412
1 280
201 288
152 409
153 416
73 258
367 384
184 395
378 393
190 415
307 410
329 440
50 97
230 283
357 394
215 216
310 481
161 164
373 384
267 452
329 406
59 304
167 172
75 344
280 417
173 244
252 347
36 261
312 327
49 168
92 139
314 399
25 276
122 125
17 278
35 416
143 492
99 324
53 234
17 184
92 495
208 209
66 353
66 321
188 251
299 362
212 481
107 398
153 336
22 307
2 293
15 62
358 371
88 381
149 242
23 402
178 221
410 475
107 492
312 449
93 96
68 147
135 242
168 327
31 438
273 346
191 432
106 119
9 312
7 438
261 396
31 232
335 348
90 407
141 272
53 482
175 188
305 468
89 182
30 209
284 291
182 331
326 419
5 272
60 107
335 496
329 452
338 419
127 410
296 457
11 110
72 325
290 429
65 204
64 137
244 423
88 171
88 221
344 363
232 481
106 341
266 335
225 456
80 121
206 265
60 355
176 371
66 151
30 417
13 358
456 457
3 138
67 454
80 233
18 185
8 295
72 433
309 486
163 258
352 483
3 64
206 287
245 348
210 427
103 430
249 426
6 93
230 419
372 421
198 325
372 405
245 360
33 200
329 360
97 386
75 312
255 480
305 386
353 376
140 195
87 336
12 133
33 500
377 470
41 76
264 399
114 239
178 393
13 90
300 445
353 454
79 400
222 281
163 476
23 288
82 367
180 189
342 425
229 422
12 191
283 500
29 272
19 30
62 193
55 158
286 311
409 472
73 324
338 475
96 413
44 69
383 470
120 271
238 445
423 494
74 279
406 477
121 122
20 29
324 479
383 412
21 490
428 473
140 441
88 475
282 487
88 411
25 214
222 381
177 248
62 87
80 345
420 471
19 100
173 344
267 458
152 203
214 223
15 274
61 222
365 410
46 233
102 401
292 381
459 476
131 402
6 23
131 178
208 417
172 277
8 401
61 452
159 332
60 367
216 239
85 352
3 392
308 475
37 402
179 404
413 484
20 429
59 432
110 387
149 182
18 41
14 219
216 457
82 431
84 197
154 459
174 429
168 409
59 484
283 354
106 163
173 302
81 500
265 478
127 262
292 499
311 426
154 443
249 342
45 328
111 272
181 246
40 107
208 317
56 141
64 331
171 336
347 358
196 249
245 404
86 267
254 359
73 314
159 170
181 186
392 401
23 352
15 230
57 128
13 108
87 374
223 444
252 447
235 396
432 441
320 499
343 466
126 235
78 147
21 168
418 465
55 286
283 296
419 500
228 307
322 345
253 400
117 142
86 381
287 288
192 473
144 455
244 471
6 237
154 333
80 85
199 206
53 102
186 391
12 321
52 331
105 156
169 190
102 345
375 376
100 149
288 481
370 479
274 373
371 406
314 341
11 360
98 115
123 254
65 192
160 411
270 305
40 277
23 252
87 308
221 448
149 418
61 284
479 480
117 354
151 352
15 402
228 313
62 417
98 157
260 401
116 181
42 353
153 432
83 132
75 180
340 445
374 465
47 268
199 382
75 140
69 260
18 267
83 408
86 271
131 280
116 479
305 466
306 435
165 286
113 460
195 298
270 445
21 198
25 170
330 333
130 229
55 284
13 484
141 374
411 438
258 375
52 329
183 414
57 386
84 283
39 336
233 352
88 477
211 488
93 170
429 430
427 496
8 283
35 132
51 330
165 426
328 387
57 150
47 212
342 499
129 418
124 353
332 453
248 315
386 399
161 376
31 86
29 336
55 420
24 253
94 171
105 398
46 85
5 396
374 375
161 266
211 302
71 218
201 328
35 286
213 358
364 475
200 405
114 235
113 498
106 231
462 479
445 464
33 34
110 147
111 182
92 485
288 415
24 239
20 461
234 357
135 214
58 331
123 138
322 329
21 324
225 374
180 419
262 347
58 293
154 491
36 445
211 226
439 498
42 225
365 460
342 463
71 326
195 248
339 346
60 71
204 371
351 444
42 281
112 397
353 462
178 257
246 383
173 332
38 207
171 412
85 180
46 211
94 385
234 485
174 485
107 242
89 266
409 464
279 476
354 401
3 306
1 52
80 81
12 423
257 332
67 470
180 245
222 225
52 357
201 464
245 246
108 355
302 487
164 443
16 41
145 242
273 422
140 161
7 36
76 261
423 478
4 149
74 449
309 416
82 233
15 78
306 343
26 95
62 435
68 299
294 337
181 478
378 441
24 407
340 431
152 405
249 288
59 272
70 287
256 369
44 455
121 172
169 448
247 416
397 430
172 219
277 358
213 348
124 237
27 386
9 426
160 313
448 449
73 248
186 287
156 369
90 467
246 361
447 482
216 267
88 455
130 313
179 452
437 480
299 310
19 460
22 203
478 495
28 277
99 136
194 231
402 481
270 481
151 188
201 496
196 479
8 351
427 490
134 257
131 176
75 76
127 364
4 175
196 493
11 206
255 354
397 422
307 470
44 417
241 388
115 124
214 253
34 143
75 470
75 222
136 141
4 379
37 114
146 291
199 384
79 330
121 142
8 69
122 233
360 489
77 420
161 246
441 442
71 302
200 321
19 148
81 474
163 466
354 365
217 296
85 202
269 288
76 445
8 487
98 165
115 412
236 259
19 418
62 451
62 125
109 158
155 282
64 251
457 486
157 262
108 179
287 416
197 468
265 474
242 339
67 240
34 279
146 153
233 454
169 252
449 454
78 329
75 288
182 219
377 444
211 394
163 318
412 485
92 491
37 220
302 335
45 498
112 335
296 313
91 226
26 69
99 282
391 424
122 225
38 389
3 210
36 175
39 386
426 439
169 320
278 479
289 424
34 253
107 452
115 290
41 98
43 86
146 183
86 487
73 262
155 460
7 292
124 169
94 279
278 393
23 448
242 451
266 411
304 331
380 455
26 363
13 330
84 495
120 343
15 144
67 380
193 394
2 347
223 426
201 396
250 275
243 244
105 274
57 208
262 473
175 200
73 356
19 486
172 357
77 464
434 467
136 173
369 492
186 409
188 437
345 434
115 212
151 420
381 436
43 256
281 360
29 420
329 458
94 337
150 341
83 460
63 204
139 348
43 108
92 275
8 281
248 259
258 495
148 239
136 171
9 78
270 405
6 405
204 387
121 418
159 452
314 425
26 81
292 389
150 283
57 318
42 403
38 133
176 275
54 103
99 126
196 393
243 260
406 499
24 277
32 145
400 493
145 436
166 225
426 477
194 447
279 442
379 410
333 474
364 383
192 299
275 302
193 470
54 73
131 288
93 402
149 238
94 309
405 478
65 342
251 426
71 328
146 411
283 360
193 484
323 460
195 460
5 278
132 349
284 285
145 270
289 460
158 243
37 108
142 351
227 326
241 476
386 447
124 297
270 275
102 461
25 360
54 281
8 489
178 285
338 339
276 333
51 284
260 339
110 489
182 259
126 359
72 469
447 448
131 472
313 354
412 477
426 493
391 486
100 447
57 452
447 490
139 302
169 386
371 448
25 248
142 167
12 251
96 117
111 208
402 431
229 280
139 376
65 124
18 235
8 143
66 67
62 347
208 301
391 396
422 465
298 341
252 483
92 443
165 394
84 277
62 453
136 181
5 378
105 140
283 374
357 458
368 369
156 217
129 472
411 468
301 334
34 271
189 240
181 368
351 404
384 431
320 355
435 436
71 402
136 197
304 481
83 334
53 282
158 167
94 121
104 261
350 465
21 224
107 294
12 145
55 338
41 102
142 215
45 378
85 268
187 294
206 473
134 255
160 233
134 415
347 394
408 447
439 474
60 391
272 357
235 340
57 70
278 321
262 475
67 142
269 300
161 416
349 424
82 463
159 212
95 176
104 231
65 410
179 254
61 368
427 438
270 457
130 279
205 346
206 365
50 115
93 310
141 378
243 316
95 402
97 316
205 424
332 371
89 488
138 293
316 381
139 196
181 464
3 440
136 157
70 319
237 430
230 367
89 292
328 409
70 315
321 402
147 456
10 13
3 10
417 418
314 369
37 456
155 240
176 487
112 131
293 308
33 412
346 463
112 499
278 381
94 209
187 224
230 303
53 100
214 423
233 326
32 69
359 476
170 355
351 496
190 489
126 319
14 15
223 224
92 93
72 321
9 170
101 116
312 469
451 474
375 490
142 187
53 356
271 316
159 364
121 152
101 112
437 490
197 422
202 315
81 126
115 172
171 494
96 435
144 381
53 348
236 493
162 411
82 459
238 447
383 464
2 243
375 494
209 322
184 243
133 252
83 428
239 272
38 425
255 294
266 301
76 117
182 327
178 321
21 124
43 80
212 333
49 156
130 481
30 393
191 424
13 74
215 374
57 342
355 446
425 458
129 210
10 187
105 262
203 314
104 391
149 236
114 251
260 481
274 435
96 97
99 344
361 458
223 438
155 400
280 301
206 319
87 204
126 443
50 195
285 434
254 353
5 16
345 372
416 495
58 247
234 421
258 341
109 464
99 166
280 335
217 392
264 439
49 378
16 115
86 477
57 126
341 354
305 380
35 244
362 377
58 157
360 437
71 396
66 135
58 193
10 203
32 371
53 300
94 211
335 394
116 477
197 448
131 440
43 72
129 384
433 478
74 379
149 422
44 421
187 190
18 53
137 174
425 472
170 365
213 396
16 191
58 243
131 272
301 310
223 318
125 238
14 145
25 110
157 356
137 464
19 116
262 333
18 141
75 464
327 370
409 416
386 449
279 298
142 243
211 284
164 331
5 198
121 494
269 442
307 348
222 313
181 462
163 326
97 98
200 457
160 419
30 309
124 349
101 370
140 497
355 406
375 482
156 493
118 213
347 460
347 432
192 327
10 231
37 286
1 396
29 122
130 341
272 337
262 463
20 227
104 437
16 397
53 500
294 413
133 312
17 254
81 132
263 450
207 364
207 422
191 230
341 488
304 373
253 360
109 176
239 446
343 396
92 431
143 278
124 431
422 471
116 363
456 483
399 460
100 409
330 353
484 489
150 239
411 470
86 165
170 205
27 328
100 131
191 216
153 196
65 272
281 450
449 474
120 457
41 326
379 402
121 322
424 465
295 360
38 129
81 144
323 468
31 412
91 428
185 354
5 248
126 133
218 423
45 74
44 299
414 449
79 352
24 329
231 290
125 274
251 338
229 334
215 378
263 438
36 385
67 428
172 259
106 419
51 56
42 197
24 473
42 157
304 441
288 321
103 404
424 479
105 144
299 300
174 447
496 497
132 457
91 116
118 325
1 154
392 411
134 433
112 197
16 423
174 197
66 441
424 425
301 470
339 360
95 266
48 51
250 329
174 177
12 405
33 72
157 398
150 193
137 418
294 303
290 313
97 380
373 430
105 454
213 364
39 358
200 377
95 482
179 494
21 34
70 389
28 301
194 389
27 406
6 489
95 244
304 435
8 67
16 383
37 178
255 378
80 301
98 471
46 373
229 246
31 130
380 485
195 214
277 278
356 359
140 141
398 481
22 57
192 359
65 378
373 398
64 441
355 434
329 396
467 488
253 358
82 267
264 325
302 349
24 259
28 421
5 344
122 375
353 474
222 415
212 323
55 500
274 453
6 371
58 151
142 447
4 15
93 198
45 488
197 354
322 379
179 474
54 337
140 413
381 454
258 303
162 233
229 344
151 326
206 291
250 399
227 438
298 421
209 372
14 455
164 189
344 487
47 472
14 225
22 247
185 392
93 408
310 405
190 477
53 422
358 465
141 376
177 366
132 319
228 263
256 347
304 447
153 266
433 442
148 255
161 300
123 388
14 151
37 380
213 284
25 168
203 422
164 261
98 227
33 110
68 489
147 318
320 359
73 184
49 368
72 245
204 265
43 208
30 143
341 374
132 407
72 191
119 122
170 197
107 264
153 386
130 299
258 419
193 468
35 240
366 421
249 396
91 110
207 352
173 180
48 135
169 484
91 200
371 390
14 81
181 388
149 150
187 206
18 363
27 274
316 389
192 467
185 236
388 485
341 356
95 280
256 295
144 333
46 481
317 388
295 472
59 352
343 422
217 418
122 235
158 447
16 165
106 429
20 155
55 404
216 229
135 364
207 402
397 452
176 233
28 489
301 474
33 340
57 270
55 494
271 382
262 307
91 344
52 205
128 187
134 247
72 219
112 205
54 107
71 110
326 399
399 424
32 293
54 91
153 176
178 333
100 317
57 68
302 459
29 212
295 354
55 480
148 349
421 434
455 494
231 500
27 196
128 321
7 210
63 260
284 289
70 213
65 488
394 433
285 320
198 275
143 356
63 216
221 434
143 378
24 433
301 500
16 31
106 209
356 453
388 451
185 194
87 188
12 175
281 396
3 290
74 255
271 478
105 424
166 483
145 212
77 90
213 244
324 425
65 150
35 328
129 248
126 263
272 291
275 452
73 456
105 230
210 221
63 382
58 127
252 349
21 274
355 382
296 413
71 466
370 415
72 175
249 404
331 358
413 424
168 299
355 366
85 142
246 405
226 261
69 96
41 160
258 477
110 401
482 499
168 195
179 408
153 492
196 229
198 355
140 251
117 160
54 259
265 436
82 483
4 79
78 271
141 290
96 475
66 375
78 193
29 118
70 103
220 297
304 305
148 307
38 139
148 399
197 242
291 298
97 346
350 473
9 266
311 336
137 350
99 158
320 429
198 393
347 406
160 469
142 323
301 320
69 182
109 222
10 71
167 386
89 442
69 100
55 398
146 499
50 457
313 326
396 435
23 94
40 57
285 286
403 462
99 444
163 196
245 386
114 117
44 437
404 405
61 322
221 300
255 396
32 71
113 240
91 232
145 240
239 324
40 427
387 390
485 486
127 214
360 463
200 393
166 315
380 417
302 477
363 386
212 279
26 395
33 106
78 267
130 207
330 477
129 252
267 388
33 102
23 232
209 214
228 479
188 253
75 392
413 464
97 418
105 368
10 161
357 426
174 431
349 386
101 418
192 421
28 131
71 158
42 105
179 220
137 290
70 145
255 364
294 485
82 201
245 478
45 370
295 464
372 495
335 360
101 206
23 362
161 302
311 368
320 345
163 430
274 385
119 316
200 433
59 198
429 478
111 282
355 424
27 252
164 247
82 289
1 42
294 295
230 243
17 102
112 449
264 351
2 287
7 424
157 198
203 204
226 269
76 135
77 78
243 472
3 318
10 447
101 298
242 271
41 488
225 402
8 319
155 310
137 440
41 310
133 486
316 331
13 466
391 414
78 113
113 276
256 371
326 383
42 405
200 477
26 207
200 249
418 437
227 354
106 403
283 378
114 127
38 261
56 431
16 285
436 481
156 289
330 441
67 182
20 41
29 82
89 496
35 114
121 374
90 359
222 481
464 479
296 393
480 493
27 470
48 447
492 495
86 275
317 488
36 275
365 466
157 390
89 126
348 371
14 35
96 175
275 420
294 377
212 383
33 260
356 465
245 268
112 291
259 280
156 425
162 267
58 169
252 463
5 18
110 457
44 229
134 325
75 424
185 230
70 177
259 292
136 459
197 330
93 382
154 435
262 353
373 472
74 445
191 448
24 497
75 446
175 462
124 373
157 158
84 381
16 221
120 211
26 305
153 304
86 421
44 251
397 398
54 411
282 445
8 167
108 203
167 228
194 305
16 167
214 367
184 379
263 264
135 402
161 182
76 203
130 497
225 378
392 433
345 348
234 463
369 430
251 454
258 393
212 435
337 488
271 474
85 368
23 322
130 413
44 171
10 157
72 115
229 320
149 212
280 281
143 210
393 446
191 340
126 381
382 449
257 258
395 464
281 426
4 441
8 61
235 282
283 400
252 365
269 482
216 281
43 140
169 244
111 112
71 240
175 358
95 168
103 188
370 469
102 155
41 372
155 492
81 380
255 386
189 362
254 317
99 416
271 330
262 315
217 404
97 274
8 471
463 474
110 137
160 357
81 224
35 382
29 256
263 494
169 200
3 456
306 307
334 445
44 419
69 416
82 219
315 374
73 478
13 226
313 350
43 468
304 375
180 313
50 167
6 343
267 302
140 271
121 382
330 445
219 458
112 433
42 335
62 103
201 202
116 125
65 168
408 415
44 205
348 375
282 305
90 315
139 478
333 364
440 451
242 465
81 400
399 402
262 439
224 265
113 340
390 397
146 163
15 488
133 182
208 245
32 307
384 485
65 268
122 251
48 325
180 411
236 487
191 302
66 181
404 473
116 121
325 408
41 496
228 239
171 498
57 332
272 413
82 473
212 247
20 107
106 339
349 474
110 215
237 446
6 419
6 379
45 270
361 470
25 330
174 451
9 270
115 320
378 425
50 395
122 341
76 357
348 415
180 395
61 82
277 488
295 384
34 249
41 312
23 32
19 356
35 250
69 98
32 45
10 345
119 142
139 158
174 223
1 204
121 132
183 386
210 213
165 454
408 423
243 422
41 222
182 341
88 259
88 441
98 213
27 140
41 204
129 378
340 447
194 439
117 180
113 346
58 483
21 150
143 348
251 290
360 465
156 433
233 428
29 90
61 328
125 132
53 64
345 350
28 447
150 297
324 343
107 400
145 276
6 207
164 241
206 207
176 267
24 211
271 492
430 481
297 362
101 346
36 235
209 340
167 240
483 490
218 363
34 213
39 156
142 411
344 379
218 417
61 302
197 224
224 383
159 208
28 479
189 272
208 491
253 332
294 433
191 254
274 337
141 418
333 482
36 215
369 420
88 217
53 222
74 103
96 289
384 411
428 459
273 450
15 436
10 227
244 411
90 99
304 329
275 398
82 441
218 459
177 262
50 443
382 425
211 212
168 233
178 385
329 380
240 485
77 252
148 327
169 338
351 434
388 389
3 186
259 492
114 353
283 420
197 214
241 342
12 211
162 493
110 409
79 414
115 198
122 185
162 341
80 467
9 280
170 239
84 329
159 472
310 317
35 52
106 495
373 466
241 282
132 257
374 389
133 226
341 468
341 486
59 244
88 139
68 189
81 426
208 399
216 433
11 64
45 240
203 410
24 71
344 357
220 347
165 408
101 308
461 462
37 478
213 446
144 157
114 335
70 491
18 111
227 406
201 318
14 83
132 157
4 105
1 70
107 236
238 239
36 171
144 237
213 488
242 487
209 252
88 249
228 381
14 467
70 379
180 327
131 434
3 178
203 226
165 328
245 376
281 418
90 133
91 434
62 443
250 387
81 334
111 358
285 458
76 447
223 482
19 324
77 224
34 315
4 181
149 228
236 323
210 339
244 313
472 495
158 233
7 114
131 454
344 485
327 486
95 132
10 31
85 488
25 426
245 476
6 407
379 392
91 348
107 260
41 336
147 426
12 189
4 479
58 287
103 490
22 149
131 194
119 152
324 445
153 460
214 353
146 205
275 472
70 361
229 310
156 413
148 381
70 143
265 366
132 303
481 496
335 452
8 341
130 473
37 110
108 383
252 285
200 337
77 462
10 365
94 221
46 155
43 212
43 156
251 476
186 187
34 273
3 144
219 374
98 421
357 476
354 417
262 399
20 141
96 171
164 275
189 398
259 494
188 423
6 189
47 464
105 344
282 285
272 405
98 279
345 362
40 343
182 481
25 198
67 80
37 284
1 228
112 199
110 371
286 359
38 235
81 390
166 391
111 446
23 218
221 400
5 478
187 486
79 382
162 315
8 495
103 266
207 450
264 317
318 473
406 419
50 133
54 127
234 435
350 351
158 495
32 347
92 213
7 132
391 448
137 432
259 338
6 449
169 328
310 497
130 251
73 272
177 466
41 298
39 322
146 297
233 386
50 101
26 273
173 434
224 417
43 138
378 397
26 297
153 438
174 245
330 379
469 470
189 386
269 310
35 236
162 225
19 28
186 367
213 494
280 325
183 340
205 356
244 437
261 350
130 309
174 375
284 333
192 275
13 300
350 481
23 176
208 273
101 320
207 252
302 497
195 336
426 451
135 136
145 164
360 457
42 137
83 328
86 337
14 175
144 153
312 357
18 45
12 85
270 273
438 455
319 320
148 187
256 305
407 476
266 313
208 279
123 244
218 293
371 408
126 375
29 106
30 151
12 125
30 251
181 376
23 106
10 27
73 274
99 436
392 417
218 391
212 365
165 354
157 264
175 264
92 421
229 382
453 470
112 359
78 393
206 345
8 311
435 484
167 312
301 352
237 384
206 477
151 482
290 331
304 471
260 385
72 409
307 400
131 152
401 470
82 125
49 280
164 273
66 301
65 388
205 216
239 302
307 382
251 398
37 230
30 355
68 423
470 489
66 387
246 413
78 249
265 304
143 396
125 404
187 416
49 326
118 419
192 331
160 241
93 350
126 215
179 370
53 434
317 368
106 299
48 297
137 206
86 145
75 390
159 298
152 157
2 469
409 492
260 357
194 455
131 450
78 407
83 414
115 120
121 500
343 424
95 388
347 384
89 132
394 487
294 323
285 356
92 379
219 440
181 280
197 296
59 236
96 205
249 338
276 401
102 351
430 449
244 295
10 117
94 123
449 476
59 436
123 424
331 452
59 384
346 371
267 356
99 238
83 84
285 290
312 351
171 460
235 400
201 422
84 473
237 242
97 300
175 448
263 280
188 409
180 305
13 60
164 299
10 473
116 469
155 350
336 367
80 155
275 294
222 241
352 383
95 366
5 60
300 311
16 71
170 171
64 393
114 217
464 475
57 348
173 262
142 345
203 366
77 166
118 497
203 460
80 327
177 218
192 455
181 238
106 367
41 422
203 448
79 418
128 361
118 479
65 96
1 458
67 74
98 477
48 411
252 441
89 270
60 79
385 466
296 383
161 224
213 272
84 453
3 198
2 421
88 207
202 293
162 199
316 493
190 383
41 112
350 365
151 236
320 413
179 492
160 331
218 337
284 355
42 407
256 257
383 430
166 415
25 476
82 291
74 391
464 467
31 310
33 224
362 409
276 429
223 326
36 113
265 466
22 133
48 489
96 265
128 265
161 432
144 395
73 102
206 367
142 317
36 57
147 210
342 451
28 147
297 424
32 115
329 390
120 401
254 255
49 62
211 438
262 451
216 273
170 193
31 276
123 366
444 465
305 388
272 487
59 430
73 174
12 33
473 474
11 256
198 371
61 250
80 105
172 349
365 462
233 270
83 196
109 140
220 341
96 457
102 483
385 474
413 468
96 145
121 298
266 491
238 379
40 391
189 248
117 464
7 18
61 464
315 330
177 244
27 84
37 340
203 434
53 396
138 359
202 379
66 109
31 68
149 252
191 284
186 407
55 154
292 395
39 254
116 381
249 290
332 445
346 417
94 137
363 416
28 109
112 121
266 417
340 491
278 299
145 214
14 177
276 365
210 227
338 407
101 160
216 335
1 176
244 489
145 370
363 380
128 345
143 262
53 246
229 476
73 188
379 470
165 280
231 248
221 308
293 364
375 396
276 371
83 310
240 363
7 248
251 252
94 491
102 243
312 377
253 308
5 398
417 454
110 477
150 477
92 341
323 426
173 492
318 437
235 412
53 494
221 276
70 357
58 61
117 500
209 298
5 228
51 88
232 423
12 59
289 346
76 425
191 288
141 326
150 315
287 482
332 423
72 247
146 495
218 483
170 299
195 378
411 456
317 376
12 253
263 460
182 289
252 495
14 193
329 442
192 383
361 390
231 484
78 111
47 460
56 395
3 168
115 166
71 356
19 350
272 455
126 419
64 103
206 481
232 285
294 345
147 482
318 491
179 496
10 61
131 430
127 432
107 120
110 297
134 159
98 239
341 394
7 90
331 336
252 471
184 225
251 320
227 248
259 294
408 433
122 293
203 266
188 379
104 497
73 384
221 260
122 475
131 404
25 430
429 470
154 389
100 211
253 372
204 453
51 464
443 464
281 308
55 426
40 319
136 215
319 390
142 153
117 208
390 435
155 368
196 417
75 410
192 283
150 343
212 259
5 416
43 248
91 398
180 241
344 427
46 475
330 373
135 440
20 387
101 448
182 429
60 163
141 474
15 222
28 295
322 419
327 380
267 366
228 469
107 498
417 420
33 406
82 303
295 454
31 482
114 135
291 316
239 444
201 466
167 470
79 198
203 236
86 113
8 405
38 95
285 364
152 499
338 415
154 211
54 425
162 167
51 264
6 199
208 489
282 477
35 404
50 205
354 395
145 412
49 480
39 332
192 397
72 193
13 14
15 110
145 226
206 239
104 137
75 164
147 180
272 437
119 150
71 260
26 267
12 41
4 403
157 196
3 308
320 377
20 37
324 369
185 198
432 445
29 390
345 416
43 470
298 383
148 333
89 172
105 108
303 446
136 465
173 182
50 413
257 478
216 411
203 436
308 437
68 429
353 470
166 439
60 421
181 266
219 500
150 163
9 434
202 403
301 456
102 371
103 396
248 383
194 391
114 287
210 257
52 441
124 261
371 492
45 484
374 481
405 440
135 418
204 267
45 224
29 112
177 468
73 470
36 263
315 436
25 134
43 244
73 366
225 438
273 368
61 106
394 417
126 441
287 334
55 116
120 309
61 62
147 358
26 115
52 471
259 276
89 136
344 445
298 461
351 372
162 375
339 344
77 342
278 305
48 399
425 464
443 444
14 75
429 486
28 37
52 53
50 263
38 435
150 271
91 172
99 118
160 421
261 262
5 194
38 197
27 496
62 449
40 311
92 309
156 273
120 187
29 198
240 353
143 466
77 388
16 265
181 222
365 394
90 487
86 457
307 422
295 390
151 340
289 370
226 397
94 431
120 253
191 192
235 294
257 454
322 429
368 481
369 496
255 400
112 277
129 142
119 170
433 446
164 481
190 293
54 263
270 497
84 285
314 325
63 218
11 278
70 149
464 471
29 200
84 265
385 490
217 354
76 255
69 466
107 288
164 217
133 324
222 227
355 484
115 338
150 371
5 342
148 231
235 456
144 199
196 391
47 438
103 268
64 71
5 490
42 415
79 104
381 412
133 442
53 478
306 321
307 388
121 176
217 472
86 285
164 421
72 361
346 411
233 284
172 287
331 460
71 462
38 427
245 298
111 422
19 474
243 388
196 499
240 369
15 420
128 281
138 471
320 321
392 487
59 360
174 439
52 55
38 93
390 415
37 198
401 410
27 394
93 416
181 288
480 481
111 274
118 225
155 444
88 243
173 192
116 293
60 247
35 222
5 190
70 189
61 352
118 395
104 389
270 389
100 265
315 324
117 194
290 311
129 440
97 164
61 480
228 259
145 490
210 223
31 378
274 465
384 419
217 240
352 353
218 443
450 485
407 480
73 468
218 399
168 245
48 439
241 396
45 112
343 486
286 321
448 483
65 270
131 132
140 277
237 438
2 73
129 288
254 429
393 454
47 286
310 311
39 342
352 457
199 294
213 452
333 454
265 388
172 471
263 374
184 289
190 449
76 413
126 291
88 159
58 447
23 114
183 442
19 168
17 452
297 370
176 333
34 401
141 470
163 278
44 217
74 265
49 358
105 452
4 109
380 433
66 303
117 212
235 302
361 486
175 432
113 350
36 75
24 101
321 322
108 189
79 206
241 344
408 439
42 329
383 494
212 233
24 149
293 326
4 29
227 464
78 457
25 366
168 467
240 361
91 174
186 441
340 383
229 230
289 354
123 492
268 381
115 374
377 384
137 448
55 178
110 499
16 45
180 181
88 145
261 294
456 489
226 359
93 486
385 470
290 293
214 407
163 178
67 422
102 173
217 496
278 291
249 460
59 472
167 314
388 479
166 337
336 347
358 489
326 439
97 202
361 460
245 492
112 209
242 329
262 317
228 379
343 364
464 487
77 136
97 144
67 160
44 315
178 441
459 460
209 408
154 313
176 365
198 237
242 319
356 423
84 195
35 124
367 484
263 340
257 270
5 252
112 249
76 83
277 338
101 408
67 210
243 442
12 393
243 378
293 390
207 346
184 455
172 453
262 345
295 332
261 430
25 82
203 330
105 244
78 475
16 333
88 471
287 352
52 227
136 175
186 405
323 414
263 448
244 487
425 436
206 369
127 420
283 426
141 480
142 143
117 178
354 359
281 362
238 441
268 375
348 453
70 81
287 360
276 393
254 357
248 277
2 281
147 174
103 166
7 420
129 448
212 215
332 425
14 109
246 395
74 247
113 406
166 179
337 454
372 373
88 197
172 201
316 473
147 286
163 392
452 455
361 362
304 451
223 406
248 431
298 435
46 201
63 198
64 455
359 436
48 247
103 280
287 462
208 397
116 199
53 296
12 239
41 388
312 389
136 437
280 351
4 63
438 465
216 447
8 147
24 285
121 428
175 208
99 350
432 485
158 379
363 440
365 380
368 435
91 266
162 471
55 304
274 309
352 407
216 393
65 294
325 404
104 161
184 351
115 396
77 330
259 260
164 359
273 276
115 402
95 178
228 297
35 278
146 149
87 406
127 456
251 422
105 254
4 143
83 206
145 478
168 169
175 488
149 160
126 127
197 244
398 489
191 226
172 299
186 243
40 317
213 398
59 140
334 417
88 461
103 140
383 476
370 371
346 347
331 406
280 397
164 435
39 40
304 455
144 269
165 276
199 238
8 261
212 475
55 156
253 468
474 479
1 20
81 90
30 365
6 451
157 218
327 464
185 398
226 375
302 431
88 313
246 481
134 139
220 353
6 139
424 445
389 478
111 152
330 493
67 382
221 398
22 287
327 398
85 138
91 370
340 423
152 201
56 201
19 268
95 406
71 140
169 452
29 318
272 319
90 493
86 149
229 284
189 278
332 335
131 492
81 460
138 165
120 385
47 412
194 195
194 309
158 275
179 216
27 80
108 387
135 226
71 456
121 164
139 398
100 363
211 444
266 495
358 359
10 57
85 374
201 478
55 334
68 427
255 392
146 231
416 491
277 492
24 457
482 483
106 333
110 485
131 208
184 427
71 226
90 105
314 465
44 343
7 362
56 369
13 110
107 158
7 318
6 49
78 495
146 473
100 313
18 237
452 475
384 465
53 262
75 372
168 189
149 152
213 414
133 154
155 294
11 500
99 358
68 95
94 239
192 243
214 335
201 492
254 419
99 216
76 423
200 469
276 313
35 452
402 489
125 480
55 358
146 467
16 109
49 374
26 365
60 275
191 204
343 344
47 430
259 450
23 160
53 374
46 345
79 452
226 487
192 291
216 463
55 172
83 270
22 303
102 199
34 125
38 255
112 403
12 279
83 308
129 432
369 374
144 321
69 348
162 465
121 408
56 239
68 185
250 457
90 157
29 442
128 235
94 403
16 381
265 330
313 318
51 66
70 469
1 2
30 77
206 219
229 256
310 429
27 264
396 401
412 483
217 348
238 263
74 281
1 310
255 484
58 97
17 38
83 176
320 447
214 333
306 353
105 450
37 472
279 472
440 453
155 402
102 301
164 187
183 498
223 490
348 457
95 304
130 289
36 353
64 203
85 156
39 302
27 260
180 261
82 407
331 444
152 311
68 113
201 326
24 349
111 456
411 452
110 199
196 335
40 41
196 485
401 464
439 488
172 451
162 437
266 393
49 414
21 206
27 120
210 419
280 437
48 101
29 206
196 253
94 401
52 121
62 285
113 324
136 203
396 403
164 281
32 159
117 438
180 191
28 139
133 220
358 413
252 473
193 196
198 297
135 284
95 126
183 378
62 265
6 351
358 407
392 445
164 379
108 317
234 395
86 389
342 483
7 312
91 400
77 100
217 376
254 431
213 356
177 448
391 432
480 485
67 206
206 467
183 284
112 227
107 368
289 388
210 495
221 458
416 423
29 214
50 331
419 466
445 446
307 370
54 383
398 401
313 392
215 440
2 491
83 232
50 417
25 470
213 340
372 439
430 431
94 297
345 498
2 141
246 433
318 373
392 467
152 295
189 202
144 457
194 381
112 187
207 240
12 369
9 180
216 435
21 322
71 474
137 268
132 455
289 402
46 439
102 393
163 218
69 160
128 329
40 285
3 496
420 421
104 211
10 143
353 360
449 480
378 387
42 421
201 400
330 365
18 213
125 484
139 410
172 187
96 471
406 407
28 155
29 434
49 216
25 190
124 409
79 346
37 38
27 114
76 441
337 340
22 127
27 228
35 128
47 382
14 199
261 366
288 371
126 365
264 389
224 471
275 464
128 289
81 480
233 466
295 482
187 204
141 190
154 351
69 386
141 248
327 416
89 390
353 496
134 423
256 355
150 245
123 184
27 304
196 495
115 192
350 425
58 101
145 306
460 497
277 290
95 218
117 346
163 164
151 254
49 82
24 423
30 247
93 286
463 484
91 484
256 259
329 336
1 258
233 274
299 306
303 426
330 423
106 267
105 360
49 118
402 493
209 392
84 249
157 424
68 357
258 327
317 450
81 268
64 467
241 380
297 360
52 359
26 367
238 419
264 467
193 314
265 302
133 364
150 421
13 148
170 437
113 114
5 448
12 451
89 222
332 375
168 485
100 369
71 344
13 356
277 320
36 181
139 150
26 477
389 454
10 351
201 236
100 271
55 396
203 392
117 424
6 389
236 461
113 148
118 377
272 461
471 496
7 310
56 261
346 405
315 432
26 73
254 345
99 276
291 348
168 417
251 446
59 68
415 480
326 331
248 265
163 428
221 340
33 66
111 176
69 344
176 297
318 329
139 216
431 464
155 374
320 495
32 395
345 404
91 146
127 274
83 384
393 430
160 455
293 484
119 318
52 111
13 360
312 477
97 296
132 499
107 320
3 236
433 464
43 460
206 355
135 234
114 163
232 395
176 271
274 413
192 475
232 233
43 452
183 200
463 486
417 462
269 270
225 310
190 361
78 129
174 389
450 493
95 476
42 345
186 277
268 279
90 165
301 366
34 173
201 390
319 334
331 332
426 453
304 497
321 406
161 296
171 274
58 401
289 420
297 482
195 326
99 184
102 477
394 453
7 70
237 420
186 347
367 370
69 270
202 233
76 207
6 367
189 366
315 400
215 462
306 443
86 415
34 163
101 372
81 370
305 460
107 456
77 264
241 336
68 187
64 375
91 374
248 341
141 274
170 389
229 354
112 141
4 405
181 332
138 203
251 298
283 334
270 283
58 417
118 413
358 423
121 144
8 135
151 366
86 201
20 105
28 59
24 167
50 361
373 424
125 286
106 351
4 387
350 385
10 183
174 175
123 442
188 299
338 403
171 182
301 314
186 279
43 498
71 292
393 402
184 199
106 173
200 353
78 425
261 304
222 447
126 205
151 396
24 419
233 256
12 113
11 294
45 228
339 374
247 252
160 215
251 488
106 143
170 401
138 495
189 412
166 425
409 482
76 321
224 423
172 429
112 381
297 500
154 469
346 427
115 292
237 238
110 253
232 329
152 233
154 193
114 171
331 428
33 192
45 394
65 178
59 320
45 162
230 485
36 89
11 310
44 407
250 475
40 435
28 83
195 366
210 245
228 355
12 383
286 329
385 416
78 345
186 199
333 354
52 361
240 389
197 264
68 379
62 295
225 480
381 434
188 307
184 433
398 477
162 193
19 236
33 96
51 200
199 418
393 394
363 452
89 180
97 132
173 292
81 146
197 308
8 91
67 492
49 466
159 286
7 216
74 117
134 311
11 384
93 168
247 474
212 479
151 330
376 451
276 391
20 51
398 415
52 445
85 186
380 411
313 432
187 188
95 278
204 417
381 482
9 290
420 459
150 233
410 455
20 115
226 253
350 421
392 451
363 462
299 478
313 464
61 114
81 298
113 338
42 343
403 442
88 459
150 217
14 391
77 290
443 482
16 439
242 483
174 491
62 89
106 407
149 318
46 257
201 346
203 386
274 407
221 334
113 238
216 375
146 345
368 413
356 449
51 484
63 136
294 463
78 99
73 132
323 476
239 458
156 485
76 433
175 196
254 377
36 359
56 171
184 291
210 429
356 369
161 492
90 307
9 282
223 388
368 455
127 440
11 466
88 303
191 280
58 375
39 180
44 451
138 171
33 128
30 401
21 74
331 434
369 458
69 388
28 227
247 362
60 471
48 229
176 379
194 433
327 354
142 195
130 401
334 455
216 259
213 294
52 411
378 493
386 403
158 297
112 419
328 341
23 404
290 455
359 366
165 482
143 232
2 105
168 483
272 491
161 414
87 440
7 94
26 443
90 217
387 464
435 444
262 441
352 493
147 428
283 370
33 196
430 455
136 317
52 155
173 374
261 322
84 267
304 365
166 207
125 358
2 157
295 430
12 295
296 323
409 486
133 256
208 415
29 326
403 484
270 325
266 419
214 347
165 232
142 377
215 350
380 465
219 220
355 436
277 448
98 173
36 371
73 346
25 122
325 348
437 496
235 420
209 318
49 318
446 455
265 364
394 395
158 417
169 330
225 430
416 475
308 481
62 201
394 497
227 268
123 168
115 116
172 355
210 317
129 278
49 218
210 279
198 251
231 432
64 423
156 249
279 494
94 247
266 303
67 110
6 131
226 227
185 378
76 379
251 322
391 436
172 289
146 423
258 493
330 413
45 72
250 415
161 474
94 165
356 385
346 385
309 340
155 216
68 397
288 421
120 269
298 423
121 134
16 349
202 229
67 436
19 20
50 401
268 455
272 391
244 409
356 377
309 316
103 104
188 481
103 254
172 203
207 208
223 312
253 388
92 131
85 136
5 130
28 453
174 435
287 318
282 357
25 486
189 220
147 152
189 208
31 318
262 357
80 273
168 261
208 309
3 54
35 186
101 394
60 173
77 244
217 384
462 497
140 241
70 127
394 409
79 244
1 486
189 242
293 462
222 283
242 347
53 210
176 331
32 297
17 232
255 266
260 473
109 204
273 336
292 493
245 284
407 462
256 361
139 230
12 283
426 461
19 404
179 304
166 489
352 361
52 469
71 450
243 420
198 363
21 72
210 343
261 300
221 244
93 188
244 255
401 488
172 229
18 207
300 499
121 254
7 376
39 160
12 265
234 305
1 114
113 364
156 383
110 151
267 358
173 444
402 413
408 443
2 95
8 293
12 67
184 263
272 389
45 268
43 428
475 476
63 226
67 488
105 272
99 500
163 304
232 477
319 494
46 493
134 169
381 466
157 432
61 286
89 200
130 295
146 229
224 469
40 301
44 375
431 476
109 308
5 412
330 417
119 260
277 284
294 467
85 496
114 389
122 195
198 423
399 406
57 62
10 123
25 352
240 403
261 270
325 328
111 318
361 428
118 165
363 392
42 141
291 384
409 436
179 354
364 471
259 282
103 492
96 173
347 438
220 245
92 365
231 462
306 449
81 202
120 379
355 494
69 444
397 490
280 465
9 138
76 121
232 369
340 479
214 251
26 253
173 204
424 485
309 362
347 414
442 455
103 146
478 479
56 399
147 414
40 221
391 426
96 233
177 408
281 436
119 326
25 428
113 222
122 471
157 460
153 258
395 446
51 362
18 399
158 227
56 169
424 499
75 116
140 207
183 202
118 321
339 482
121 196
161 252
308 323
155 410
293 458
23 490
350 415
56 441
139 378
95 164
177 178
121 130
256 275
388 405
81 84
273 466
240 359
143 148
328 377
367 374
64 451
175 284
373 418
75 236
189 392
343 414
157 228
324 497
245 444
99 426
17 34
456 475
101 270
275 288
239 338
156 179
20 369
271 454
134 239
166 313
158 273
39 286
31 460
155 366
214 327
123 262
283 460
384 405
332 363
192 329
369 406
203 356
149 474
289 450
260 463
93 104
113 292
48 121
205 376
348 421
178 383
348 499
303 402
212 319
50 227
78 481
60 395
390 443
25 138
153 412
17 306
334 411
156 269
97 138
30 155
198 437
53 200
195 342
424 457
97 326
143 264
17 136
102 339
215 454
159 300
132 393
353 418
144 433
386 439
78 445
493 494
149 156
143 354
15 336
152 309
48 115
303 362
135 308
111 268
59 248
390 407
105 446
204 219
32 429
237 450
19 358
160 405
6 209
94 241
393 432
49 322
54 139
58 77
301 496
185 458
85 348
14 89
169 434
126 325
179 310
45 334
333 444
57 484
92 241
135 454
107 440
183 198
400 473
179 256
360 379
64 129
53 250
221 296
46 125
38 199
77 158
23 40
12 455
263 306
209 410
260 467
338 455
186 483
144 271
314 317
285 302
8 481
48 403
262 429
20 179
85 242
109 210
282 381
216 255
153 424
66 221
149 296
182 187
323 444
79 212
114 149
8 287
76 251
107 266
323 392
122 171
33 450
4 499
15 338
38 455
233 280
144 197
229 350
5 464
84 333
167 466
98 143
219 268
4 187
418 419
326 343
407 500
307 368
164 211
407 434
80 187
48 485
53 238
124 365
235 370
330 461
270 361
43 346
304 395
237 288
409 410
437 444
13 236
315 500
127 166
101 192
15 320
356 373
24 45
18 365
65 258
316 487
283 394
21 364
328 355
194 259
1 456
239 280
154 463
135 172
110 375
17 266
30 275
234 345
456 469
318 423
142 463
39 462
434 479
30 211
173 196
115 358
297 358
302 473
154 213
18 177
147 462
447 500
55 280
39 172
143 438
167 476
153 372
219 432
197 360
33 166
339 486
177 180
240 491
286 367
160 437
110 309
222 361
181 282
17 464
48 307
219 464
438 467
21 366
41 460
479 498
17 142
439 442
311 354
134 277
193 224
6 423
200 211
286 443
237 276
208 475
93 208
146 293
263 446
334 465
122 393
125 472
360 497
301 384
104 459
49 474
23 474
203 336
462 483
10 51
95 426
177 216
29 496
328 479
164 227
185 390
92 121
97 450
232 253
217 430
323 384
293 346
15 362
218 345
247 288
150 247
184 349
105 282
84 253
335 438
210 493
9 36
92 285
284 379
148 227
45 138
81 472
374 427
38 403
207 294
14 161
370 499
172 267
371 468
152 211
115 364
88 385
264 465
185 338
7 40
63 106
159 266
475 490
374 421
148 245
27 448
405 424
204 273
39 228
349 432
306 475
296 451
82 495
135 298
64 65
479 496
223 404
64 327
166 457
249 472
138 265
177 242
108 475
336 461
97 260
51 170
209 364
241 394
362 477
82 419
96 297
114 209
47 342
90 291
293 498
29 342
295 382
449 466
232 287
261 386
87 298
280 455
53 372
323 462
390 395
165 442
118 253
295 496
271 438
133 500
2 85
117 394
116 393
468 473
63 486
260 265
87 426
31 398
84 449
23 328
108 361
285 482
57 180
278 421
40 455
37 228
166 259
42 195
66 471
70 399
173 264
109 468
357 358
20 35
414 459
9 132
93 390
155 380
324 337
51 356
130 463
122 357
170 267
340 405
383 416
139 490
308 459
298 413
16 137
207 212
185 326
269 364
24 193
56 495
431 498
32 183
122 347
328 485
128 193
318 335
63 222
1 390
196 487
317 468
180 425
123 216
42 213
54 489
424 487
61 416
329 370
136 441
370 393
385 480
112 247
33 454
121 160
151 170
90 289
40 303
302 345
2 133
112 479
252 289
61 298
54 167
171 316
103 438
161 222
110 281
187 434
253 366
165 392
105 442
34 331
219 322
164 267
198 367
1 148
183 356
14 245
79 194
144 419
8 187
455 456
274 459
20 175
72 287
355 448
342 485
86 439
163 232
51 86
247 440
89 280
215 300
81 194
18 179
188 439
168 259
128 255
79 190
156 253
240 355
4 177
50 51
79 214
102 237
32 377
4 433
273 436
451 492
215 324
189 380
89 436
263 440
165 404
299 422
279 354
429 448
190 265
366 387
67 482
19 56
157 310
277 330
286 455
3 376
148 469
334 385
20 447
246 465
13 222
402 467
174 359
39 414
91 204
15 24
141 468
90 327
407 438
391 422
191 444
1 388
145 234
78 133
325 438
264 373
21 494
115 238
120 121
42 55
166 443
85 360
169 272
221 314
323 438
180 243
162 317
139 438
30 499
406 409
242 367
94 133
243 278
113 374
150 267
77 258
102 379
411 484
185 434
32 289
327 350
103 440
15 480
73 386
90 257
390 447
27 30
371 400
68 133
134 409
308 313
440 441
327 418
117 276
6 341
23 172
8 85
201 366
7 246
117 384
131 422
218 243
25 26
187 352
187 192
219 410
206 485
81 156
35 448
155 180
263 492
228 229
54 209
452 495
21 200
4 375
303 364
256 475
190 345
355 372
31 116
457 464
50 203
361 496
162 289
13 364
50 445
352 397
99 142
141 448
182 319
235 442
66 437
264 279
207 272
303 450
53 54
228 277
272 325
122 161
271 288
162 455
401 482
131 382
88 195
46 409
251 438
249 334
4 135
212 223
154 325
128 169
334 399
154 429
118 157
257 452
12 349
25 204
238 467
159 474
224 485
11 98
36 225
40 137
70 467
126 171
1 406
137 316
379 412
385 432
141 176
224 495
116 257
79 296
34 389
141 234
342 487
90 299
248 405
44 117
122 197
30 215
59 134
17 190
1 112
57 372
77 436
255 472
8 111
101 376
7 12
114 271
349 378
22 497
69 134
249 294
42 67
2 351
130 357
262 323
138 207
356 471
72 95
442 495
71 224
69 378
226 365
76 129
373 388
38 223
16 203
181 384
181 426
2 265
73 112
346 397
96 483
298 305
171 326
181 310
84 113
118 295
69 428
90 453
67 330
232 461
286 485
166 319
5 112
171 304
185 426
183 298
272 443
215 306
14 351
25 370
20 363
60 335
44 185
198 485
263 314
218 317
271 272
281 286
249 420
7 272
284 471
397 462
289 500
80 441
298 469
329 400
301 444
378 475
153 498
349 480
306 367
84 479
21 288
278 487
124 469
5 142
341 448
35 80
195 316
34 153
132 233
171 198
172 377
78 169
110 355
198 301
37 250
115 226
51 370
27 118
44 439
391 474
235 470
1 108
4 469
74 153
48 189
243 428
259 332
365 440
63 480
34 287
114 249
97 294
173 412
140 317
1 372
47 260
88 463
49 262
239 372
4 161
230 365
174 307
180 333
364 437
172 233
9 414
49 232
214 299
312 481
79 258
83 242
2 401
246 375
56 359
95 310
37 444
31 474
49 424
122 469
302 499
160 341
40 117
403 418
92 205
47 96
14 53
229 260
159 338
355 456
155 490
29 448
285 410
44 65
48 91
272 275
289 300
16 105
173 224
46 83
208 243
124 213
63 140
57 374
13 84
104 441
5 298
3 118
129 246
62 389
343 432
32 239
231 412
170 273
148 209
231 350
2 77
138 325
245 272
220 333
6 111
90 91
145 450
300 335
145 500
15 352
218 427
177 232
87 454
385 392
73 110
65 144
155 474
192 389
79 336
21 384
49 150
211 322
236 273
240 475
348 411
176 221
142 315
20 215
90 205
23 162
26 325
46 405
167 498
267 324
66 465
326 433
61 294
233 446
130 323
17 316
48 163
415 416
107 326
166 343
454 477
189 480
214 247
160 383
134 135
301 372
103 478
376 475
426 457
366 469
50 327
106 247
47 100
278 441
254 463
433 444
45 66
145 198
233 264
234 245
51 314
13 406
150 235
107 426
104 269
36 245
113 228
332 449
289 312
322 367
301 478
321 492
111 500
14 79
263 380
280 353
232 463
256 461
325 464
260 377
18 239
344 457
321 456
15 108
56 445
381 432
54 439
65 314
335 428
237 284
267 398
76 373
326 497
64 233
226 483
222 395
32 123
324 327
96 285
90 389
85 184
302 307
323 350
307 336
5 134
215 276
85 154
294 439
276 445
237 308
86 93
97 314
280 475
79 356
366 475
128 461
249 256
336 385
486 497
403 492
336 355
370 409
301 346
115 186
139 218
451 500
391 450
242 293
55 258
87 198
213 444
83 346
38 85
42 57
274 287
147 164
236 457
139 224
12 109
387 492
154 377
96 101
15 120
112 243
99 274
259 402
240 315
263 322
342 409
388 423
86 253
315 468
347 444
3 104
10 303
117 210
126 493
239 494
325 424
420 465
107 206
366 441
49 244
44 141
131 368
139 406
211 490
68 99
369 470
335 342
27 288
475 482
253 420
33 376
223 354
136 277
7 190
143 474
181 498
244 391
450 463
74 483
72 263
177 194
294 339
186 343
218 269
198 285
27 352
172 231
3 432
179 440
346 495
60 455
232 293
85 416
90 93
46 119
98 445
144 295
138 175
240 499
21 180
149 278
26 283
405 494
43 362
149 484
24 303
89 260
78 359
212 433
168 247
244 371
450 461
225 246
451 460
194 197
134 439
140 483
4 129
216 271
282 475
123 260
131 236
96 377
182 477
139 424
9 360
43 454
185 476
166 381
353 426
39 56
178 379
42 117
25 484
138 367
55 312
121 238
251 326
251 314
189 224
396 455
50 149
112 293
200 491
52 475
145 322
304 339
301 418
3 484
208 253
167 290
52 115
334 485
66 329
34 431
119 184
138 227
360 417
208 459
216 413
393 422
10 197
107 370
36 195
273 412
151 390
291 342
157 444
192 451
84 399
262 377
167 500
397 482
268 325
229 472
102 399
36 401
456 497
253 374
25 274
478 497
388 477
294 423
16 257
351 362
127 250
154 433
430 467
17 478
79 474
40 305
115 168
219 270
86 411
32 141
123 334
267 442
173 450
469 484
105 494
53 212
138 321
269 324
53 362
333 494
205 480
347 352
109 228
408 427
35 200
229 306
143 340
86 249
24 339
230 323
337 498
222 307
152 161
214 429
82 129
88 473
390 439
54 301
219 264
141 270
258 445
233 350
107 378
117 404
41 268
319 466
99 206
366 383
94 103
68 263
435 456
320 365
184 437
73 442
313 414
166 171
62 199
15 464
111 122
96 431
426 427
277 490
12 313
323 410
247 398
303 484
146 203
339 358
47 318
113 360
333 344
348 487
31 166
360 447
105 404
63 64
213 482
2 227
264 303
296 395
172 243
76 133
62 273
189 478
14 217
261 278
15 170
47 486
445 470
252 461
431 488
97 302
42 187
27 332
212 429
164 401
131 170
138 487
138 475
137 358
71 304
325 458
166 487
26 265
218 295
158 239
43 482
127 490
58 153
216 459
3 322
44 143
57 298
113 256
381 472
257 350
347 382
19 126
220 305
50 459
365 438
58 103
184 341
66 137
318 331
48 257
128 301
24 305
211 398
433 440
203 496
43 268
84 307
348 377
294 371
438 499
228 447
23 430
251 302
225 492
252 467
94 323
31 78
47 374
66 217
194 269
58 335
112 455
5 238
187 400
97 108
195 246
3 264
195 486
78 87
242 283
85 356
72 307
128 161
213 462
5 150
351 488
273 304
78 281
99 174
133 212
437 448
82 187
388 461
230 249
70 119
48 49
81 350
349 444
428 439
394 455
71 222
201 278
52 423
53 62
385 402
117 176
153 326
30 479
286 421
189 352
34 335
487 498
161 342
291 296
176 415
256 477
7 266
112 145
72 225
92 367
56 417
165 384
276 383
179 308
198 455
68 281
168 275
215 314
241 274
104 423
173 370
297 312
175 290
62 387
338 353
35 362
196 423
144 265
306 421
32 175
25 438
217 322
310 325
93 456
61 350
83 364
277 454
104 259
53 242
214 463
48 405
116 337
83 180
121 338
138 289
200 473
16 35
159 322
93 420
3 92
348 391
395 406
325 494
328 477
128 197
170 353
198 375
165 450
69 382
130 493
460 493
76 351
257 264
368 373
203 212
194 207
293 316
223 416
63 208
245 468
360 361
265 424
400 445
48 191
117 310
253 322
65 206
242 363
57 78
291 372
180 479
136 137
84 181
55 104
303 316
58 285
101 458
221 440
94 325
96 113
72 213
99 200
102 123
189 250
196 477
193 194
173 474
272 273
329 394
169 376
350 499
228 461
13 468
189 434
112 157
187 444
27 36
80 399
261 406
139 472
182 491
170 221
119 406
295 450
324 449
274 345
372 493
142 341
140 335
173 322
100 281
307 392
27 432
156 333
49 408
433 470
288 367
201 296
308 425
136 365
100 321
265 492
177 202
315 384
422 441
227 294
60 371
47 118
281 320
202 257
172 441
358 491
23 488
32 129
389 436
96 137
195 496
300 325
111 270
38 331
276 385
322 489
85 188
14 241
297 454
146 475
109 430
307 486
85 450
79 442
28 207
452 465
190 289
40 313
376 441
42 253
404 465
103 116
37 298
219 408
188 205
345 346
214 433
177 268
299 414
62 205
401 416
331 364
163 376
185 212
97 198
319 408
417 488
5 34
332 383
144 181
18 351
345 428
286 409
420 481
165 416
125 438
100 473
102 487
452 459
124 209
95 468
22 335
247 394
64 281
368 491
59 186
7 176
13 444
127 466
124 497
80 151
5 6
279 320
315 426
413 500
86 295
372 491
181 306
106 273
72 445
94 449
275 384
24 217
76 281
367 470
352 451
18 371
100 435
308 353
18 293
335 456
84 119
58 111
73 80
222 245
82 439
118 369
276 343
373 412
265 500
372 433
280 495
325 364
110 381
80 129
193 206
91 194
201 434
329 408
172 455
100 455
256 319
191 198
24 469
397 446
137 336
22 111
50 213
199 270
79 460
219 436
89 302
6 211
25 96
117 272
226 429
196 321
37 246
38 237
89 244
264 321
94 175
26 37
365 414
248 481
77 442
202 411
61 432
116 321
57 456
31 488
317 380
146 261
133 300
264 353
194 335
233 356
221 324
127 174
364 369
194 333
232 399
193 336
244 315
179 214
204 217
143 494
113 218
75 186
122 465
151 380
151 288
42 373
57 464
92 105
105 170
376 399
296 315
103 346
163 440
305 462
95 436
127 226
395 426
32 487
123 276
344 483
240 465
241 468
16 335
278 447
102 327
20 327
329 348
2 147
106 125
341 384
106 117
6 143
433 456
321 374
100 213
150 419
42 47
214 459
73 88
369 376
208 261
10 261
353 424
124 339
165 490
371 464
242 269
410 471
107 360
367 368
34 361
30 467
73 434
331 488
421 464
65 214
158 251
244 289
208 339
423 448
23 286
289 440
417 476
292 419
143 170
60 323
119 468
201 412
38 395
206 469
188 291
243 370
85 284
109 268
182 357
81 328
13 66
309 322
306 375
281 410
20 161
35 314
85 166
285 344
313 490
353 446
330 355
186 349
151 498
200 371
232 365
351 422
138 383
266 361
209 368
232 437
98 343
54 393
146 421
14 115
177 290
281 312
146 343
102 151
21 42
322 481
38 265
14 405
387 466
54 109
87 102
296 349
294 379
238 463
231 284
376 497
118 407
194 209
226 309
277 372
40 103
57 396
95 104
56 221
130 179
38 497
338 437
30 249
205 274
277 374
273 446
350 367
75 302
115 216
20 427
23 186
178 261
226 229
216 217
66 145
22 433
122 307
29 422
32 63
67 148
216 221
181 492
157 326
416 477
160 443
25 440
31 168
231 300
91 324
306 379
112 481
183 226
75 82
124 161
84 415
45 110
259 322
317 362
79 122
319 446
194 339
333 400
96 189
20 55
487 496
146 165
11 196
121 138
24 161
94 493
81 416
137 362
149 288
57 106
36 283
153 272
90 95
54 207
113 248
15 280
227 280
29 218
91 382
225 362
124 289
63 146
481 486
269 322
333 396
95 220
139 366
267 342
89 430
119 226
200 463
300 419
71 254
179 462
245 292
306 327
43 404
246 399
80 497
5 436
148 471
247 388
193 356
273 354
88 377
114 173
396 451
34 357
145 382
279 432
178 247
154 479
143 442
117 418
70 355
161 458
81 274
264 447
30 385
64 383
153 268
59 354
13 124
91 198
344 477
281 398
241 304
68 163
60 143
285 498
419 462
26 41
393 494
374 445
307 484
154 385
140 369
418 469
162 351
142 373
11 284
84 243
27 346
29 466
147 162
217 398
153 274
351 360
1 38
198 427
108 259
123 490
190 491
374 493
395 416
112 405
108 173
69 484
152 209
87 358
32 365
93 196
206 209
103 148
223 288
13 248
297 390
77 372
415 484
255 374
68 225
43 66
166 169
79 424
23 144
340 489
200 487
42 491
19 440
95 284
370 497
23 364
160 189
150 449
224 403
28 169
82 119
233 366
139 206
139 298
188 243
198 389
306 417
101 222
316 439
131 246
246 271
57 64
66 149
258 489
130 347
298 359
157 230
180 291
190 239
373 378
56 109
132 331
426 463
231 468
73 216
152 319
308 407
35 410
235 460
436 467
314 337
153 242
135 274
168 429
86 175
84 411
117 432
131 172
40 299
158 185
83 214
32 363
46 389
158 305
45 104
80 311
148 337
206 449
147 306
132 285
40 297
120 141
138 271
7 64
184 213
60 345
18 155
158 183
303 462
106 491
22 427
339 460
136 421
147 454
81 262
63 400
195 466
37 276
250 389
18 429
26 107
103 218
182 251
151 494
132 239
98 443
52 345
60 459
199 404
39 384
150 221
274 405
4 373
199 244
243 438
132 381
49 140
259 340
138 233
265 486
2 159
104 435
92 99
211 296
357 488
68 129
67 466
332 333
83 134
68 245
39 442
164 361
24 225
371 426
141 360
136 461
211 214
388 401
77 396
45 374
199 246
353 408
111 434
149 308
224 231
206 447
86 181
195 442
277 392
68 211
73 372
197 334
31 206
133 246
276 369
390 437
103 108
184 347
240 267
254 403
234 365
245 498
264 335
160 267
200 383
37 490
15 408
55 130
208 343
213 274
286 371
167 320
128 395
175 250
53 306
75 304
30 487
26 103
272 367
61 280
142 403
103 168
123 414
263 376
222 359
33 100
297 330
320 427
164 399
349 410
125 260
23 64
168 391
162 377
271 334
275 378
103 294
106 141
261 398
232 283
50 79
199 286
22 109
166 459
322 421
195 376
63 346
3 418
228 295
472 481
19 294
403 412
157 446
7 326
123 310
31 254
211 480
361 454
173 464
51 222
189 286
185 298
102 497
389 460
284 393
4 51
22 337
141 236
266 395
69 304
256 499
90 449
198 491
31 228
87 282
99 388
22 423
200 245
384 429
15 422
256 443
197 326
257 406
155 352
202 413
45 100
292 479
50 179
43 394
15 196
398 499
13 352
422 475
213 354
58 133
141 384
175 204
271 354
162 387
196 205
117 260
428 471
356 375
108 267
142 185
174 259
349 500
164 257
133 488
94 251
234 467
7 476
40 99
24 139
193 276
240 489
101 384
20 181
184 207
220 467
215 498
329 368
40 425
121 410
173 226
277 356
487 488
289 474
365 366
2 247
248 327
69 292
208 219
191 258
332 339
295 488
9 160
310 355
128 399
17 492
51 266
109 202
76 455
94 351
4 263
289 372
421 444
300 343
225 226
170 363
294 301
185 268
223 266
24 163
56 385
185 282
160 359
62 85
215 484
150 273
200 257
37 480
19 76
155 210
178 435
158 253
70 391
317 446
146 313
255 460
240 273
30 447
427 428
109 298
75 298
129 130
77 478
33 366
65 300
181 354
177 182
81 360
330 497
326 341
27 136
352 455
6 225
228 361
55 386
58 241
23 226
133 328
65 118
219 486
110 195
308 461
165 376
389 496
219 372
135 354
75 286
110 265
201 368
273 312
181 398
153 348
22 393
215 222
58 83
87 302
326 447
105 376
49 200
77 466
117 228
50 123
42 357
54 353
255 306
392 393
10 87
129 282
46 299
79 360
290 491
61 450
11 226
117 374
292 307
171 360
186 301
29 372
268 385
76 389
233 332
98 401
415 438
207 260
174 321
368 407
199 280
180 421
264 369
111 498
169 224
307 412
425 462
72 417
324 325
17 188
140 461
61 128
156 329
210 261
85 446
13 82
380 425
193 312
290 437
331 402
345 470
274 461
148 335
38 305
284 439
10 311
4 5
437 492
64 355
24 97
174 189
14 189
304 473
169 256
366 439
349 420
289 308
60 279
1 232
47 432
113 366
36 425
131 242
28 221
58 431
18 289
78 81
329 416
122 223
224 329
121 344
365 450
174 407
260 495
97 124
91 380
115 164
194 359
110 213
48 497
206 339
127 164
54 197
338 443
234 311
277 300
347 348
30 331
436 457
54 495
233 248
160 181
69 228
58 183
354 425
73 332
313 458
53 392
206 363
58 85
108 379
258 463
137 258
11 396
302 367
249 408
4 189
118 409
334 457
156 157
286 301
370 439
65 436
155 196
61 190
153 302
48 155
373 488
135 350
207 436
48 141
48 71
59 130
29 78
259 480
148 153
33 392
30 221
407 470
284 297
220 431
317 378
18 435
126 169
128 309
432 483
196 369
16 353
174 495
129 132
173 372
356 425
39 72
187 202
428 485
326 371
225 484
253 310
292 335
446 457
230 423
209 404
420 453
47 402
156 381
11 262
112 363
253 300
164 235
158 259
106 107
148 323
243 348
21 354
83 126
316 363
75 100
267 268
242 307
446 459
268 379
192 407
168 435
211 216
181 312
12 229
420 487
74 289
110 177
290 295
182 243
132 473
85 282
339 408
169 170
254 347
375 420
423 496
16 297
134 443
103 178
84 99
112 195
339 488
265 278
84 271
7 324
239 416
65 302
443 498
107 230
313 448
153 328
265 276
226 491
190 243
87 290
184 377
316 499
1 460
25 176
68 169
60 151
433 494
119 480
349 358
95 486
151 400
231 342
242 499
134 273
24 73
190 201
37 438
197 368
106 311
170 177
34 129
39 194
280 315
31 172
127 200
222 231
119 304
267 402
152 303
182 207
83 344
54 185
102 161
107 108
177 390
116 349
421 494
53 136
232 359
25 444
44 431
67 158
200 351
322 403
252 253
152 427
83 234
5 116
50 343
273 458
73 138
98 225
44 103
59 72
181 218
14 333
364 421
207 238
6 473
289 454
494 495
345 474
77 446
65 228
159 422
185 308
45 438
79 306
139 374
410 481
112 263
387 474
52 271
376 395
69 172
39 394
215 356
234 343
47 404
304 387
20 169
59 290
89 198
309 394
79 156
116 371
2 257
112 485
361 370
11 20
383 390
68 345
396 491
99 266
37 52
259 360
63 246
112 353
191 342
187 248
65 374
125 376
287 382
9 82
66 179
66 339
124 443
210 331
258 387
333 420
4 337
206 459
71 120
224 233
370 429
75 484
351 478
220 469
25 420
174 247
142 339
205 206
366 435
446 489
89 192
64 153
343 434
222 411
104 421
33 426
442 465
82 251
192 219
246 483
281 300
9 404
178 181
71 72
22 51
127 136
121 260
156 297
61 78
185 400
186 429
188 381
298 357
124 335
121 324
383 408
48 269
135 198
385 386
206 421
119 464
98 327
72 283
367 388
275 430
16 57
188 427
201 500
339 452
300 339
103 198
132 421
188 261
145 350
225 496
18 453
123 386
412 447
416 441
57 240
90 499
87 418
237 416
296 485
132 169
58 495
307 428
76 333
30 369
36 395
123 240
5 384
158 189
315 466
379 424
114 299
82 417
179 352
163 206
238 483
109 398
1 444
160 275
297 488
337 356
95 456
295 480
57 222
16 139
239 370
235 348
12 123
31 280
34 221
57 462
288 495
114 311
178 331
105 336
492 493
195 282
119 470
158 197
270 499
66 269
293 444
73 440
171 172
2 123
173 174
19 228
339 356
89 380
69 458
308 409
222 251
70 183
152 259
115 496
38 361
35 454
303 468
159 326
83 112
336 435
391 496
280 347
191 430
320 417
106 121
38 291
348 465
116 117
61 406
50 131
206 371
3 36
203 304
213 352
158 421
19 310
60 177
30 375
142 271
74 377
34 49
298 315
436 437
27 318
140 359
8 113
200 313
157 414
58 359
443 492
263 486
202 269
343 474
230 457
107 226
90 187
260 305
198 305
32 203
348 373
88 107
231 234
42 123
295 474
193 260
205 378
268 365
92 357
303 400
3 326
89 328
259 442
94 207
22 43
320 397
200 293
18 411
163 296
185 448
232 319
72 323
173 416
155 418
412 495
189 256
391 482
137 394
481 498
20 111
336 497
343 360
14 127
129 386
6 293
300 323
158 329
431 432
21 222
402 419
112 391
257 318
24 393
292 455
52 233
144 469
432 433
312 489
94 395
140 409
133 446
281 474
21 128
253 478
125 180
229 470
234 397
49 442
264 367
120 201
341 346
152 283
58 95
210 371
365 434
86 97
197 284
182 361
21 270
107 190
152 419
227 292
269 344
214 275
267 438
102 223
317 318
136 347
436 493
69 340
311 442
273 392
164 363
237 498
240 433
48 119
1 14
80 115
161 212
111 444
136 213
136 357
264 277
424 461
318 347
250 385
31 302
347 430
374 443
140 411
21 50
46 459
17 402
369 482
58 217
35 418
218 393
180 277
75 166
48 167
243 262
299 326
15 492
391 408
115 438
90 117
251 450
284 399
50 471
209 280
55 438
83 340
246 443
15 132
142 311
42 473
84 263
243 346
170 183
84 115
168 461
43 254
163 198
396 419
17 42
146 347
118 345
313 460
98 381
187 356
309 374
426 469
113 138
77 114
87 262
399 456
141 486
189 494
103 498
250 421
354 459
293 400
347 362
489 492
287 298
26 317
88 487
190 297
130 405
91 108
178 349
65 72
246 407
43 396
105 160
80 413
342 401
160 289
46 495
4 7
45 346
240 441
126 345
24 439
266 311
60 167
67 222
121 350
278 461
346 445
414 447
22 205
11 326
188 189
25 124
66 469
54 389
10 199
109 126
309 326
35 428
121 288
31 352
17 466
119 322
3 362
263 476
21 64
53 460
324 483
155 300
208 293
128 163
72 227
330 471
44 405
254 315
91 432
385 486
320 335
219 250
70 269
17 406
165 264
166 323
303 332
207 246
36 291
261 330
187 268
102 307
42 173
136 293
223 252
24 405
29 298
450 451
71 108
8 421
102 383
64 121
228 357
419 436
267 406
181 382
254 407
195 484
125 228
69 274
192 221
28 305
66 473
34 139
166 189
91 308
404 479
491 492
438 485
285 448
306 487
33 82
253 350
283 384
90 169
159 406
264 489
129 136
149 436
165 300
354 431
408 467
153 202
327 496
203 488
347 468
51 452
175 202
11 136
318 411
140 431
41 210
302 385
64 171
198 383
281 448
169 248
91 94
24 185
108 151
389 424
328 427
312 381
203 444
419 458
235 334
92 323
332 341
274 437
53 328
90 211
60 293
81 406
4 127
308 423
110 349
225 410
262 331
95 428
317 360
165 498
427 474
2 109
364 365
151 270
12 361
304 317
303 366
137 254
92 133
280 291
162 331
220 483
56 81
121 166
119 420
96 333
219 426
297 442
37 78
408 469
96 201
46 455
199 496
84 85
180 471
126 155
189 436
295 404
75 492
47 414
17 96
237 382
236 473
303 424
200 301
246 425
180 231
192 375
263 350
176 405
177 416
4 493
202 215
237 350
70 295
225 352
22 231
254 425
53 412
79 172
275 356
88 101
86 241
52 125
6 193
74 453
261 438
88 115
15 182
151 168
227 270
323 324
25 154
168 303
55 118
25 84
30 41
177 380
384 403
37 40
234 461
102 317
216 305
417 490
17 244
366 415
73 96
283 348
87 128
39 210
130 291
168 369
250 285
260 399
277 456
234 399
328 453
330 361
279 496
30 89
273 380
305 410
406 453
164 437
301 322
33 444
75 326
157 480
193 200
255 324
304 445
125 150
200 467
43 318
69 346
92 313
187 298
175 300
287 296
241 494
153 394
61 396
385 428
305 322
343 392
29 84
134 233
24 451
23 266
192 491
263 496
26 313
219 352
250 403
58 107
6 47
95 148
75 374
180 401
430 471
186 211
29 86
245 252
295 416
373 374
239 414
76 167
83 296
201 444
253 410
154 179
23 208
233 410
220 233
82 117
185 352
149 492
138 349
283 362
192 205
15 202
273 318
65 500
80 425
37 498
302 419
194 303
296 469
250 393
131 148
280 431
226 305
243 312
119 496
21 82
381 470
37 328
306 313
433 468
158 491
279 444
146 483
125 494
272 385
346 421
7 98
45 148
61 138
257 282
262 293
310 435
211 466
241 418
270 447
172 363
172 211
122 479
200 359
300 417
60 241
281 290
50 429
270 397
325 474
176 197
126 233
162 203
52 215
397 400
74 319
161 238
231 368
69 126
335 424
6 417
31 472
116 207
243 396
174 233
58 221
104 489
15 344
50 371
159 352
63 324
346 355
133 390
150 295
301 374
141 164
86 333
297 328
311 346
257 462
201 254
355 418
289 472
63 484
271 310
148 181
40 411
317 444
256 433
202 369
31 148
215 290
205 474
158 461
334 443
157 266
57 380
108 227
185 252
274 489
295 298
403 486
21 344
351 436
235 280
127 434
370 489
125 276
226 443
112 153
36 355
49 400
237 356
231 310
75 96
34 181
241 242
37 432
395 494
26 333
55 428
173 462
93 112
75 160
85 274
408 465
153 262
315 474
96 277
14 229
125 418
257 284
124 473
42 479
227 468
224 453
140 239
62 123
89 406
81 240
231 344
43 388
383 396
44 147
168 243
354 355
181 430
70 245
154 207
248 395
104 355
203 300
47 48
303 338
207 460
166 241
33 84
132 445
154 303
155 404
464 493
267 494
209 350
141 432
497 498
241 414
270 451
239 256
62 167
111 312
214 499
326 445
344 479
172 457
26 205
3 150
90 173
195 494
388 499
138 355
102 457
140 481
91 422
127 314
396 497
244 257
244 387
60 427
476 477
113 484
222 391
81 184
41 236
85 476
12 357
5 450
413 466
302 455
9 50
136 273
237 500
101 154
173 458
278 307
141 348
320 389
27 490
332 355
381 388
82 371
60 311
451 452
7 44
54 499
133 388
289 498
25 224
123 182
239 418
184 497
439 500
206 225
23 438
323 346
249 314
181 212
47 390
315 442
36 103
19 426
199 372
32 259
200 317
63 138
202 323
260 489
308 361
227 434
97 220
159 288
162 241
6 295
130 153
5 208
91 352
39 134
1 92
413 440
343 374
268 277
9 252
114 319
4 75
229 388
230 263
68 233
164 185
446 451
20 93
341 464
50 497
40 97
55 360
54 147
12 53
174 477
14 289
113 262
44 477
125 422
269 428
16 25
86 171
214 215
156 229
217 332
176 347
29 406
209 356
72 249
7 86
354 385
251 288
344 499
189 446
233 490
237 464
78 441
281 298
108 467
58 129
68 77
8 109
84 165
149 206
218 413
45 204
45 174
103 364
45 412
400 463
199 292
153 466
201 206
118 139
284 349
8 37
42 83
232 381
20 275
126 399
147 184
223 294
63 256
352 363
207 234
477 490
247 358
361 394
53 408
86 87
105 158
310 423
115 280
213 386
239 316
31 152
313 420
248 429
87 142
51 440
110 327
418 455
62 169
163 484
341 342
228 329
404 463
55 120
82 491
299 408
188 395
224 411
253 442
232 421
12 153
286 381
316 361
284 403
57 404
164 367
391 466
132 493
154 363
293 372
94 131
77 106
53 124
285 312
347 474
103 358
104 499
99 288
36 387
23 158
250 337
253 368
214 303
201 252
413 430
70 425
65 174
463 498
100 469
341 408
114 159
273 282
31 348
235 352
55 414
382 497
181 484
396 427
10 163
292 497
208 411
67 290
131 398
71 116
61 218
71 336
16 245
79 344
228 287
46 169
32 199
332 387
211 418
265 280
53 498
158 207
41 438
8 209
243 448
159 308
226 247
192 385
91 298
145 374
8 171
101 106
93 292
61 288
129 328
193 436
316 411
31 278
353 354
11 118
326 395
199 200
14 125
315 492
105 448
3 68
35 36
241 288
23 126
91 220
31 76
191 196
141 180
51 242
424 431
70 129
110 249
24 173
8 95
316 385
248 423
213 296
195 360
45 142
26 401
114 357
107 382
127 464
137 304
86 315
371 374
3 292
117 118
131 334
140 451
393 410
19 96
90 207
215 312
191 194
268 311
73 160
438 457
46 401
239 346
43 166
120 425
358 387
303 344
238 311
334 487
262 461
185 238
70 185
7 482
225 408
357 408
65 210
255 404
349 418
331 498
18 245
32 339
145 434
180 235
100 339
304 495
34 429
54 475
154 457
231 262
127 346
247 446
24 495
134 419
89 310
235 236
114 381
67 230
164 433
73 360
159 244
205 240
20 137
20 355
233 398
185 294
2 51
129 330
59 446
380 449
252 429
27 268
132 221
108 183
410 419
3 488
92 481
311 448
249 482
13 370
56 79
140 309
185 272
341 390
87 318
330 331
121 146
79 444
293 366
45 124
400 429
189 388
110 459
116 137
180 429
370 487
124 171
54 289
99 392
124 269
83 152
8 269
213 266
322 471
47 314
145 454
102 433
213 400
76 233
52 439
53 84
148 155
247 400
159 164
208 259
5 438
149 426
175 178
322 365
330 403
309 310
1 252
195 350
75 438
105 106
124 177
341 364
39 100
49 56
110 379
220 477
21 84
143 186
54 151
244 415
344 373
55 160
159 234
345 482
294 361
239 364
9 174
93 406
178 417
18 157
56 301
51 372
140 209
66 171
252 287
2 393
360 433
16 477
188 259
11 426
72 159
180 485
24 131
313 384
144 351
59 470
141 398
220 363
194 473
279 382
181 226
78 85
296 477
364 375
121 396
19 416
3 130
24 205
128 303
192 237
90 247
207 410
158 485
75 404
465 480
262 409
282 453
48 89
275 276
45 350
22 397
308 463
151 212
62 227
170 333
153 436
105 382
254 483
22 61
165 278
38 479
44 349
113 168
23 180
117 426
271 362
175 360
318 351
119 438
215 414
183 256
36 377
206 309
108 477
143 406
123 330
4 319
164 473
140 187
243 254
118 353
92 135
299 424
166 495
259 308
215 410
129 224
18 131
259 488
77 434
97 398
247 386
79 350
114 305
164 209
36 325
101 278
117 218
75 434
266 483
110 153
128 371
196 443
8 371
84 393
57 338
102 455
6 495
109 406
150 151
197 378
210 407
305 344
99 196
254 471
62 157
223 360
160 217
206 327
80 95
13 442
57 212
224 241
140 273
200 409
356 473
249 444
351 450
372 411
360 409
323 400
37 76
136 177
351 490
423 482
346 381
59 160
279 306
87 490
349 366
224 267
180 211
189 190
93 490
19 392
116 429
368 415
30 75
7 110
72 147
218 445
37 222
211 280
5 24
281 444
168 239
415 472
166 267
73 338
96 279
56 437
187 426
50 437
182 215
438 477
3 206
36 63
11 404
61 84
188 387
14 107
317 466
413 490
111 150
108 415
28 117
336 471
12 447
132 261
58 475
76 475
14 413
12 83
229 304
194 321
208 305
63 458
341 360
51 188
290 407
70 259
157 168
163 378
208 217
17 368
336 423
27 184
166 209
228 473
198 337
141 366
237 484
17 170
32 197
320 439
114 283
131 336
89 336
66 317
46 281
23 260
82 389
59 316
32 77
357 372
82 309
214 365
24 301
156 283
179 456
378 473
108 345
175 320
450 477
307 308
32 73
180 185
226 459
31 42
188 287
263 388
87 456
399 484
23 366
226 327
49 100
444 467
105 326
59 166
181 436
78 131
97 338
199 362
415 498
124 311
120 285
304 323
341 386
215 426
74 389
289 290
137 356
193 254
309 420
220 397
158 295
13 404
174 221
236 271
69 370
74 447
113 410
4 25
217 432
31 262
250 417
123 384
165 470
87 496
218 245
411 494
228 265
34 35
93 334
121 226
153 346
226 463
80 409
251 268
78 387
258 497
66 237
130 407
133 414
203 260
91 260
366 419
225 274
202 295
168 227
236 279
166 233
56 319
92 465
159 258
258 283
42 475
230 387
244 267
253 294
405 458
25 230
158 335
70 479
44 397
80 305
176 215
55 350
167 180
167 258
268 331
303 330
404 429
55 202
285 348
53 264
319 328
2 269
6 7
162 441
211 340
158 425
116 325
308 315
17 174
212 357
212 391
10 293
258 305
113 308
322 437
333 352
101 354
281 336
415 420
75 494
92 231
137 402
36 51
405 412
198 253
183 432
106 189
109 170
57 290
10 259
277 388
61 234
359 494
75 406
117 422
30 121
24 353
187 464
37 214
280 483
56 341
62 379
15 194
164 169
12 249
140 379
285 416
35 486
128 293
313 456
300 463
269 492
201 446
144 305
41 170
77 182
4 447
268 323
136 255
120 373
495 496
278 453
91 248
150 455
187 240
126 151
51 76
193 238
158 331
346 457
25 74
247 458
293 466
138 159
210 457
149 338
240 257
31 54
152 187
124 273
69 450
31 126
197 312
383 482
272 447
107 352
289 430
1 138
80 235
126 231
337 462
103 426
213 268
363 498
303 304
247 468
31 424
416 473
23 392
92 299
325 340
76 201
117 168
62 415
245 380
371 480
37 148
324 333
243 296
107 126
296 305
61 258
248 483
231 330
175 230
91 430
52 191
190 401
341 440
7 454
27 440
73 336
263 424
195 322
99 202
411 412
44 293
286 407
247 390
180 281
15 100
313 336
323 412
80 185
30 315
85 444
398 425
53 430
13 452
171 394
69 356
300 459
195 372
65 468
206 307
83 354
139 408
66 429
68 421
182 253
269 498
73 172
84 229
256 283
11 112
413 428
227 376
135 430
115 452
57 274
368 445
61 398
138 397
59 60
85 460
123 178
72 163
440 485
19 466
321 356
126 297
422 455
44 209
44 137
368 395
440 473
129 272
236 375
58 271
267 392
64 369
55 128
78 259
239 276
293 304
53 154
102 311
73 146
415 458
108 301
112 309
123 278
223 456
414 463
238 329
120 321
143 206
165 214
181 480
414 435
353 392
11 142
34 55
308 405
124 417
71 92
408 499
123 406
241 284
52 319
35 190
341 470
64 395
137 470
203 316
228 439
3 274
424 455
238 327
43 278
217 244
264 421
406 461
116 485
125 126
225 300
174 215
84 477
124 383
242 467
54 375
91 462
29 188
248 331
54 59
149 454
157 302
278 347
127 170
323 360
288 431
195 258
98 455
191 212
128 379
13 144
472 475
241 434
132 295
151 394
265 334
465 466
246 357
112 361
164 447
292 319
158 285
257 334
335 408
138 237
201 420
190 335
44 391
148 167
143 482
361 392
338 341
225 476
110 421
241 448
251 266
4 121
111 430
211 350
258 381
110 433
112 331
26 447
434 437
434 455
271 462
266 305
195 302
340 341
186 475
134 339
202 311
137 302
317 330
336 409
14 65
49 416
21 156
210 401
186 299
104 429
309 328
191 314
62 131
285 486
5 354
88 409
217 218
37 470
356 363
246 461
59 110
215 436
239 398
31 428
2 185
443 446
47 84
98 191
131 340
81 316
6 263
346 379
88 389
273 452
230 383
392 465
99 428
8 469
210 211
38 437
2 259
76 181
337 370
205 280
225 290
463 464
158 299
210 485
261 382
307 490
32 319
62 305
305 326
155 186
97 100
418 499
167 214
167 494
33 92
138 173
40 415
413 414
386 491
429 454
55 484
45 428
190 263
64 79
406 433
184 313
279 294
40 405
14 409
183 464
122 255
95 386
199 298
15 384
379 426
355 368
43 372
5 402
273 428
339 382
327 340
8 129
211 240
260 433
69 202
94 461
323 396
213 314
123 478
21 290
208 359
59 104
144 483
44 369
322 405
11 318
298 425
67 120
218 365
116 343
395 414
51 454
206 335
62 441
76 143
106 361
66 199
360 473
10 355
91 136
14 181
41 452
145 218
210 231
27 212
168 427
70 231
269 446
118 217
199 442
405 482
328 499
193 292
414 423
31 66
157 166
342 421
193 344
138 493
64 239
255 420
101 166
30 321
158 453
13 34
87 108
136 291
52 151
8 153
217 230
23 326
260 261
72 359
31 268
99 366
400 455
430 479
257 426
417 500
213 440
217 362
65 66
228 233
44 119
444 459
263 444
55 206
469 474
83 272
13 194
140 415
14 119
120 255
85 206
42 103
245 264
359 406
106 353
204 373
126 199
181 404
107 212
55 296
223 264
385 482
135 478
20 289
78 143
440 495
91 472
374 381
42 391
18 273
194 349
183 300
82 391
313 404
93 436
202 437
380 487
7 364
63 312
142 157
245 294
121 442
155 220
154 359
168 375
185 276
69 418
53 272
46 73
158 263
107 144
4 185
86 407
135 466
123 328
110 269
37 326
412 451
161 170
133 480
79 280
119 120
104 105
72 149
198 373
153 338
215 240
87 114
65 212
8 231
266 437
357 368
221 396
268 493
207 340
327 450
152 431
177 282
146 457
34 197
36 459
30 59
454 469
68 179
100 145
9 14
362 365
86 161
189 260
72 343
34 387
382 393
271 442
188 403
218 493
18 481
388 455
219 336
90 409
88 325
311 476
4 113
156 437
169 416
364 445
52 305
89 402
82 193
118 329
47 164
317 410
318 489
276 415
13 146
337 392
220 359
63 248
327 386
70 345
296 327
186 393
150 461
249 356
312 403
20 143
109 194
107 268
110 461
182 381
325 326
78 277
197 352
43 146
186 333
165 226
367 386
261 374
20 167
248 495
83 306
50 215
365 476
422 495
384 487
7 188
272 361
22 343
203 426
142 181
293 368
68 243
468 495
346 407
113 232
216 257
68 165
251 372
12 177
159 434
126 145
124 233
148 397
214 343
198 229
167 176
63 302
146 463
49 240
128 137
311 344
245 350
37 60
149 352
125 406
295 408
216 381
312 485
190 247
187 292
15 460
208 379
125 498
71 274
134 449
218 321
166 223
202 427
428 451
22 413
56 159
428 461
90 305
63 434
233 236
248 363
244 305
36 303
21 420
161 176
39 496
359 388
151 184
202 313
221 284
274 445
361 406
99 418
253 474
285 428
249 400
41 286
134 213
219 280
272 345
118 271
399 412
61 156
181 350
166 281
11 224
167 170
128 209
146 407
267 372
221 346
88 273
305 494
366 497
400 459
32 33
332 365
170 251
25 64
59 158
12 373
123 486
154 183
69 244
202 289
120 239
78 353
169 194
65 80
115 494
339 474
134 199
221 430
345 398
87 94
236 491
130 283
117 332
273 344
242 375
96 405
235 426
349 426
79 462
197 404
458 491
118 137
145 244
97 258
265 426
153 462
432 443
287 492
148 467
119 124
268 363
40 481
27 306
93 438
188 483
88 387
44 97
246 491
24 481
409 490
268 445
237 310
276 389
239 354
1 226
113 192
99 476
30 97
30 319
56 471
156 357
292 303
271 364
234 449
400 425
92 463
32 453
341 348
35 302
354 367
403 480
240 495
27 434
211 232
85 226
164 165
221 468
172 401
194 483
87 268
76 387
145 280
418 441
36 429
216 225
220 317
84 93
344 453
116 413
16 433
71 322
11 480
327 328
175 438
285 304
196 359
375 382
258 379
12 469
72 197
60 261
99 458
61 428
92 469
151 346
73 104
276 495
102 409
26 455
295 410
259 426
1 110
333 358
77 112
311 434
225 376
112 173
303 324
54 379
107 310
85 302
265 456
151 500
129 236
187 460
345 494
100 203
99 168
78 135
80 347
357 412
73 144
327 436
191 274
76 329
114 215
195 256
129 372
75 172
41 454
250 495
104 417
69 264
17 288
136 227
81 292
67 156
268 413
223 300
123 322
110 491
133 472
174 473
58 87
46 343
336 477
136 321
95 106
87 208
280 377
110 203
186 467
302 479
411 486
185 396
188 273
15 178
27 398
29 154
45 358
66 271
445 472
94 215
190 357
61 360
183 406
306 317
30 57
264 409
123 286
2 431
15 326
210 365
150 213
174 395
54 205
11 82
324 393
271 370
374 459
157 434
290 461
68 199
197 464
93 114
17 300
51 238
102 263
103 328
79 170
269 312
278 435
119 476
218 277
403 424
68 435
1 220
132 247
243 292
97 252
165 340
230 395
311 406
28 413
371 372
397 460
260 279
375 456
236 347
317 440
60 273
296 437
285 340
321 440
266 285
140 189
60 189
101 392
112 255
86 479
286 341
163 398
33 130
78 377
116 417
38 173
6 223
163 490
116 253
262 387
30 51
12 367
98 229
266 339
359 382
142 407
377 490
149 408
111 368
8 163
237 404
277 328
25 378
62 115
308 471
439 444
181 488
124 285
35 426
11 380
71 136
138 447
221 224
165 180
4 203
378 497
313 382
138 393
155 384
43 70
263 396
37 118
133 192
75 412
49 190
32 245
282 361
419 424
193 440
90 285
22 23
55 440
2 461
432 495
90 309
374 475
36 231
78 205
45 216
118 267
283 318
166 185
219 360
26 285
39 240
157 184
295 380
373 478
125 254
76 403
400 461
122 123
34 89
145 158
20 493
34 337
264 437
72 457
188 275
106 411
268 491
94 301
182 371
83 326
207 350
105 288
47 348
137 384
174 349
113 144
264 383
75 118
246 423
185 260
96 187
80 489
243 440
122 175
8 277
166 203
283 406
217 302
284 341
137 330
319 398
212 225
196 331
62 181
74 223
275 366
409 414
480 499
250 277
125 470
67 388
115 204
191 282
248 337
261 426
81 356
105 408
189 382
109 242
58 245
425 474
60 233
242 243
99 248
107 174
308 441
32 57
73 76
73 284
418 481
114 275
132 263
130 143
181 454
93 338
52 307
274 403
249 436
81 108
299 382
67 134
37 458
74 293
168 295
111 418
131 174
19 298
398 483
297 464
7 242
364 433
117 150
439 480
334 479
78 191
366 367
149 244
319 464
339 436
27 186
137 372
9 110
266 473
28 267
191 306
35 358
292 333
248 375
28 29
36 281
81 96
5 224
60 467
114 459
81 364
352 403
53 244
390 457
175 206
37 356
225 248
6 241
412 465
166 431
96 177
238 439
251 380
46 145
154 255
185 418
65 158
47 360
291 450
168 457
76 105
196 235
47 492
41 410
135 182
392 483
285 316
277 384
172 227
207 338
323 394
126 339
209 216
201 448
159 264
53 344
349 362
150 249
395 452
46 59
267 350
216 283
59 172
187 404
159 274
21 238
24 165
274 449
93 102
138 373
50 105
3 360
364 447
139 182
118 317
130 173
94 473
57 108
192 457
25 474
306 457
1 194
74 285
326 455
30 427
191 488
1 60
40 279
270 407
382 431
146 277
131 308
264 491
390 473
281 354
62 487
143 310
197 300
169 444
238 389
355 450
194 227
105 314
262 295
74 489
390 401
294 497
218 475
240 305
195 356
123 392
8 201
87 106
215 428
241 436
64 417
180 239
82 443
50 141
269 496
164 259
254 417
351 352
266 267
172 449
93 332
16 305
133 398
236 261
97 156
289 484
41 212
107 198
182 261
139 426
328 371
147 186
250 263
205 484
117 282
108 289
5 186
282 419
217 364
120 477
35 292
140 153
213 330
114 375
440 469
61 104
35 150
153 362
66 71
27 284
263 370
51 304
150 185
188 463
158 499
288 375
136 471
62 493
9 224
106 207
22 291
100 359
219 368
101 212
292 459
210 397
172 463
300 431
127 332
117 414
217 324
283 342
295 326
115 334
181 298
158 159
63 406
281 446
256 431
233 458
14 287
22 355
196 467
434 485
224 247
24 293
153 334
400 401
205 442
284 305
57 422
93 230
279 340
71 316
101 148
27 340
140 319
50 161
57 446
101 122
22 197
12 489
151 370
171 230
58 381
190 295
235 392
19 54
120 193
58 147
390 441
440 443
98 463
194 261
365 396
305 356
1 234
243 290
110 403
18 139
309 450
158 245
25 106
52 301
57 246
265 442
97 414
177 480
385 498
119 282
202 347
206 361
226 471
58 249
99 232
75 104
254 485
76 301
350 477
183 382
68 205
161 206
21 220
39 470
49 334
234 323
312 423
286 417
130 221
137 436
45 196
350 369
5 426
271 496
209 494
110 149
106 261
212 437
22 477
10 15
242 279
50 357
458 471
321 484
81 462
132 477
101 302
78 419
6 373
166 405
370 395
53 188
418 427
430 443
52 391
69 482
174 179
287 428
118 397
48 301
62 135
263 498
390 413
235 266
182 401
255 300
173 358
39 184
295 420
12 213
287 358
3 122
283 470
414 489
221 490
13 288
18 287
169 186
242 281
248 441
156 219
36 101
27 354
50 113
91 318
18 401
215 230
8 197
171 432
46 487
202 339
234 267
162 251
29 302
65 246
9 52
26 293
182 427
94 287
206 489
187 320
120 237
33 172
50 209
73 460
27 48
458 465
98 261
177 498
298 449
69 338
86 221
48 377
97 170
120 221
193 248
169 180
212 265
145 208
226 339
11 144
51 232
4 335
458 485
317 402
129 420
61 426
4 223
185 288
31 326
24 363
18 383
7 158
267 278
450 499
296 333
170 379
171 338
324 373
192 321
107 348
1 314
140 279
104 223
4 225
95 250
61 160
180 443
279 324
282 341
129 300
108 145
43 170
400 407
194 211
114 129
44 189
36 127
123 250
27 292
103 156
357 398
170 259
34 383
27 110
192 425
318 471
118 351
284 375
266 375
106 191
315 406
61 454
116 365
35 322
1 72
94 219
216 227
391 470
89 494
16 255
36 149
148 275
240 419
132 405
296 297
233 292
293 334
205 226
56 195
57 496
299 364
415 464
171 406
117 302
180 237
31 332
153 500
56 131
150 279
20 337
200 287
309 456
25 310
404 471
252 401
112 305
303 376
56 65
13 56
48 161
191 200
17 446
29 456
220 455
386 387
130 499
166 341
106 485
385 412
59 366
184 205
180 271
434 465
40 361
209 398
82 279
255 466
349 390
62 399
88 185
57 120
49 230
334 379
35 180
191 292
57 182
288 289
113 348
104 249
293 440
116 159
304 427
213 262
53 150
275 330
195 196
240 467
286 351
182 249
71 162
342 353
59 374
319 354
294 405
347 490
79 282
59 246
383 456
378 389
46 77
53 182
285 334
21 400
253 418
180 391
28 269
139 358
63 234
92 291
110 257
212 431
140 443
148 263
263 362
193 384
4 85
99 390
227 228
259 500
223 250
17 434
329 338
103 242
269 350
8 437
15 496
333 442
87 350
207 324
315 444
303 490
204 351
261 272
340 381
313 374
376 471
412 413
56 469
313 394
53 160
191 366
223 342
53 492
119 196
85 362
31 44
214 265
283 444
1 128
26 269
66 489
22 59
174 347
409 422
399 410
8 141
322 387
60 123
223 412
353 458
198 403
80 363
68 135
75 278
375 414
6 247
48 415
202 409
41 148
123 132
276 489
467 480
199 450
113 288
161 204
241 438
138 343
191 412
85 132
307 316
14 273
4 307
370 397
229 258
218 453
217 338
157 438
17 374
180 309
238 301
234 475
138 231
142 257
283 440
147 148
9 148
112 431
18 339
243 462
71 334
173 314
167 472
308 473
49 486
273 274
448 451
413 452
71 470
368 475
205 260
235 356
179 322
392 489
50 159
49 382
91 482
152 365
71 188
282 365
111 338
152 315
277 334
274 351
366 493
81 168
227 306
144 391
115 474
117 204
188 355
222 475
367 400
47 72
89 296
253 404
107 416
130 479
255 308
131 386
13 350
157 234
57 408
188 465
467 468
128 297
172 417
390 421
117 226
288 393
71 458
118 473
94 173
27 130
442 443
302 469
51 98
109 440
33 226
94 167
55 412
211 236
10 475
137 364
443 470
286 391
385 418
392 481
85 164
291 350
28 457
86 485
189 454
412 487
127 156
115 214
130 453
183 232
332 471
63 258
194 257
31 216
162 423
162 291
298 369
358 447
29 108
225 308
58 451
64 287
241 346
137 238
136 363
162 163
69 262
479 490
58 371
82 215
43 298
367 442
52 473
257 500
376 381
364 419
178 231
85 106
168 371
8 179
116 227
203 362
18 499
234 415
112 373
177 446
135 228
243 376
133 204
188 441
87 240
57 356
55 248
122 313
18 143
176 321
458 495
219 328
102 323
104 365
189 442
211 346
105 302
269 424
252 267
256 343
173 194
154 261
20 21
46 215
260 303
273 280
161 380
80 357
206 325
362 369
99 250
197 288
85 122
3 388
12 57
212 309
42 339
69 358
158 457
21 106
135 384
91 302
161 412
282 403
107 272
405 498
144 289
179 418
111 344
127 366
95 166
153 356
135 344
81 278
84 289
128 433
24 397
210 385
125 136
254 373
16 473
165 418
258 291
96 319
231 258
4 313
189 196
240 447
59 380
317 478
2 145
59 414
1 434
320 325
21 360
414 415
137 328
109 446
36 221
177 482
284 441
138 139
288 363
84 475
46 359
292 299
353 460
82 323
368 427
274 283
41 190
133 134
275 454
239 452
71 488
268 407
10 107
143 146
179 460
76 297
204 227
6 393
24 255
64 167
313 400
203 380
48 255
50 391
183 496
340 407
192 271
38 189
82 301
185 468
64 333
237 456
133 180
72 217
253 342
222 275
29 362
133 274
369 390
240 429
310 373
103 480
159 256
443 500
132 371
58 295
37 174
51 134
37 150
84 231
139 346
129 180
18 253
78 427
272 343
114 321
134 141
113 380
366 463
437 498
209 402
142 393
88 179
14 211
83 218
425 466
51 388
361 462
85 500
218 489
190 387
366 461
162 327
121 434
34 245
197 382
372 391
117 480
331 400
259 470
286 287
255 288
12 167
65 394
183 450
77 358
70 251
207 332
192 193
34 77
333 458
131 274
198 447
3 148
59 444
11 454
2 311
423 458
76 409
158 225
273 300
275 364
2 289
40 389
38 379
74 115
198 241
246 247
61 292
182 271
42 107
20 417
20 243
141 226
82 275
18 227
268 293
212 253
88 151
271 482
85 212
79 116
62 357
261 476
77 450
373 396
128 249
264 495
121 310
220 327
40 289
283 300
132 185
192 353
365 464
129 388
311 370
60 61
164 407
346 499
129 160
95 138
205 414
50 465
329 334
74 427
49 472
297 394
66 201
218 285
121 268
155 178
103 114
43 132
189 300
54 93
222 237
179 236
10 305
67 90
163 246
258 281
187 308
135 290
78 331
31 60
283 352
181 320
89 294
42 347
179 364
327 400
182 189
112 327
83 188
359 378
38 227
73 296
216 417
23 292
50 219
384 409
298 387
30 431
167 392
142 389
12 121
294 391
366 369
247 402
29 416
56 157
238 449
147 378
259 458
24 197
12 91
134 385
29 228
333 418
2 233
262 355
233 450
290 291
14 213
14 49
195 408
103 270
15 188
48 389
208 455
310 339
437 438
376 423
279 286
75 452
13 338
120 399
7 404
307 466
26 125
308 439
16 249
181 322
330 371
37 236
57 146
27 152
145 486
217 256
127 422
272 407
93 268
209 380
95 454
86 449
222 443
22 129
305 306
55 418
270 285
139 262
383 444
157 272
130 157
12 115
171 440
32 435
76 187
121 178
351 500
143 468
139 336
287 426
122 485
55 236
2 443
106 425
200 205
85 414
105 298
163 366
94 181
209 300
76 417
328 351
317 434
193 322
305 484
85 330
93 320
246 353
94 353
243 264
215 468
96 251
144 491
45 356
41 278
71 484
314 387
118 209
316 333
9 392
204 487
245 344
19 230
167 282
79 426
365 426
374 447
363 370
7 236
231 438
11 186
18 169
10 347
87 468
38 483
8 267
131 326
211 464
111 148
155 470
205 494
256 437
165 440
420 493
6 397
204 277
7 108
295 350
109 338
146 187
406 493
41 344
120 443
121 474
81 340
167 388
386 481
114 115
208 419
78 95
35 398
41 252
374 385
201 416
251 394
345 370
248 477
300 367
158 241
185 306
149 216
260 461
78 211
103 484
6 79
55 56
166 449
16 117
2 67
369 370
250 281
50 53
265 444
376 403
36 177
19 250
119 136
86 419
107 312
201 268
7 116
280 399
41 128
222 345
127 224
319 358
222 321
413 438
431 444
134 271
61 98
53 228
62 163
88 493
291 324
67 100
30 245
270 383
120 123
11 264
123 142
127 354
150 197
99 186
76 291
262 305
73 226
308 321
74 129
114 445
160 229
145 364
456 473
106 399
136 391
86 433
274 279
297 472
51 166
193 326
377 438
149 326
16 411
31 314
225 230
190 461
224 237
9 120
15 400
21 498
24 271
111 364
82 149
38 287
23 24
233 436
246 497
64 421
197 236
154 415
79 332
9 22
137 196
251 284
20 127
165 252
23 280
294 417
182 281
316 387
53 324
145 356
140 179
95 290
64 285
116 211
168 251
242 459
6 85
265 266
114 279
145 452
178 191
35 298
157 372
81 438
15 378
346 399
240 287
109 208
474 475
134 145
140 471
140 313
135 156
10 217
389 466
241 486
227 360
362 491
387 450
2 417
79 188
55 434
259 262
99 100
17 196
202 203
21 30
430 435
220 299
58 223
141 202
70 215
198 299
117 190
152 463
159 166
100 125
272 355
25 88
123 126
71 82
96 213
141 364
3 164
68 455
31 186
304 369
238 261
98 433
103 196
32 47
126 283
120 427
190 423
171 174
7 306
432 459
266 293
251 310
26 137
133 174
19 302
175 436
34 487
214 413
211 434
134 205
294 495
357 390
36 223
122 305
135 448
26 385
249 320
228 393
28 355
205 420
128 175
104 397
123 124
32 221
28 89
37 152
173 270
381 382
354 453
154 357
104 463
63 306
89 322
51 312
305 464
279 376
54 315
186 395
482 493
379 456
316 491
454 491
87 386
91 288
111 118
335 440
369 478
62 439
377 486
55 472
71 208
137 264
323 464
35 202
106 385
257 376
245 374
212 269
128 207
115 380
225 394
348 481
41 288
143 192
174 339
152 193
57 358
226 283
125 184
107 366
49 366
324 339
25 166
27 100
84 315
81 394
296 385
320 493
115 408
357 414
127 190
363 490
153 472
284 337
71 168
163 394
282 389
137 360
42 459
274 439
3 310
93 370
232 459
114 233
183 292
309 428
137 320
29 494
14 205
182 391
215 394
311 420
125 492
202 319
28 223
76 347
163 240
93 440
200 217
219 304
159 466
189 294
175 182
143 214
127 292
376 389
407 482
50 145
321 370
203 480
300 327
47 116
184 279
100 101
174 251
59 76
328 491
57 206
230 331
121 284
53 146
189 258
127 270
26 445
65 438
176 293
157 306
100 319
149 420
18 67
43 328
16 497
246 397
36 155
251 362
276 311
289 458
38 339
28 335
146 315
122 129
415 428
46 81
118 169
169 250
195 286
1 94
201 228
6 91
211 390
123 186
87 382
63 438
238 375
7 66
52 195
114 147
167 456
376 383
269 426
20 193
49 130
87 140
292 449
243 478
12 333
29 446
214 389
227 442
166 221
162 271
90 411
271 402
287 424
82 209
311 338
309 414
166 421
64 241
287 488
258 471
63 432
417 486
282 429
213 454
117 234
92 433
5 494
72 269
250 477
37 124
364 457
18 209
32 181
55 242
351 364
134 293
155 406
294 333
67 250
404 499
248 249
264 285
284 483
206 491
178 375
384 395
410 495
380 427
80 267
10 399
42 367
185 328
149 460
9 196
311 404
237 286
57 138
225 344
9 168
115 218
291 444
124 281
451 478
185 218
196 279
84 327
265 468
11 78
39 114
408 489
20 373
33 418
60 495
312 341
174 469
217 316
35 414
74 283
220 387
196 377
246 281
77 338
260 383
496 499
65 480
142 469
139 232
185 486
440 483
304 457
481 482
327 470
124 241
110 479
368 483
227 418
43 234
250 445
13 54
30 71
139 176
305 434
169 332
15 260
183 240
237 472
169 192
174 499
181 324
105 472
139 142
80 445
166 351
46 365
40 281
98 313
122 327
304 367
261 368
14 299
13 98
120 165
110 437
131 182
43 380
183 400
220 277
357 492
58 59
254 457
359 428
17 432
108 455
94 119
137 376
269 406
34 127
196 225
166 353
146 435
41 156
297 478
132 495
68 495
15 308
234 381
139 362
171 240
76 107
231 316
33 496
195 312
122 457
315 344
90 225
235 284
40 243
134 365
56 235
130 383
302 485
253 440
134 471
89 318
64 73
116 291
131 192
178 487
56 481
135 184
31 434
252 357
328 495
293 500
158 497
123 420
219 442
141 142
156 245
193 428
268 449
183 332
134 445
26 161
59 424
126 299
169 454
340 369
90 325
35 70
223 414
168 407
196 265
267 448
129 446
262 361
14 87
330 433
349 406
36 139
312 373
63 214
255 384
34 459
344 491
288 433
203 244
77 180
128 429
378 453
156 171
79 458
94 291
240 329
208 267
151 412
231 250
95 96
463 470
307 350
245 416
234 489
48 185
92 193
68 261
352 497
400 441
175 260
132 281
89 324
307 446
282 349
118 373
402 405
88 433
17 218
109 180
4 123
153 414
295 456
151 456
14 475
147 308
314 499
246 359
49 192
249 418
499 500
228 457
61 126
32 433
42 231
349 416
21 54
212 471
143 228
188 411
114 387
194 263
374 393
382 475
443 496
70 301
37 404
68 491
203 274
212 467
187 342
153 320
121 148
224 335
126 429
455 470
156 265
65 422
37 370
51 488
322 383
203 352
115 200
219 476
108 297
19 430
420 427
348 357
207 404
41 226
33 206
224 421
214 243
69 128
184 391
8 35
93 432
53 352
3 88
69 322
112 435
380 489
150 293
270 295
218 343
108 479
358 455
471 472
322 397
82 411
138 427
39 122
170 421
367 402
178 345
4 21
229 236
173 468
146 279
126 329
380 381
291 396
63 424
370 399
241 464
181 476
171 358
381 480
214 219
2 57
277 444
253 254
216 499
346 435
377 424
308 395
235 296
162 221
214 449
57 278
323 482
69 152
77 380
73 482
270 327
215 256
236 327
121 326
80 265
61 460
331 424
41 240
30 301
478 493
107 408
290 397
101 224
460 479
121 470
313 412
185 210
117 304
314 447
112 147
207 318
12 459
148 297
76 169
107 318
69 114
156 463
390 461
232 391
316 475
112 299
440 445
63 402
220 287
167 446
187 462
245 454
478 487
35 216
75 284
146 195
137 138
83 204
157 320
123 304
111 174
99 148
97 360
69 218
211 422
35 224
203 402
163 482
106 225
309 462
134 313
150 167
121 422
357 380
305 486
26 299
103 326
138 255
131 298
224 343
37 330
376 483
68 305
246 439
371 444
323 382
4 421
143 488
112 453
272 349
89 108
190 417
221 390
292 345
207 316
142 369
22 435
77 326
286 441
286 303
382 405
149 444
300 407
14 481
65 308
122 181
89 214
327 488
163 244
50 431
239 474
74 407
233 470
234 391
32 135
28 379
188 341
38 259
246 379
156 479
137 272
136 275
140 229
170 445
331 482
338 367
37 44
226 417
64 245
256 327
166 167
195 426
382 387
78 125
282 459
58 411
35 450
93 474
220 343
279 396
91 286
229 496
45 280
183 188
75 194
30 235
359 372
122 489
40 229
79 202
111 258
146 253
70 211
215 220
32 315
143 238
19 364
129 204
490 497
287 484
321 362
20 163
304 393
321 414
431 472
118 203
178 237
187 480
314 497
95 314
418 495
23 284
126 163
354 443
209 496
239 434
291 500
163 332
140 303
125 330
11 246
142 363
294 297
232 303
266 333
186 449
318 359
11 300
124 125
94 225
214 453
81 318
193 348
360 369
132 317
272 373
22 439
183 346
1 362
222 317
208 481
394 499
114 429
33 112
63 270
414 443
425 432
243 466
26 27
118 207
49 434
267 328
90 267
12 165
148 285
200 443
418 467
416 493
18 51
130 327
87 242
23 38
435 440
124 487
340 475
2 499
79 276
93 426
173 466
271 444
387 484
99 494
230 427
84 433
54 323
87 138
28 435
199 204
126 207
2 489
105 402
33 442
276 449
335 436
7 128
35 374
238 403
148 173
145 172
277 464
245 278
147 476
241 312
120 417
281 384
189 432
177 422
155 246
349 350
84 281
133 164
205 246
104 111
371 466
330 491
228 303
50 425
54 479
179 230
275 444
56 389
102 271
77 304
279 492
77 482
166 469
241 278
72 199
332 389
38 421
188 363
276 465
81 302
175 500
159 430
32 285
27 204
168 337
280 457
69 180
147 434
282 463
72 393
392 497
102 131
217 452
162 245
23 258
16 23
365 442
54 433
123 160
15 72
129 256
68 171
34 217
47 482
432 467
51 154
176 353
109 116
70 451
151 260
107 328
196 267
278 341
14 457
120 353
279 434
435 486
349 408
183 390
229 366
105 110
149 208
67 188
184 407
105 222
222 445
384 437
362 363
21 440
206 441
446 447
70 171
67 376
111 224
330 383
154 485
151 182
70 147
122 253
30 445
174 291
68 321
142 439
143 200
5 216
329 330
208 437
36 463
310 389
352 487
237 468
2 61
129 322
358 363
266 281
160 293
5 200
240 387
56 265
17 18
82 337
296 459
126 305
26 387
36 65
172 271
144 259
182 375
109 216
97 168
82 321
15 172
155 290
28 273
39 328
255 422
288 325
24 331
181 296
415 456
130 161
33 256
276 355
256 309
225 436
104 431
120 307
72 453
76 299
173 366
14 337
100 243
7 374
96 241
165 360
279 344
97 146
260 289
190 413
30 35
57 116
113 378
72 383
81 162
190 245
5 376
39 144
23 130
52 365
146 339
162 467
70 241
158 481
108 141
264 265
4 353
7 446
342 431
106 301
231 232
251 468
20 103
12 471
173 456
366 411
217 366
189 466
479 492
129 296
425 456
99 268
129 428
39 112
24 249
74 371
103 120
186 353
14 243
76 341
212 497
267 450
32 219
446 463
300 345
282 335
55 96
65 354
311 490
74 299
314 373
112 229
137 322
151 442
72 173
296 415
116 167
397 470
19 376
99 410
281 424
66 485
365 392
315 370
137 342
254 363
275 338
131 310
141 380
127 252
18 431
180 205
2 343
85 144
340 467
337 338
158 199
97 190
132 311
78 299
404 413
152 479
47 440
173 288
326 335
167 168
72 137
217 460
132 479
64 485
36 73
96 109
141 328
178 465
327 468
205 236
119 194
270 459
50 319
9 350
214 269
201 334
72 427
89 92
322 355
24 287
262 309
385 460
10 75
153 226
37 462
25 434
48 151
88 137
326 487
93 222
140 325
87 228
98 205
243 324
79 446
156 223
115 236
435 476
78 429
75 500
280 323
19 378
100 411
90 301
108 365
298 485
50 495
184 301
399 478
173 250
213 214
91 378
13 312
61 408
86 183
215 334
94 359
153 230
229 386
132 383
7 478
402 451
10 325
136 379
266 391
163 322
332 481
185 494
177 378
78 79
82 207
196 361
68 117
349 364
202 429
37 362
17 460
217 440
87 164
52 399
100 143
26 461
410 411
284 429
386 485
137 188
374 485
243 302
252 337
430 477
240 497
372 409
99 398
82 395
145 384
319 370
382 383
268 431
138 481
183 416
87 230
195 226
15 404
336 485
329 444
166 183
151 290
190 347
363 382
151 186
307 358
309 440
58 255
320 369
452 481
93 248
224 275
468 489
64 133
34 311
39 42
41 154
185 372
328 481
12 73
209 344
314 315
309 392
135 396
131 396
171 456
68 139
29 300
451 480
74 443
150 353
98 263
16 29
1 178
251 404
359 444
203 250
100 327
87 372
124 371
460 481
352 475
27 478
167 380
5 472
7 82
214 329
128 243
305 368
176 191
178 401
1 86
86 167
19 412
132 435
151 480
31 202
331 466
285 358
239 250
121 404
34 63
46 399
139 442
64 343
349 384
8 251
12 403
158 361
322 417
48 245
119 190
386 401
347 396
193 486
261 390
114 185
305 374
34 455
182 385
295 418
105 366
109 426
168 221
165 222
75 290
251 414
342 469
326 339
78 177
325 378
254 355
40 363
248 299
203 438
119 342
10 375
90 101
111 162
350 435
302 377
177 460
39 216
396 423
230 355
338 381
274 425
102 195
404 437
386 497
23 188
16 63
135 282
209 458
87 222
223 234
218 367
299 448
354 439
180 187
168 397
349 356
387 490
114 365
75 448
214 445
175 238
35 280
108 335
137 228
315 388
102 129
224 379
132 183
99 108
80 199
49 50
180 499
149 500
288 463
158 393
32 379
142 241
365 500
309 400
124 143
13 178
174 483
362 411
121 312
346 481
188 227
100 189
116 399
2 345
187 194
333 342
133 170
134 269
121 332
355 378
302 433
227 262
34 421
271 458
277 486
124 307
106 417
48 157
111 292
220 339
236 311
268 367
2 379
396 475
262 465
248 397
106 275
49 500
12 465
98 359
81 382
37 106
143 246
83 316
68 121
53 114
301 426
375 440
312 349
93 452
131 496
237 460
76 449
85 420
191 336
96 459
192 317
29 376
174 397
193 228
8 477
203 350
198 431
136 493
256 333
117 140
259 446
80 91
56 69
161 180
47 364
245 332
229 314
363 466
203 494
189 320
14 101
248 283
491 496
72 231
243 386
103 184
264 315
16 303
351 456
90 215
191 494
132 289
38 53
114 253
156 331
147 466
41 174
13 80
190 331
80 337
447 480
30 81
5 40
96 357
238 289
35 300
351 486
158 195
323 378
254 433
40 293
281 334
237 278
143 248
89 152
153 388
151 460
168 181
23 476
167 384
60 419
49 316
316 401
268 349
275 394
55 148
134 237
85 392
60 113
172 255
113 398
129 260
176 205
131 312
58 81
239 382
44 55
98 379
243 470
73 348
291 356
53 338
347 392
373 416
217 466
130 361
304 475
94 333
263 432
325 412
94 381
13 344
63 130
104 369
67 118
335 464
189 428
146 247
294 479
143 144
80 125
308 491
124 299
25 252
226 447
249 476
74 369
23 426
361 424
164 391
380 437
311 372
57 82
229 262
170 399
395 396
247 332
60 447
379 386
345 442
207 488
189 322
348 379
147 492
103 476
74 357
242 273
163 452
212 355
49 276
155 234
373 382
117 368
28 441
326 425
83 290
141 316
390 465
110 419
275 340
79 136
50 245
84 339
52 273
124 139
299 474
108 281
128 295
169 436
41 214
278 279
330 351
140 281
175 334
170 237
182 469
32 61
227 436
69 252
317 500
364 403
155 156
384 433
19 408
108 111
89 188
5 120
111 302
211 440
90 303
38 181
114 419
119 156
257 272
77 236
477 496
6 61
155 254
144 347
162 359
164 183
220 435
101 110
145 326
34 93
446 487
158 231
301 416
19 454
319 452
464 465
85 366
89 154
41 78
159 192
204 437
116 209
234 291
3 60
153 484
77 376
150 339
168 447
321 390
178 409
184 275
137 158
318 325
153 494
308 309
36 39
58 403
265 394
244 321
46 237
390 451
345 426
89 368
75 110
132 483
34 415
108 381
114 447
53 280
53 404
361 440
394 449
260 421
52 385
195 444
367 434
54 55
175 364
9 278
126 261
199 480
359 462
19 360
186 305
56 485
136 487
335 410
6 11
185 360
245 352
107 232
189 216
312 441
225 442
181 444
1 186
277 428
216 237
54 423
10 127
58 393
105 412
51 106
56 335
186 263
109 456
102 367
125 154
229 432
25 334
417 450
167 316
47 296
272 479
13 22
290 393
57 392
309 480
73 150
109 232
252 293
332 405
118 119
85 380
284 383
84 215
122 297
25 380
145 390
128 145
296 461
180 495
471 474
33 42
364 429
32 111
20 87
401 460
233 268
5 20
198 283
90 255
339 494
226 409
43 218
74 471
98 315
30 471
243 252
18 471
151 372
44 325
232 235
70 481
275 372
27 250
11 332
38 211
119 338
75 450
445 500
6 113
266 467
200 485
205 344
295 346
313 314
53 320
76 273
245 368
328 451
21 386
62 79
71 442
41 238
241 424
173 390
129 460
318 319
215 492
273 434
371 410
456 461
129 274
369 452
42 295
223 370
77 284
347 448
8 473
46 277
48 393
5 258
198 207
101 440
267 274
233 468
266 299
149 450
151 206
158 203
185 484
230 247
386 405
92 97
266 453
40 163
35 254
37 280
372 453
361 480
210 311
132 419
69 232
72 235
233 306
66 157
92 345
62 281
191 232
75 466
161 350
235 458
228 383
334 459
326 423
55 400
258 323
293 340
76 213
20 305
355 478
217 462
143 318
69 268
417 480
42 163
248 403
55 496
170 449
163 176
76 287
93 236
254 453
46 337
356 357
205 476
220 255
248 255
314 423
202 421
307 418
179 192
246 335
21 318
250 379
314 361
142 203
114 487
155 322
319 414
256 365
43 150
240 471
209 256
166 333
144 371
383 500
268 437
59 200
204 293
367 472
138 473
229 328
73 432
111 236
85 116
135 414
167 302
48 363
147 490
222 347
258 409
189 292
223 240
159 270
265 308
75 112
8 101
45 478
111 484
317 454
36 337
45 310
45 220
165 174
155 396
205 228
122 443
144 487
69 78
5 394
59 340
90 345
66 159
168 377
9 86
74 83
248 457
189 456
351 442
405 488
66 247
78 389
345 472
384 385
153 420
265 324
56 353
156 317
169 216
149 320
57 256
28 239
491 498
205 210
66 399
333 350
132 351
92 253
323 328
15 80
350 447
369 392
286 355
205 258
79 378
84 193
236 469
118 231
263 284
62 251
316 435
322 373
118 311
248 295
196 407
257 396
279 498
2 365
303 414
36 53
262 447
52 353
61 254
83 362
22 157
54 369
316 461
267 364
23 236
385 408
212 405
178 295
421 450
60 341
112 415
89 142
313 346
53 66
29 394
430 489
161 312
40 377
144 375
218 233
236 447
27 374
150 201
89 440
140 157
328 419
418 477
186 471
176 257
24 357
174 455
52 371
221 326
222 495
277 468
190 343
46 407
342 447
351 482
143 182
101 290
45 402
158 255
48 195
32 437
187 370
287 346
107 330
383 384
7 280
33 476
20 313
60 399
304 465
25 130
210 481
19 274
101 194
326 367
189 468
210 325
16 79
100 377
145 324
75 174
63 430
99 438
1 28
203 428
157 344
260 343
255 314
181 380
460 461
135 218
301 302
33 360
12 439
153 208
137 370
25 118
177 500
284 489
57 482
63 336
329 428
454 489
351 460
31 380
69 154
86 447
39 454
64 273
2 253
64 145
121 388
62 219
180 445
382 409
143 184
138 357
223 398
104 169
177 450
2 125
422 453
144 451
39 482
236 325
94 95
257 480
156 449
8 429
261 332
190 457
353 386
51 256
76 465
67 366
130 237
259 272
202 487
244 307
45 396
131 134
300 409
101 128
444 469
399 400
57 420
254 451
269 398
199 324
208 487
209 472
212 297
222 235
89 438
179 396
187 340
265 290
36 439
178 367
133 310
10 263
36 277
94 163
299 378
235 312
386 441
182 359
202 431
40 189
275 490
267 486
228 425
117 154
92 411
225 330
358 381
242 343
33 40
20 421
173 378
14 69
66 147
209 232
14 263
47 350
89 320
451 482
33 258
278 397
1 286
149 330
161 186
144 453
39 410
17 192
75 132
21 136
175 406
56 491
103 366
296 463
250 349
93 404
53 308
327 330
119 374
273 338
228 275
439 446
289 416
50 207
131 318
342 355
108 195
188 383
225 488
155 464
184 439
144 407
169 266
315 418
230 257
36 475
25 392
282 293
266 463
436 473
213 418
77 150
82 285
141 250
11 338
236 451
104 173
176 299
268 465
101 240
247 292
296 389
384 389
70 439
64 157
99 360
135 496
98 307
216 317
64 341
86 401
205 482
247 422
254 301
203 398
128 189
104 143
26 189
244 467
74 497
13 264
27 474
67 268
329 438
173 214
191 422
44 327
161 226
119 394
355 392
39 204
187 488
220 485
407 408
90 189
337 424
246 457
258 333
13 182
123 150
100 355
213 260
36 189
34 71
159 242
243 328
56 371
159 382
177 350
184 271
46 187
39 370
149 154
67 458
133 334
174 449
43 480
125 168
225 256
418 473
73 422
137 408
42 227
54 333
13 246
179 180
172 361
60 481
75 210
39 364
308 333
157 232
181 342
157 224
348 387
390 393
396 449
135 192
122 157
283 330
63 354
37 320
302 447
101 454
79 292
184 319
413 434
177 258
137 334
186 311
322 439
300 483
28 225
23 178
376 377
276 477
260 417
194 205
231 238
4 327
54 111
166 411
75 460
37 74
22 55
292 437
181 414
40 339
271 368
65 496
78 491
65 478
11 148
444 491
126 307
419 446
43 466
248 461
168 445
114 379
396 447
86 417
196 197
367 456
412 443
58 341
166 461
160 203
108 363
222 255
31 184
378 445
193 324
461 486
251 378
63 394
69 158
161 162
31 122
13 46
132 367
279 292
442 469
140 439
368 377
218 303
142 293
232 383
23 370
40 183
112 177
91 314
404 495
16 379
164 181
33 78
68 475
181 394
283 294
51 320
134 321
210 247
142 429
166 215
313 452
113 116
320 437
57 360
266 397
102 121
65 292
241 484
80 135
11 440
29 438
106 387
133 496
126 241
165 258
152 397
418 459
12 305
73 74
290 475
21 22
411 442
65 94
19 244
274 477
106 217
193 438
427 470
139 480
240 483
366 399
129 250
15 246
160 465
76 279
347 442
186 421
237 478
135 434
33 214
72 79
296 347
37 172
41 384
285 386
53 104
316 417
141 342
275 332
241 322
13 298
172 345
145 146
384 461
216 327
201 456
130 167
204 449
120 147
143 242
73 270
24 63
233 376
94 185
263 430
139 466
174 241
56 467
225 328
10 329
107 500
143 386
143 498
196 345
49 126
412 491
114 425
118 387
264 393
82 429
334 403
115 250
175 176
81 124
118 435
82 245
266 363
201 220
266 389
144 441
69 384
160 311
51 176
160 471
69 184
152 169
164 415
210 439
68 197
236 257
301 324
307 380
20 223
378 469
322 495
75 146
101 368
47 208
49 310
258 329
92 347
287 434
82 105
62 331
86 215
50 433
66 251
315 342
146 419
200 419
48 129
144 263
4 377
62 351
80 421
269 302
270 331
21 464
112 241
138 157
87 170
217 380
99 258
153 256
14 435
403 444
74 181
127 438
124 393
329 446
13 448
310 425
295 338
21 154
109 486
73 286
65 134
155 496
447 498
187 498
46 295
2 121
4 147
73 234
449 458
5 30
257 262
99 154
299 402
36 479
311 312
47 92
145 236
40 181
221 374
295 356
399 458
310 329
455 478
138 319
361 490
16 143
150 181
17 328
118 375
172 369
357 402
22 53
116 449
25 186
217 422
8 413
32 87
265 482
141 402
232 407
135 222
142 415
158 179
163 204
157 492
295 378
68 309
220 311
171 202
38 87
17 140
53 268
19 194
347 400
148 203
13 380
217 388
390 417
21 380
154 315
198 379
35 130
361 364
77 192
103 488
96 379
120 337
222 413
38 251
64 439
11 44
7 372
167 288
377 378
164 385
1 370
110 167
131 300
69 288
62 165
152 473
163 284
33 362
398 399
325 468
22 211
167 428
205 486
53 340
213 430
10 119
26 131
68 105
328 331
67 372
216 407
194 311
56 135
69 278
312 409
82 305
142 253
51 168
245 422
259 466
105 246
288 409
192 241
401 446
149 234
181 452
250 303
129 466
186 223
58 267
314 435
98 487
207 474
82 155
76 221
284 433
113 196
276 473
272 459
12 363
17 342
114 493
176 401
324 475
57 58
27 206
128 191
250 297
125 476
171 452
224 391
174 309
144 151
28 243
219 492
35 330
287 342
60 301
14 77
235 430
452 453
283 464
250 455
292 431
354 457
12 275
215 250
228 257
37 116
296 491
20 201
202 277
103 136
192 347
230 401
81 320
144 187
346 441
133 224
193 220
5 484
55 322
364 455
156 491
325 488
59 256
188 373
37 390
197 348
237 312
236 363
78 317
253 296
44 403
83 474
126 219
335 492
38 153
111 262
49 328
169 354
295 446
56 465
145 410
155 388
52 229
20 381
99 302
269 294
173 280
261 492
132 231
196 403
75 320
145 204
306 491
350 403
267 472
402 441
47 398
154 237
215 362
92 267
48 261
171 404
19 320
353 444
422 437
134 467
69 86
250 369
59 462
452 467
8 441
441 468
197 346
94 315
364 479
187 360
65 384
113 444
410 491
108 367
286 305
73 452
130 343
147 212
147 344
85 484
147 346
270 279
24 25
159 468
99 144
96 217
205 332
132 163
106 479
113 236
35 456
420 467
5 240
230 403
141 406
249 346
383 388
252 419
57 498
211 378
279 314
76 359
199 364
70 193
196 291
51 116
154 273
121 140
81 226
116 421
299 320
71 318
127 254
280 421
230 493
199 408
9 382
328 423
227 494
85 108
192 477
70 247
28 217
170 489
124 345
171 392
79 422
67 68
109 110
375 484
101 288
239 322
170 297
68 87
311 450
267 412
87 492
298 331
7 436
134 451
165 370
246 493
92 415
243 468
232 493
223 316
94 169
250 311
213 234
145 368
2 179
34 75
118 211
293 360
113 246
333 384
340 399
154 277
230 397
64 323
110 463
57 310
210 477
301 356
296 379
129 422
362 487
2 111
138 311
278 367
234 479
432 437
253 302
56 107
105 462
227 458
167 304
59 268
128 455
146 155
65 332
34 189
342 365
95 262
59 220
22 407
243 492
80 87
296 311
93 374
33 316
338 417
19 272
433 454
2 275
7 120
94 487
485 488
209 430
256 471
282 397
16 413
242 305
86 155
52 325
327 406
309 430
39 116
317 364
14 103
63 116
133 250
55 444
140 227
1 438
104 209
167 182
82 221
63 294
155 442
253 466
19 406
355 470
257 436
137 430
77 418
256 339
53 370
257 384
72 353
159 404
384 475
374 461
229 462
207 256
367 496
28 127
347 402
224 327
258 439
177 214
20 205
198 387
171 204
221 222
304 403
80 377
60 361
20 145
396 461
230 325
65 128
244 389
73 140
439 454
281 486
265 412
14 247
346 415
160 489
180 301
372 487
71 228
379 450
113 466
226 233
231 430
81 198
48 329
36 487
51 346
343 482
203 280
298 455
441 448
163 470
42 441
31 466
298 299
302 429
18 361
227 352
124 359
277 476
184 185
185 464
80 283
171 236
292 293
33 280
350 427
380 419
39 270
174 417
59 252
302 393
371 498
193 350
236 291
371 392
59 152
157 316
392 471
116 139
158 193
63 274
252 439
18 19
179 400
68 293
152 345
228 407
112 467
255 436
223 480
127 446
184 325
28 299
50 385
109 416
232 363
434 435
185 248
9 12
62 461
402 495
271 430
225 288
31 244
175 474
129 170
200 311
163 486
57 300
60 217
387 412
28 265
328 361
108 117
17 62
50 189
184 187
403 420
289 400
223 248
10 205
6 121
60 325
23 410
372 473
12 291
160 485
24 105
387 394
238 373
186 415
81 130
206 391
72 143
227 432
128 383
17 146
40 421
203 334
64 197
46 243
265 360
172 311
41 316
170 291
180 489
24 311
154 407
138 195
146 213
302 475
43 224
21 122
429 496
367 396
169 296
216 387
3 452
38 191
263 272
274 399
2 3
124 355
211 364
381 494
220 221
188 295
78 121
11 248
116 435
279 350
135 264
251 286
109 358
2 371
222 315
279 474
155 192
410 459
193 494
248 251
17 496
254 447
7 72
200 307
127 304
209 250
133 314
48 373
224 405
2 195
298 343
119 412
81 248
351 386
200 281
56 313
107 418
340 417
8 397
111 486
181 300
55 238
16 113
183 412
3 338
12 243
146 193
414 455
17 24
202 235
294 443
122 237
46 227
108 127
362 459
235 288
113 496
120 383
81 410
155 500
235 500
193 250
13 142
79 476
223 322
111 470
210 259
183 368
51 128
294 375
244 459
98 233
13 44
5 304
351 470
191 264
105 466
88 245
55 270
182 417
113 286
298 457
45 324
391 446
42 389
248 453
16 131
312 383
265 386
233 368
41 332
54 403
79 274
9 452
194 395
150 309
142 277
91 300
294 311
99 214
248 493
366 417
143 302
109 148
34 51
348 369
35 368
45 330
256 297
213 368
30 287
131 140
60 89
95 154
234 259
166 309
22 255
139 202
189 346
55 330
320 383
123 376
223 232
228 267
25 442
60 65
128 211
23 302
41 480
128 215
10 11
77 438
119 364
17 36
224 407
277 294
90 287
99 354
254 479
2 389
264 347
354 477
138 261
181 244
39 416
210 423
6 135
39 436
108 261
91 134
89 434
125 160
335 484
283 312
133 436
124 271
23 446
326 385
13 230
105 116
187 344
106 285
68 69
274 275
45 452
281 322
46 265
23 282
257 326
25 108
50 147
66 475
30 485
333 438
95 270
166 385
64 401
352 439
64 225
89 428
353 420
82 331
73 218
325 410
181 252
11 74
62 149
11 12
224 257
188 375
31 416
78 117
201 306
20 139
381 450
218 357
179 224
12 497
313 482
159 252
262 445
60 429
61 174
417 494
428 463
107 306
295 302
70 217
393 406
166 245
238 455
258 265
122 495
43 44
45 286
167 420
172 491
402 403
39 164
251 300
225 316
122 217
142 255
239 404
160 491
163 216
125 256
106 327
338 471
323 488
145 152
18 313
66 365
201 470
166 273
415 454
17 388
87 210
14 307
111 220
116 153
301 482
416 417
381 428
122 363
23 34
150 153
55 294
5 158
193 240
144 361
121 266
190 455
132 145
115 130
187 328
102 171
231 362
107 180
256 315
279 280
322 359
90 245
240 407
439 440
197 488
209 406
94 159
66 357
225 324
18 343
165 432
326 481
170 405
397 476
51 382
409 442
1 306
121 316
117 482
38 275
9 242
24 61
181 292
299 412
117 200
148 441
213 422
276 277
12 255
242 409
216 371
70 83
233 342
58 273
399 414
148 403
206 341
69 376
35 312
210 341
228 249
354 411
82 499
169 214
203 332
213 498
11 312
257 470
58 167
79 278
180 275
13 368
96 365
41 328
222 465
148 149
358 463
242 393
32 369
457 480
48 379
292 421
162 433
238 343
267 474
20 423
57 426
34 47
18 165
170 461
190 419
142 205
193 390
188 211
108 375
134 431
408 497
90 385
257 306
228 411
243 342
310 333
60 483
422 427
63 168
45 46
109 496
108 147
251 360
73 410
311 342
76 363
343 500
293 416
137 168
58 205
218 219
50 69
52 309
316 489
205 292
36 243
206 397
351 368
47 248
353 466
108 125
160 387
214 441
141 416
226 421
171 390
27 210
291 318
87 470
330 479
77 132
136 447
188 455
446 481
27 56
9 486
18 87
267 326
236 399
186 477
138 339
31 136
187 384
6 103
48 323
30 83
16 127
59 230
184 195
133 418
156 303
231 476
34 481
327 352
248 261
92 223
387 488
144 233
12 299
71 374
37 454
135 230
29 370
224 243
69 462
90 339
193 374
52 199
227 478
189 290
246 499
464 481
110 227
123 352
213 468
106 287
268 451
101 398
108 265
401 500
124 387
126 313
287 376
111 332
468 485
19 448
233 464
69 334
318 383
56 449
161 216
338 445
139 422
342 387
167 280
97 458
411 460
54 309
297 400
114 243
255 336
74 221
77 140
268 373
48 441
311 482
143 450
148 163
16 225
164 495
353 478
351 408
172 313
287 448
265 354
146 465
376 453
116 239
199 376
153 482
151 230
62 129
106 187
172 385
247 316
45 146
424 427
204 313
113 446
132 209
88 343
270 271
135 368
216 493
282 371
320 381
283 488
374 409
85 126
100 459
440 493
452 479
449 450
27 458
12 431
53 450
144 303
79 100
302 435
58 327
91 242
74 317
170 481
304 469
497 500
16 151
47 218
40 445
4 43
165 436
42 293
257 324
5 476
191 378
197 344
65 216
89 500
11 292
95 322
308 415
183 184
283 434
271 306
249 372
159 168
35 54
87 442
229 346
48 427
196 323
286 317
23 358
81 174
335 380
13 220
33 484
158 483
35 48
182 441
116 157
409 412
85 432
95 242
332 489
204 331
117 136
54 145
375 428
169 308
138 385
306 481
149 332
104 147
237 406
215 496
317 408
88 405
19 488
303 322
25 236
355 468
37 282
444 471
68 433
83 222
139 434
176 311
164 307
187 256
445 462
238 425
8 323
200 495
7 34
59 330
225 380
155 272
262 401
297 336
13 18
157 388
178 289
206 423
344 441
118 383
102 405
118 411
229 484
303 428
137 148
10 191
301 412
73 388
187 472
344 443
213 390
292 487
121 456
80 417
274 433
281 348
272 435
133 360
122 383
27 216
131 222
76 157
367 430
155 422
402 457
191 428
132 251
46 309
143 404
123 448
19 288
331 490
299 400
198 319
278 423
246 307
236 383
25 104
90 311
196 319
103 354
56 207
1 288
116 127
62 339
132 409
74 241
48 181
83 86
57 164
127 308
297 306
265 344
206 229
405 406
422 459
221 358
198 213
339 398
59 84
381 438
273 468
362 451
358 403
107 224
62 211
101 228
259 268
159 330
5 280
112 181
21 458
478 499
93 140
171 208
437 474
32 51
81 486
8 15
285 404
67 402
36 285
157 376
328 421
344 451
368 391
300 491
77 318
221 234
318 481
14 279
87 410
41 368
188 493
49 312
25 472
85 200
68 391
256 435
165 234
116 323
262 279
257 312
314 443
77 232
15 392
51 400
50 171
30 495
376 467
251 490
230 351
230 345
422 487
272 427
144 319
432 461
276 397
94 313
122 329
271 286
112 165
186 253
43 96
377 430
15 160
308 351
54 193
169 492
182 245
28 383
217 356
167 372
367 482
21 466
165 306
157 270
232 315
265 414
308 413
99 470
20 121
187 354
151 312
26 335
162 269
96 467
285 360
19 172
285 418
100 485
20 189
342 343
9 20
291 462
171 178
42 301
352 411
229 362
74 189
224 305
225 264
150 463
157 456
27 122
12 199
82 83
169 368
163 190
106 169
178 489
230 463
17 298
254 285
214 465
165 348
216 379
191 266
25 102
209 228
154 191
369 480
122 227
245 460
273 324
244 443
254 413
4 355
308 493
85 412
247 272
428 433
415 430
23 264
57 142
234 495
383 496
181 198
136 209
43 426
175 422
62 63
329 402
339 340
21 230
5 140
286 403
55 122
444 445
288 357
295 458
259 400
193 282
25 30
18 39
377 476
40 463
255 330
347 464
104 243
48 319
136 345
14 407
221 410
116 235
24 321
31 452
131 444
235 424
74 177
84 89
317 392
159 206
131 220
27 156
204 291
268 421
159 320
85 428
94 339
44 307
211 392
50 275
19 212
26 71
91 138
81 222
84 217
319 428
59 106
8 357
13 326
190 311
164 373
127 128
29 476
57 170
21 456
244 383
361 410
170 479
218 403
33 248
176 425
63 278
336 475
384 407
271 394
243 436
54 99
270 343
21 452
153 194
60 85
188 347
21 196
232 339
195 270
166 293
41 318
281 402
272 381
167 276
215 382
198 453
206 295
356 361
35 346
75 98
274 343
294 483
158 469
84 161
198 277
236 389
174 357
184 231
130 131
154 437
259 434
111 394
385 396
400 477
73 428
303 358
69 436
70 363
43 280
205 330
120 447
398 467
23 60
44 271
87 88
164 341
15 376
328 415
204 301
110 175
278 387
295 328
169 300
80 133
16 369
141 362
160 413
321 478
92 245
174 423
399 430
111 384
128 151
280 451
140 321
111 326
22 461
379 448
246 469
289 294
135 216
261 432
373 402
3 96
374 495
223 488
117 492
178 211
166 213
350 381
99 304
126 139
238 285
118 241
476 495
118 283
11 288
51 270
135 304
129 376
253 324
308 329
146 239
155 168
6 159
147 486
158 423
413 476
160 415
334 427
19 280
75 264
26 457
60 213
259 278
87 274
169 420
29 140
45 166
305 478
297 486
140 437
218 311
22 159
224 441
271 356
118 149
133 404
94 459
8 343
344 345
31 414
190 321
276 469
146 393
294 401
440 447
302 373
413 480
169 360
283 438
316 485
25 52
2 135
86 435
331 408
203 372
26 63
145 482
135 220
60 291
317 404
137 270
126 397
88 337
485 492
36 37
439 464
30 157
52 253
186 267
175 400
301 350
9 28
361 378
66 305
125 428
138 437
470 477
230 245
102 439
199 272
106 381
438 449
76 259
66 121
129 336
397 466
119 392
201 406
116 193
101 244
13 476
68 151
72 411
198 477
56 413
88 205
93 304
305 450
61 214
227 356
209 460
453 454
104 215
80 215
20 239
305 350
54 497
39 130
251 408
67 166
19 98
188 297
201 316
183 422
170 407
147 168
6 475
41 130
93 270
392 459
162 419
82 477
152 313
16 241
208 327
7 136
81 82
5 360
156 483
38 39
163 182
70 365
9 236
168 217
395 490
13 242
197 256
207 300
272 465
324 437
164 445
9 310
26 337
207 370
192 391
88 261
347 484
162 339
272 309
245 434
274 303
188 431
18 89
95 444
88 93
397 408
204 423
80 319
189 348
367 462
70 473
105 474
199 472
411 490
114 195
91 316
263 484
240 241
147 266
137 162
231 420
111 120
167 224
226 399
157 364
442 471
227 486
114 415
10 495
284 495
100 347
162 177
17 370
105 500
61 252
283 366
83 456
24 203
140 387
17 350
227 378
461 490
131 290
53 424
119 274
301 428
287 438
16 463
287 470
154 155
194 301
305 362
21 244
112 191
108 133
299 416
157 350
363 446
8 327
132 133
239 384
6 145
352 459
160 317
204 363
339 442
7 320
183 444
269 470
305 332
135 494
120 419
117 292
295 492
52 283
269 430
42 467
129 184
140 353
3 4
186 433
103 302
356 431
319 400
137 368
225 494
269 402
43 148
231 428
21 32
89 394
321 404
389 390
78 293
180 253
311 350
154 309
108 371
165 298
277 368
249 462
258 399
213 334
371 380
208 297
176 447
206 349
277 430
85 86
70 443
405 492
29 126
90 269
386 421
54 455
252 261
154 187
100 413
78 197
101 220
142 145
150 187
31 500
87 416
53 432
316 321
234 433
50 269
43 356
169 276
73 196
119 430
54 429
75 422
142 497
8 387
45 336
136 467
5 336
287 370
115 274
12 235
461 496
204 445
10 91
187 316
7 48
46 159
393 396
359 466
18 495
141 458
143 436
225 276
186 345
266 273
202 473
262 263
472 473
71 398
134 413
234 393
111 310
255 494
250 317
320 465
47 298
313 362
346 451
71 234
287 320
20 91
240 255
341 476
41 176
395 444
198 199
18 323
5 316
121 480
23 332
66 327
86 139
258 425
217 344
310 461
74 437
218 411
75 94
416 455
157 348
33 430
394 411
97 306
298 403
131 258
41 468
1 16
181 182
284 391
116 465
120 351
96 227
4 99
54 115
388 407
302 415
105 386
180 325
45 70
197 268
204 463
239 326
383 438
232 387
387 392
327 336
56 299
70 107
349 414
30 177
306 477
379 380
400 431
366 481
55 176
32 209
140 429
337 464
10 371
142 457
384 483
29 334
154 203
253 314
109 480
340 455
29 60
234 309
243 392
25 50
42 65
38 433
339 414
176 493
131 468
248 445
174 371
65 432
78 163
193 392
329 480
93 224
2 369
305 382
101 280
215 218
374 417
39 86
93 126
265 480
86 441
45 266
157 254
454 495
19 88
2 239
38 143
389 416
224 463
43 364
5 308
250 351
14 325
111 288
47 124
438 439
8 367
108 337
142 483
60 297
153 310
36 493
47 446
357 468
172 375
272 305
150 483
402 499
149 482
166 271
52 247
94 369
6 425
58 343
327 364
137 424
205 500
219 406
42 43
401 498
181 418
141 396
40 139
303 466
90 229
440 487
58 109
261 486
373 474
66 407
211 268
173 310
150 199
1 80
40 487
336 337
322 375
125 302
154 355
105 436
57 140
206 425
156 167
18 23
131 234
216 491
300 383
251 312
167 306
37 154
321 424
177 402
38 233
290 363
452 489
360 377
459 474
284 455
223 476
317 328
340 379
253 438
144 339
344 395
91 404
425 486
139 258
143 460
195 432
115 488
284 371
6 271
265 432
361 386
146 209
299 436
7 162
4 271
265 356
99 286
70 255
162 189
197 438
1 196
233 260
205 402
230 393
93 180
420 433
158 229
346 365
100 427
140 403
338 457
29 386
89 370
90 153
277 378
165 266
213 456
66 287
152 451
221 406
15 186
193 366
1 398
23 480
34 85
236 283
39 356
11 60
206 217
55 300
79 114
307 464
171 192
1 188
386 461
116 481
65 456
45 52
274 321
209 240
281 330
147 500
447 496
91 322
148 443
211 366
277 390
80 451
1 170
5 306
209 442
225 312
80 211
18 211
201 292
233 486
172 443
125 252
298 499
54 65
13 218
22 325
339 484
301 408
341 416
81 310
280 401
413 494
194 201
178 449
71 238
90 241
60 465
356 391
268 391
51 142
288 449
308 435
131 160
115 410
9 32
148 449
74 343
456 471
280 367
89 298
11 366
201 310
280 405
18 161
305 376
344 389
100 179
16 389
411 418
233 234
178 183
141 210
466 467
37 322
213 376
48 453
149 452
310 363
225 240
187 412
102 443
87 184
19 462
158 301
267 464
157 404
125 142
266 435
152 357
32 281
118 319
225 368
91 268
140 245
8 359
161 304
310 359
36 49
391 456
117 252
337 358
256 453
95 348
419 420
36 205
7 468
56 209
127 370
105 184
11 132
191 260
448 477
415 494
144 243
104 219
31 256
60 131
253 336
360 367
103 450
135 196
383 458
246 431
64 83
415 466
200 339
31 218
71 500
92 169
14 353
335 488
231 280
347 450
290 423
37 306
226 289
170 265
205 412
85 306
188 369
187 210
125 432
91 420
197 394
184 393
131 304
140 447
111 428
233 374
95 370
37 180
110 231
184 211
83 116
311 334
37 104
379 486
262 491
268 273
170 337
94 107
17 138
8 335
219 384
45 384
284 419
242 399
233 322
8 407
315 410
285 406
351 370
10 471
250 331
81 272
207 290
230 271
223 302
340 437
295 318
98 99
84 261
214 495
224 461
350 417
145 342
320 457
9 444
19 482
44 277
347 452
3 374
150 383
62 469
265 390
108 271
24 233
78 183
185 186
81 412
119 278
428 465
101 124
417 426
127 230
184 411
10 393
249 296
134 227
205 278
221 464
128 323
141 344
75 468
470 479
26 237
374 467
5 406
139 162
172 173
130 365
136 257
63 316
160 197
180 373
118 251
100 371
178 309
26 427
40 357
308 331
43 84
109 438
71 232
63 182
307 396
113 316
98 235
265 440
194 275
57 412
234 367
93 458
80 285
77 176
26 411
305 324
2 409
18 137
219 332
302 347
137 404
96 313
52 413
118 259
25 292
32 481
165 318
223 498
64 481
259 410
69 106
154 205
161 250
181 460
346 461
323 432
325 382
125 434
69 414
48 241
12 13
74 413
257 290
5 68
102 337
445 454
297 422
209 482
11 402
14 367
219 300
80 463
54 299
85 474
268 415
283 328
184 457
49 332
257 370
31 36
269 358
11 330
454 465
136 325
248 305
205 406
9 46
289 362
186 309
253 338
85 320
389 450
47 262
153 188
259 318
123 378
363 368
276 297
318 433
310 399
270 307
67 460
247 460
257 484
465 492
315 414
411 462
113 176
231 270
107 386
9 234
13 318
288 441
81 236
130 469
56 177
397 410
226 493
204 397
315 488
55 302
243 310
73 158
244 261
37 428
38 399
243 488
211 426
32 83
34 447
423 464
97 200
11 272
40 147
394 425
4 467
176 201
56 419
285 298
193 480
85 344
122 173
211 386
146 453
256 463
8 29
426 491
278 445
58 459
266 477
30 295
69 460
78 283
15 16
99 256
16 339
104 195
176 497
42 217
102 363
304 311
196 299
119 458
270 423
325 470
225 236
96 295
234 333
34 103
161 276
114 467
50 421
292 311
156 447
61 224
2 191
114 385
97 304
326 405
8 373
162 391
82 373
102 283
157 294
3 336
107 168
300 439
203 354
205 230
54 175
472 491
122 165
151 166
35 430
375 434
183 262
41 400
173 348
18 445
54 459
63 206
227 370
26 437
259 444
363 484
156 163
13 420
328 363
441 498
13 50
99 234
446 485
79 80
59 132
123 456
215 460
117 478
171 308
270 349
286 399
49 146
384 497
104 485
164 309
45 476
163 350
124 227
133 336
44 491
168 187
205 374
18 215
183 344
229 264
140 453
43 476
36 253
276 487
83 158
158 411
104 289
45 264
329 386
36 471
273 330
76 153
112 125
79 120
173 268
33 410
159 444
45 284
441 464
17 448
393 398
7 206
105 236
407 442
41 342
107 298
217 492
474 477
14 99
153 164
197 274
306 471
326 327
175 270
442 479
98 333
3 316
126 383
75 248
248 339
61 120
93 172
41 280
61 310
76 99
227 490
15 358
289 422
177 296
122 275
166 243
98 223
155 306
181 284
60 193
89 474
94 283
124 135
315 404
388 411
143 312
34 243
251 418
172 403
294 493
261 458
104 227
410 425
223 366
25 152
175 368
51 474
41 362
260 453
179 384
149 304
195 308
165 178
77 386
277 314
156 335
291 332
222 379
242 431
198 357
103 348
282 417
96 287
161 454
201 408
335 376
20 85
260 403
97 184
12 335
31 102
156 307
255 256
176 377
304 429
271 374
268 467
55 292
321 396
251 348
197 202
174 255
38 267
378 455
275 484
201 258
250 333
90 405
79 134
140 401
204 399
390 391
47 102
339 406
245 370
194 435
314 429
358 375
180 345
12 203
23 192
16 455
263 318
50 289
147 350
321 336
307 338
3 272
112 267
142 413
173 218
28 483
169 478
189 218
271 318
200 345
400 467
5 108
100 419
156 459
130 137
16 457
129 168
253 498
66 431
350 431
149 256
189 298
343 472
128 279
134 223
244 483
168 489
175 308
348 351
312 375
191 476
146 303
61 226
127 448
152 267
84 179
51 254
139 468
137 280
64 407
157 222
307 434
7 350
205 224
90 455
