16621
Babos Buvivux
Babos Dizozase
Babos Dorilim
Babos Dudux
Babos Fevodox
Babos Firetol
Babos Fisarum
Babos Kavudes
Babos Kikur
Babos Lezinokex
Babos Metibemis
Babos Nazupomen
Babos Remesum
Babos Somamir
Babos Volepir
Babux Bugem
Babux Dolonus
Babux Gobofo
Babux Kerisix
Babux Lalesulax
Babux Mufepil
Babux Mutam
Babux Pafotex
Babux Saputix
Babux Sebisodis
Babux Sevatarur
Babux Simamim
Babux Vamidil
Babux Vidofis
Badosimos Basimil
Badosimos Databomes
Badosimos Keboteter
Badosimos Kelinin
Badosimos Komus
Badosimos Legir
Badosimos Lifal
Badosimos Madederun
Badosimos Mupeninux
Badosimos Nelis
Badosimos Pebukas
Badosimos Ramon
Badosimos Rokal
Badosimos Semer
Badosimos Sesamefom
Badosimos Siduvir
Badosimos Sogokikem
Badosimos Sufir
Badosimos Sunadodos
Badosimos Vivipabus
Badosimos Zapin
Badosimos Zazafeves
Badosimos Zubim
Badosimos Zuner
Bafiga Bipex
Bafiga Faliraku
Bafiga Fidom
Bafiga Ginosikur
Bafiga Kakotu
Bafiga Kufizikin
Bafiga Lifelunix
Bafiga Meno
Bafiga Mirepus
Bafiga Rolul
Bafiga Runonemin
Bafiga Silidunim
Bafiga Sokiketun
Bafiga Surorex
Bafiga Tunox
Bafiga Vapur
Bafiga Vepezano
Bafiga Zelu
Bafiga Zitebim
Bagakal Bavel
Bagakal Bemova
Bagakal Bure
Bagakal Dafebivo
Bagakal Defipim
Bagakal Ditur
Bagakal Gezanal
Bagakal Katora
Bagakal Kinodelem
Bagakal Lubenikim
Bagakal Rugika
Bagakal Sugux
Bagakal Tirumim
Bagakal Vuboror
Bagakal Zazos
Bagakal Zudatorar
Bagamul Bunufetox
Bagamul Bure
Bagamul Degezu
Bagamul Dilures
Bagamul Fifafex
Bagamul Gibepagin
Bagamul Goviremax
Bagamul Lekafesil
Bagamul Matator
Bagamul Nafifidum
Bagamul Ribivazox
Bagamul Soluva
Bagamul Voduru
Bagamul Zadidux
Bakedin Bovam
Bakedin Bovilemul
Bakedin Dizozase
Bakedin Feromidem
Bakedin Kavimun
Bakedin Keboteter
Bakedin Komitas
Bakedin Nilekigum
Bakedin Rapam
Bakedin Rozon
Bakedin Sigi
Bakedin Tatis
Bakedin Voralur
Bakedin Vozapar
Bakedin Zanapen
Balasox Gelos
Balasox Lifelunix
Balasox Logivabo
Balasox Lovedu
Balasox Milazaras
Balasox Ritir
Balasox Ropal
Balasox Rukex
Balasox Sapo
Balasox Varugefol
Balasox Vofokux
Balasox Vulikus
Balasox Vuluvivem
Balasox Zozo
Balaver Donin
Balaver Gegufan
Balaver Kerisix
Balaver Kukukanir
Balaver Nekinax
Balaver Roveran
Balaver Sedelar
Balaver Sinavizem
Balaver Soril
Balaver Veban
Balaver Zilex
Balaver Ziloneden
Balaver Zokanal
Balekigam Fafa
Balekigam Merobil
Balekigam Mobason
Balekigam Nibugopis
Balekigam Nupo
Balekigam Rakokes
Balekigam Ramovin
Balekigam Rivem
Balekigam Sumoboram
Balekigam Susaludus
Balekigam Vidigix
Balekigam Vuvux
Balekigam Zuzen
Balumur Bararina
Balumur Bunufetox
Balumur Keduberom
Balumur Keritex
Balumur Komotoven
Balumur Lotebalus
Balumur Lutizom
Balumur Mizapa
Balumur Mumanuvux
Balumur Porusem
Balumur Puzapim
Balumur Rutodim
Balumur Senum
Balumur Sugogam
Balumur Sutum
Balumur Tukaven
Balumur Zalodepen
Banakazen Bifegan
Banakazen Debepaner
Banakazen Favex
Banakazen Fevodox
Banakazen Fidom
Banakazen Fiduvulos
Banakazen Forex
Banakazen Fuvumilul
Banakazen Gator
Banakazen Leregirix
Banakazen Lesaser
Banakazen Lezix
Banakazen Lifedo
Banakazen Makiboze
Banakazen Molireman
Banakazen Naserun
Banakazen Ninimovas
Banakazen Paran
Banakazen Ripevu
Banakazen Senum
Banakazen Sogokikem
Banakazen Ziloneden
Bapa Dorilim
Bapa Gugokul
Bapa Kelemen
Bapa Lekafesil
Bapa Molireman
Bapa Mugamalas
Bapa Munufozil
Bapa Pepobemer
Bapa Rebupokos
Bapa Romaves
Bapa Sekaroson
Bapa Semer
Bapa Tuminafon
Bapa Vovudofux
Bapa Zodofom
Bapen Dizoful
Bapen Dogirol
Bapen Fukul
Bapen Fuzel
Bapen Gibubax
Bapen Lakupes
Bapen Lapogix
Bapen Losix
Bapen Lumokusir
Bapen Metibemis
Bapen Regevi
Bapen Sebibax
Bapen Sitetusol
Bapen Solige
Bapen Sonomoles
Bapen Tamazir
Bapen Vopus
Bapen Zagukozar
Bapen Zepimir
Bararina Ditur
Bararina Kafabas
Bararina Katora
Bararina Kobam
Bararina Kodidenor
Bararina Ledugerel
Bararina Lozekogam
Bararina Mepa
Bararina Nezor
Bararina Poron
Bararina Rakezavar
Bararina Rifor
Bararina Virefugis
Bararina Vuzazelir
Bararina Zelu
Baretakas Benizukar
Baretakas Boguzun
Baretakas Bunex
Baretakas Dafovix
Baretakas Dilivetin
Baretakas Favumubul
Baretakas Firetol
Baretakas Fubor
Baretakas Gefugom
Baretakas Kapipux
Baretakas Lakupes
Baretakas Lamobavin
Baretakas Lesaser
Baretakas Lusegibir
Baretakas Mepolel
Baretakas Mibamer
Baretakas Nalosim
Baretakas Nipul
Baretakas Pebukas
Baretakas Puzux
Baretakas Rebupokos
Baretakas Ritos
Baretakas Rukex
Baretakas Sapo
Baretakas Sarazas
Baretakas Tunox
Baretakas Vebex
Baretakas Zadidux
Baretakas Zetorokus
Baripes Bikem
Baripes Boguzun
Baripes Bumitilel
Baripes Daken
Baripes Dekur
Baripes Dokedasis
Baripes Fopodopu
Baripes Fopozoner
Baripes Lapogix
Baripes Lobimabus
Baripes Lobux
Baripes Mavolugur
Baripes Mipipuke
Baripes Mitivazor
Baripes Muvas
Baripes Ravusato
Baripes Savil
Baripes Sumegibil
Baripes Suru
Baripes Tamim
Baripes Tedegofen
Basadutex Borikar
Basadutex Filex
Basadutex Fufuko
Basadutex Kalul
Basadutex Kesan
Basadutex Kodebovum
Basadutex Kogomokal
Basadutex Lalin
Basadutex Lotebalus
Basadutex Menufimim
Basadutex Nagerenul
Basadutex Pifar
Basadutex Ridobufel
Basadutex Siga
Basadutex Situfones
Basadutex Tirumim
Basadutex Tisomufol
Basadutex Tomivoko
Basadutex Vukepis
Basadutex Zuner
Basimil Bezupone
Basimil Bubakis
Basimil Buram
Basimil Dufes
Basimil Kibu
Basimil Korapifum
Basimil Motus
Basimil Nubozil
Basimil Rutodim
Basimil Sasadon
Basimil Sazepa
Basimil Sebokilal
Basimil Tover
Basimil Tukaven
Basimil Verem
Basimil Volefam
Basimil Zagor
Basimil Zaratezis
Bason Dilivetin
Bason Duzifin
Bason Gugokul
Bason Letanuvox
Bason Lezix
Bason Lugodugom
Bason Ravusetal
Bason Simamim
Bason Sipodepu
Bason Vugulon
Bavel Bevum
Bavel Bobosobux
Bavel Bumitilel
Bavel Dimel
Bavel Ditopaso
Bavel Dofil
Bavel Fegigigis
Bavel Gitim
Bavel Kenevam
Bavel Kovesa
Bavel Larinafix
Bavel Logamor
Bavel Muvan
Bavel Nesufuter
Bavel Pisebupin
Bavel Sevol
Bavel Tubir
Bavel Vefovibi
Bavel Vivipabus
Bavu Bunufetox
Bavu Dobunin
Bavu Gukedepem
Bavu Kepegeges
Bavu Lomipam
Bavu Mezumux
Bavu Mimum
Bavu Nopim
Bavu Ramon
Bavu Ronobil
Bavu Rulel
Bavu Sabos
Bavu Saputix
Bavu Satas
Bavu Sebisodis
Bavu Simax
Bavu Timokax
Bavu Vifapitix
Bavu Zazos
Bavu Zefofofo
Bavu Zoton
Bazin Bibam
Bazin Favis
Bazin Fazobisox
Bazin Fifafex
Bazin Geder
Bazin Gipar
Bazin Kekan
Bazin Legir
Bazin Losix
Bazin Ludal
Bazin Muti
Bazin Nafex
Bazin Nediga
Bazin Pivomox
Bazin Rilatidal
Bazin Sipapa
Bazin Sulemas
Bazin Tunazal
Bazin Zabodes
Bebomivul Bezix
Bebomivul Dasafager
Bebomivul Fanedor
Bebomivul Guzar
Bebomivul Kozetem
Bebomivul Lusasa
Bebomivul Nilekigum
Bebomivul Romaves
Bebomivul Sufir
Bebomivul Tidozilen
Bebomivul Tomulas
Bebomivul Torezel
Bebomivul Zalitofis
Bebomivul Zelu
Bebomivul Zomizus
Bedame Donin
Bedame Dopafaval
Bedame Dulodul
Bedame Falim
Bedame Fegigigis
Bedame Gositanas
Bedame Kesan
Bedame Kolebo
Bedame Korapifum
Bedame Molem
Bedame Nedikar
Bedame Nogil
Bedame Nopi
Bedame Regevi
Bedame Romesabel
Bedame Sokarosol
Bedame Sufer
Bedame Tigon
Bedame Tukibos
Bedame Tusululin
Bedame Tutokuzex
Bekapim Bipefimil
Bekapim Dulox
Bekapim Fogugur
Bekapim Gutim
Bekapim Guvufos
Bekapim Nubafimer
Bekapim Sofafavom
Bekapim Tazax
Bekapim Veres
Bekapim Vopiden
Bekomasi Boguzun
Bekomasi Boridumim
Bekomasi Bumitilel
Bekomasi Lusegibir
Bekomasi Mageloris
Bekomasi Makivim
Bekomasi Mopise
Bekomasi Nerax
Bekomasi Nokububos
Bekomasi Noner
Bekomasi Putum
Bekomasi Simamim
Bekomasi Vuram
Bekomasi Zavilire
Bekomasi Zebu
Bekopam Daken
Bekopam Dizozus
Bekopam Dolasopis
Bekopam Dubedegix
Bekopam Dulodul
Bekopam Genun
Bekopam Gilezugu
Bekopam Kapekur
Bekopam Kaperukex
Bekopam Kufodil
Bekopam Lanox
Bekopam Lusokazus
Bekopam Madederun
Bekopam Molem
Bekopam Reminasin
Bekopam Risatosim
Bekopam Risugel
Bekopam Sobefola
Bekopam Vunix
Bekopam Zilerux
Belavizol Bibam
Belavizol Bobosobux
Belavizol Fapis
Belavizol Gipis
Belavizol Ketolas
Belavizol Letorix
Belavizol Nenobatil
Belavizol Nigubulur
Belavizol Nimebigor
Belavizol Papox
Belavizol Remetobon
Belavizol Sipodepu
Belavizol Sonugun
Belavizol Tigul
Belavizol Velata
Belavizol Zofelus
Bemafen Detalom
Bemafen Detix
Bemafen Fatix
Bemafen Fisefumel
Bemafen Kinelom
Bemafen Lafitamox
Bemafen Losix
Bemafen Maran
Bemafen Mokom
Bemafen Nimebigor
Bemafen Nubafimer
Bemafen Ponum
Bemafen Povefus
Bemafen Sezarovin
Bemafen Vuvux
Bemova Bizil
Bemova Dokedasis
Bemova Dudibe
Bemova Fovesil
Bemova Gupanono
Bemova Kazeber
Bemova Ladobir
Bemova Lesomokun
Bemova Miduka
Bemova Mivizusor
Bemova Nafevipem
Bemova Ralozaba
Bemova Rukex
Bemova Sukinix
Bemova Sulen
Bemova Totisovas
Bemova Vuvaruvun
Bemova Zepimir
Bemova Zizifas
Bemureges Bumitilel
Bemureges Buris
Bemureges Fimovasor
Bemureges Fodegotor
Bemureges Gepegen
Bemureges Gevapus
Bemureges Gogafamom
Bemureges Kagodepis
Bemureges Kebux
Bemureges Kudodem
Bemureges Labidal
Bemureges Lemirogon
Bemureges Leregirix
Bemureges Lumazidor
Bemureges Midonix
Bemureges Papox
Bemureges Toris
Bemureges Vuni
Benax Dagizis
Benax Dipagizox
Benax Fisopire
Benax Ganufiso
Benax Giranozux
Benax Kapusugel
Benax Milazaras
Benax Nopivopen
Benax Pilobivu
Benax Pinaboli
Benax Pukakex
Benax Ragex
Benax Semer
Benax Voduru
Benax Zasuvuben
Benax Zoton
Benizukar Duber
Benizukar Fenopu
Benizukar Fevodox
Benizukar Gofam
Benizukar Gusopozir
Benizukar Karonogon
Benizukar Kekar
Benizukar Mugevan
Benizukar Mukogovar
Benizukar Rilas
Benizukar Siduvir
Benupupe Fanum
Benupupe Gifux
Benupupe Gufem
Benupupe Kozin
Benupupe Lavikas
Benupupe Lilamago
Benupupe Lusofar
Benupupe Matator
Benupupe Nopamopux
Benupupe Selir
Benupupe Sidulakom
Benupupe Sudagin
Benupupe Tumalider
Benupupe Vunevufix
Benupupe Zafapu
Benupupe Zogovolim
Bereredi Dones
Bereredi Galom
Bereredi Kafam
Bereredi Mikin
Bereredi Milazaras
Bereredi Mimebir
Bereredi Mokom
Bereredi Nifor
Bereredi Nilama
Bereredi Nonokivam
Bereredi Ranokis
Bereredi Rebupokos
Bereredi Rugam
Bereredi Ruvimukol
Bereredi Venazadun
Bereredi Venum
Bereredi Vetanel
Bereredi Zofelus
Bereredi Zutanusul
Besabun Garen
Besabun Kifiseba
Besabun Koza
Besabun Larakux
Besabun Lolos
Besabun Lubiposin
Besabun Lumokusir
Besabun Nufuzuril
Besabun Rizegumor
Besabun Sebibax
Besabun Siduvir
Besabun Sobefola
Besabun Vufagix
Besabun Vukarisex
Besabun Zapefas
Besax Dutar
Besax Kodebovum
Besax Lales
Besax Lefavegon
Besax Naposazox
Besax Nepux
Besax Pabutudex
Besax Ribimazux
Besax Ruzin
Besax Simes
Besax Tigon
Besax Tofur
Besax Tunazal
Besax Vodir
Besovulam Dulodul
Besovulam Fumofago
Besovulam Galole
Besovulam Gisodox
Besovulam Gudalex
Besovulam Keren
Besovulam Kuvora
Besovulam Lagudobo
Besovulam Lifal
Besovulam Mozisugos
Besovulam Pivomox
Besovulam Silol
Besovulam Zebu
Besovulam Zudan
Bevuduril Delisus
Bevuduril Kalul
Bevuduril Keboteter
Bevuduril Kenevam
Bevuduril Kibikivol
Bevuduril Kupunatu
Bevuduril Nulenutox
Bevuduril Nusom
Bevuduril Saputon
Bevuduril Sezorudis
Bevuduril Sotux
Bevuduril Vozapar
Bevuduril Vozikegem
Bevuduril Vudofom
Bevuduril Vufagix
Bevuduril Zalupax
Bevuduril Zapis
Bevuduril Ziloneden
Bevum Bumitilel
Bevum Dubupufim
Bevum Kasin
Bevum Mabukoka
Bevum Makiboze
Bevum Metibemis
Bevum Minunemis
Bevum Mutafus
Bevum Nagerenul
Bevum Nepebalan
Bevum Rofogazun
Bevum Sipapa
Bevum Zasubun
Bezix Bobil
Bezix Fiveganon
Bezix Gagus
Bezix Gezibo
Bezix Gububox
Bezix Kelemen
Bezix Kerisix
Bezix Lasor
Bezix Lekafesil
Bezix Luvorar
Bezix Muduzi
Bezix Mufepil
Bezix Mugol
Bezix Nenosesa
Bezix Nidevar
Bezix Nules
Bezix Rikil
Bezix Rinovas
Bezix Savofan
Bezix Sivozol
Bezix Sotolezal
Bezix Tabafikax
Bezupone Detepi
Bezupone Favis
Bezupone Femofal
Bezupone Gusopozir
Bezupone Lales
Bezupone Mokiborol
Bezupone Nafevipem
Bezupone Potolalol
Bezupone Resupum
Bezupone Ribem
Bezupone Sagape
Bezupone Todix
Bezupone Tomivoko
Bezupone Zamatu
Bezupone Zusupiger
Bibam Dasafager
Bibam Didaven
Bibam Fedim
Bibam Gefugom
Bibam Kasin
Bibam Kinul
Bibam Kudol
Bibam Mepa
Bibam Mikezol
Bibam Nuruludun
Bibam Polalagur
Bibam Ridomim
Bibam Ripevu
Bibam Sofadul
Bibam Susuvogam
Bifegan Denodux
Bifegan Fipesis
Bifegan Gelos
Bifegan Ginovavil
Bifegan Gurodar
Bifegan Lobimabus
Bifegan Mafes
Bifegan Mizapa
Bifegan Nanen
Bifegan Niva
Bifegan Norenuvox
Bifegan Resovom
Bifegan Tabomunor
Bifegan Vedanuta
Bigon Fenopu
Bigon Fokedipem
Bigon Gefer
Bigon Lapogix
Bigon Lisusux
Bigon Nalosim
Bigon Nanen
Bigon Pepobemer
Bigon Posopufi
Bigon Satozo
Bigon Seludisas
Bigon Vilivukir
Bigon Volidaze
Bigon Zotemukux
Bikem Goriteban
Bikem Kazelux
Bikem Kekan
Bikem Komitas
Bikem Leser
Bikem Lotege
Bikem Metires
Bikem Nigasos
Bikem Pavus
Bikem Piros
Bikem Posopufi
Bikem Ranokis
Bikem Ruzin
Bikem Vupis
Bikem Zeman
Bikem Zivil
Bikisin Didu
Bikisin Gudom
Bikisin Linil
Bikisin Logurar
Bikisin Nozur
Bikisin Pesarolen
Bikisin Ralon
Bikisin Revozulu
Bikisin Sazon
Bikisin Sufir
Bikisin Torezel
Bikisin Turoronux
Bikisin Vifom
Bilabur Davizitin
Bilabur Fipesis
Bilabur Gafimum
Bilabur Gogafamom
Bilabur Kavudes
Bilabur Koragepin
Bilabur Lefavegon
Bilabur Mosova
Bilabur Mudosu
Bilabur Nirulel
Bilabur Pufifam
Bilabur Savovul
Bilabur Vazikoma
Bilabur Visidebum
Bilabur Zudatorar
Bilulul Forevekan
Bilulul Gevimim
Bilulul Lalesulax
Bilulul Lotebalus
Bilulul Panivirus
Bilulul Parugen
Bilulul Ponim
Bilulul Pufifam
Bilulul Rumubudan
Bilulul Sume
Bilulul Tamefogus
Bilulul Zaso
Bimigim Binitos
Bimigim Buduvegel
Bimigim Dafebivo
Bimigim Dagizis
Bimigim Femus
Bimigim Gukedepem
Bimigim Kuvibigix
Bimigim Lagogonun
Bimigim Mikes
Bimigim Mupeninux
Bimigim Nenosesa
Bimigim Nufadam
Bimigim Pesarolen
Bimigim Rusix
Bimigim Rutetam
Bimigim Sovaban
Bimigim Tiragir
Bimigim Titigodu
Bimigim Tugas
Bimigim Vebex
Bini Buvifol
Bini Duzifin
Bini Favumubul
Bini Gofubum
Bini Gokonol
Bini Gutulato
Bini Kovonitem
Bini Mabukoka
Bini Nivix
Bini Parugen
Bini Rupodeme
Bini Similofer
Bini Venum
Binitos Daken
Binitos Ditur
Binitos Fiveganon
Binitos Gasi
Binitos Gotamul
Binitos Kinovutal
Binitos Pepom
Binitos Pesaruder
Binitos Piter
Binitos Pupin
Binitos Sinavizem
Binitos Sobefola
Binitos Terubabi
Binitos Tofozar
Binitos Tukibos
Binitos Vemil
Binitos Votulalol
Binitos Zumezal
Bipefimil Bozal
Bipefimil Bugivas
Bipefimil Degezu
Bipefimil Donor
Bipefimil Fokedipem
Bipefimil Kifusebi
Bipefimil Kubosafas
Bipefimil Lales
Bipefimil Lavikas
Bipefimil Megevinas
Bipefimil Mupekupor
Bipefimil Nuzafol
Bipefimil Punuzorex
Bipefimil Ruliden
Bipefimil Vopus
Bipefimil Vumon
Bipefimil Zobasin
Bipex Bovilemul
Bipex Darofeval
Bipex Dodukox
Bipex Nagerenul
Bipex Sedezin
Bipex Semuvar
Bipex Sivul
Bipex Vedapigox
Bipex Vezol
Bipex Voduru
Bipex Zapis
Biras Denogal
Biras Fovegos
Biras Gagus
Biras Kavemare
Biras Kavudes
Biras Kukukanir
Biras Larinafix
Biras Metibemis
Biras Mitazun
Biras Nerum
Biras Sugogam
Biras Zilex
Biren Gitamin
Biren Kemizukan
Biren Kibebigel
Biren Lifedo
Biren Mosilul
Biren Sume
Biren Timenemir
Biren Vinofor
Biren Zovi
Biritepo Busos
Biritepo Dotil
Biritepo Dozox
Biritepo Fevopamo
Biritepo Gukedepem
Biritepo Lirax
Biritepo Nutotas
Biritepo Ralon
Biritepo Rizusape
Biritepo Semer
Biritepo Sukinix
Biritepo Tagalobox
Biritepo Voludil
Bitimisam Darofeval
Bitimisam Dodenimas
Bitimisam Fizufax
Bitimisam Gotamul
Bitimisam Kuvora
Bitimisam Moretegin
Bitimisam Naral
Bitimisam Nilama
Bitimisam Pisol
Bitimisam Retem
Bitimisam Sigivivom
Bitimisam Sudogotul
Bitimisam Tititan
Bitimisam Tutokuzex
Bitoken Bobovon
Bitoken Buvomox
Bitoken Dakedas
Bitoken Debepaner
Bitoken Dozox
Bitoken Fovesil
Bitoken Funibefes
Bitoken Kinul
Bitoken Kufodil
Bitoken Lilenis
Bitoken Linon
Bitoken Marux
Bitoken Megupa
Bitoken Mekum
Bitoken Mova
Bitoken Muvimodin
Bitoken Nanurim
Bitoken Puver
Bitoken Satazor
Bitoken Similofer
Bitoken Tiror
Bitoken Tisirola
Bitoken Vonizar
Bitoken Vuvaruvun
Bitoken Zaduful
Bitoken Zasusix
Bitoken Zukem
Bitoni Favumubul
Bitoni Fobezekas
Bitoni Fufuko
Bitoni Gofubum
Bitoni Gumotur
Bitoni Guve
Bitoni Kuvora
Bitoni Lovel
Bitoni Ludani
Bitoni Melalis
Bitoni Meninidel
Bitoni Novilel
Bitoni Rerosikar
Bitoni Sebokopon
Bitoni Similofer
Bitoni Sofafavom
Bitoni Sovetufix
Bitoni Tanitopon
Bitoni Tuminafon
Bitoni Volefam
Bitoni Vufil
Bitoni Zavus
Bitoni Zedipibox
Bitoni Zumezal
Bitukusam Demarux
Bitukusam Forevekan
Bitukusam Fudor
Bitukusam Gogazax
Bitukusam Komotoven
Bitukusam Luferizal
Bitukusam Lurapavil
Bitukusam Mavagan
Bitukusam Nurex
Bitukusam Peka
Bitukusam Pona
Bitukusam Tudibalux
Bitukusam Vetanel
Bitukusam Viro
Bitukusam Zakepelor
Bitukusam Zubiribel
Bivuduna Favoketin
Bivuduna Fusadamu
Bivuduna Gisodox
Bivuduna Korapifum
Bivuduna Lutomasen
Bivuduna Metires
Bivuduna Mimum
Bivuduna Mofos
Bivuduna Ruvimukol
Bivuduna Suvo
Bivuduna Vadulumal
Bivuduna Votulalol
Bivuduna Zinunin
Bivuduna Zubiribel
Bizigur Burin
Bizigur Faliraku
Bizigur Fusadamu
Bizigur Gabis
Bizigur Kakamos
Bizigur Ketolas
Bizigur Kugeven
Bizigur Lezinokex
Bizigur Lopilir
Bizigur Mikofom
Bizigur Siliren
Bizigur Sotononum
Bizigur Sulane
Bizigur Volotokim
Bizigur Zasusix
Bizigur Zibu
Bizigur Zimisufur
Bizil Bumitilel
Bizil Ditur
Bizil Dokedasis
Bizil Dusenogul
Bizil Fasex
Bizil Gapuso
Bizil Komotoven
Bizil Kugur
Bizil Ladobir
Bizil Matevilu
Bizil Mozani
Bizil Nules
Bizil Ragobu
Bizil Ritos
Bizil Somamir
Bizil Tamazir
Bizil Vagum
Bizux Bugiradis
Bizux Dalen
Bizux Fumomu
Bizux Gebefegus
Bizux Kerenar
Bizux Mafufegun
Bizux Muvogil
Bizux Nepe
Bizux Pafotex
Bizux Puzapim
Bizux Refas
Bizux Sulis
Bizux Supan
Bizux Vazum
Bizux Zovax
Bobil Dirivox
Bobil Girax
Bobil Komus
Bobil Lifedo
Bobil Matevilu
Bobil Mekalux
Bobil Patanuvol
Bobil Sabezopar
Bobil Sagape
Bobil Sekuro
Bobil Sevudozal
Bobil Sovapusox
Bobil Zumezal
Bobosobux Bumitilel
Bobosobux Dagorilom
Bobosobux Fopodopu
Bobosobux Guve
Bobosobux Lakupes
Bobosobux Lanozives
Bobosobux Miviburos
Bobosobux Nenerer
Bobosobux Neruzax
Bobosobux Pibos
Bobosobux Siga
Bobosobux Sumutun
Bobosobux Susuvogam
Bobosobux Todix
Bobosobux Tumalider
Bobosobux Zizifas
Bobovon Ferapadal
Bobovon Kezidu
Bobovon Lanebux
Bobovon Lefavegon
Bobovon Mofur
Bobovon Niloril
Bobovon Pupin
Bobovon Sepogoges
Bobovon Silur
Bobovon Vagatokir
Bobovon Vedanuta
Bobovon Vumon
Bobovon Zivopos
Bobum Buvim
Bobum Dares
Bobum Digun
Bobum Dilures
Bobum Fevefan
Bobum Fibovusin
Bobum Fovupe
Bobum Gideniram
Bobum Guzu
Bobum Kive
Bobum Lafil
Bobum Lasor
Bobum Lesomokun
Bobum Mesen
Bobum Ralozaba
Bobum Ridobufel
Bobum Sepomos
Bobum Vuzazelir
Bodakom Bunufetox
Bodakom Dudux
Bodakom Duzifin
Bodakom Fibelel
Bodakom Gagus
Bodakom Gelos
Bodakom Gezibo
Bodakom Giranozux
Bodakom Gosal
Bodakom Kerenar
Bodakom Lenen
Bodakom Metar
Bodakom Nopivopen
Bodakom Notidom
Bodakom Nusux
Bodakom Sinozivun
Bodakom Tazedo
Bodakom Tetugogon
Bodakom Zador
Bodil Ditivira
Bodil Favoketin
Bodil Kokix
Bodil Lales
Bodil Libatabin
Bodil Lusokazus
Bodil Malafozor
Bodil Mofos
Bodil Nigasos
Bodil Votulalol
Bogumor Dipagizox
Bogumor Fekitivos
Bogumor Fipabas
Bogumor Geder
Bogumor Keles
Bogumor Lobisetus
Bogumor Medupus
Bogumor Nilekigum
Bogumor Pavogor
Bogumor Romesabel
Bogumor Zapin
Boguros Fomegopex
Boguros Fopozoner
Boguros Lolos
Boguros Lomitukus
Boguros Lunute
Boguros Mefalu
Boguros Nadifavim
Boguros Nogopegel
Boguros Nokububos
Boguros Posopufi
Boguros Ragisen
Boguros Refumam
Boguros Renekix
Boguros Ruvolalil
Boguros Sogazoki
Boguros Sukinix
Boguros Tenis
Boguros Tover
Boguros Vogamukel
Boguros Vonizar
Boguros Zaso
Boguros Zikarigul
Boguzun Bonenim
Boguzun Diloves
Boguzun Favirigul
Boguzun Gelos
Boguzun Kakamos
Boguzun Ludani
Boguzun Madederun
Boguzun Magem
Boguzun Mavolugur
Boguzun Pezeganum
Boguzun Ragor
Boguzun Rufu
Boguzun Tigon
Boguzun Tofozar
Boguzun Toris
Boguzun Vivipabus
Boguzun Vunix
Bokel Dones
Bokel Dukaliri
Bokel Dukur
Bokel Fagibax
Bokel Fere
Bokel Fevodox
Bokel Fofoves
Bokel Fuvevin
Bokel Kinelom
Bokel Muduzi
Bokel Mufepil
Bokel Nufanokil
Bokel Sedus
Bokel Sizapure
Bokel Teveberas
Bokel Verekekol
Bokel Zemon
Bokemam Bunufetox
Bokemam Dopur
Bokemam Dufes
Bokemam Fesafor
Bokemam Fupel
Bokemam Kinovutal
Bokemam Lifal
Bokemam Nurikam
Bokemam Povefus
Bokemam Ruvimukol
Bokemam Solige
Bokemam Timenemir
Bokemam Tinadivom
Bokemam Zador
Bokemam Zupitepum
Bolu Boridumim
Bolu Dafum
Bolu Kenex
Bolu Kifevabel
Bolu Lusasa
Bolu Marux
Bolu Matator
Bolu Mefivegol
Bolu Mikes
Bolu Mimum
Bolu Nuzox
Bolu Pagux
Bolu Pibos
Bolu Remesum
Bolu Vopuravis
Bolu Vufil
Bolu Zaduful
Bolu Zoton
Bomi Dilivetin
Bomi Dubupufim
Bomi Goginovul
Bomi Mutafus
Bomi Nepen
Bomi Polalagur
Bomi Reraturo
Bomi Sofafavom
Bomi Supan
Bomi Surorex
Bomi Vapavigil
Bomoman Buvomox
Bomoman Danepopux
Bomoman Miparu
Bomoman Pimirum
Bomoman Pulelon
Bomoman Tusam
Bomoman Vifudevis
Bonal Ferem
Bonal Fuzur
Bonal Gabokidim
Bonal Gibepagin
Bonal Kozin
Bonal Misegifin
Bonal Napovil
Bonal Ragor
Bonal Ronobil
Bonal Torezel
Bonenim Doriser
Bonenim Faliraku
Bonenim Geder
Bonenim Laponal
Bonenim Lemirogon
Bonenim Losan
Bonenim Milifobon
Bonenim Nonokivam
Bonenim Noser
Bonenim Sivul
Bonenim Susuvogam
Bonenim Tazazan
Bonenim Vopus
Bonenim Zesor
Bonufex Gugokul
Bonufex Kodom
Bonufex Mokom
Bonufex Novado
Bonufex Popukes
Bonufex Putafu
Bonufex Ramon
Bonufex Ribuzan
Bonufex Tokulupox
Bonufex Vedugin
Bonufex Vukarisex
Bonufex Zara
Bonufex Zevisa
Bonufex Zonamom
Bonufex Zotemukux
Bonufex Zovam
Bopix Bubakis
Bopix Funibefes
Bopix Gibepagin
Bopix Gudavi
Bopix Gupanono
Bopix Guris
Bopix Guzu
Bopix Kokufalor
Bopix Kutufezol
Bopix Lotebalus
Bopix Lusasa
Bopix Midonix
Bopix Monutumu
Bopix Nebor
Bopix Nedikar
Bopix Neseron
Bopix Potolalol
Bopix Ragisen
Bopix Rigukax
Bopix Sopir
Bopix Zulol
Boridumim Dapafox
Boridumim Fikeru
Boridumim Goremober
Boridumim Kopusem
Boridumim Mafix
Boridumim Mitivazor
Boridumim Nepuras
Boridumim Nipul
Boridumim Nusom
Boridumim Pepil
Boridumim Retem
Boridumim Tititan
Boridumim Zalitofis
Borikar Doriser
Borikar Kizodur
Borikar Lubenikim
Borikar Lubonosa
Borikar Lunute
Borikar Lutomasen
Borikar Negum
Borikar Nuker
Borikar Ralunar
Borikar Rirom
Borikar Romovem
Borikar Sapo
Borikar Sumudubos
Borikar Zitebim
Bosar Dudibe
Bosar Femaber
Bosar Gumux
Bosar Lapazux
Bosar Lisusux
Bosar Ludan
Bosar Mabebam
Bosar Mezumux
Bosar Miduka
Bosar Mitazun
Bosar Nakapul
Bosar Nerum
Bosar Nilekigum
Bosar Ravusetal
Bosar Renekix
Bosar Sinavizem
Bosar Tafum
Bosar Tebenul
Bosar Vapavigil
Bosar Virus
Bosar Vukepis
Bosar Zepimir
Bosar Zilerux
Bosar Zorevevir
Bovam Dupeber
Bovam Firuder
Bovam Fomegopex
Bovam Gapuso
Bovam Gegufan
Bovam Kodom
Bovam Kozin
Bovam Kudibu
Bovam Lomipam
Bovam Navufifos
Bovam Nopamopux
Bovam Nupuden
Bovam Pabutudex
Bovam Pina
Bovam Runar
Bovam Saputix
Bovam Sepomos
Bovam Sufer
Bovam Tiras
Bovam Vazikoma
Bovam Verem
Bovam Vuram
Bovam Zomizus
Bovilemul Fapubes
Bovilemul Kilolun
Bovilemul Kugel
Bovilemul Merox
Bovilemul Mezumux
Bovilemul Nasasigan
Bovilemul Neruzax
Bovilemul Noses
Bovilemul Pibos
Bovilemul Poron
Bovilemul Rikur
Bovilemul Soril
Bovilemul Sume
Bovilemul Verekekol
Bovilemul Vuril
Bovilemul Zinunin
Bovon Fisefumel
Bovon Kisuko
Bovon Laponutan
Bovon Mibamer
Bovon Miduka
Bovon Nuker
Bovon Rifor
Bovon Ronuvom
Bovon Savil
Bovon Tazifuge
Bovon Tititan
Bovon Vofes
Bozal Dosan
Bozal Dufese
Bozal Fanum
Bozal Fibakadim
Bozal Lufor
Bozal Melalis
Bozal Mivizusor
Bozal Nikox
Bozal Nomasunix
Bozal Pebafasex
Bozal Sulikedis
Bozal Sumegibil
Bozal Susun
Bozal Tabomunor
Bozal Tagalobox
Bozal Zupapolo
Buba Gavofux
Buba Gogazax
Buba Kelas
Buba Koza
Buba Lasam
Buba Mabox
Buba Mibix
Buba Nezu
Buba Rolibix
Buba Tazazan
Buba Tudibalux
Buba Turisa
Buba Zifom
Bubakis Bunex
Bubakis Fenul
Bubakis Gefer
Bubakis Ketu
Bubakis Kufodil
Bubakis Lifal
Bubakis Logus
Bubakis Ludani
Bubakis Munufozil
Bubakis Sakex
Bubakis Sesamefom
Bubakis Sotolezal
Bubakis Tonofore
Bubakis Tuminafon
Bubakis Vuni
Bubakis Zador
Bubamumul Bugiradis
Bubamumul Fenul
Bubamumul Gezagidox
Bubamumul Guzu
Bubamumul Luferizal
Bubamumul Mesen
Bubamumul Nepenuvi
Bubamumul Nozur
Bubamumul Ralatagu
Bubamumul Sonomoles
Bubamumul Verekekol
Bubamumul Zapis
Bubamumul Zegevodux
Bubamumul Zisis
Bubeduvun Legumir
Bubeduvun Losan
Bubeduvun Maber
Bubeduvun Mirufis
Bubeduvun Nizigox
Bubeduvun Nopi
Bubeduvun Rofogazun
Bubeduvun Siga
Bubeduvun Situfones
Bubeduvun Tebenul
Bubeduvun Vosel
Bubeduvun Vuboror
Bude Dikifelan
Bude Fadifogom
Bude Gefutumix
Bude Genun
Bude Kitos
Bude Letorix
Bude Madis
Bude Mafufegun
Bude Putum
Bude Temamor
Bude Totizox
Bude Tulex
Bude Zifom
Bude Zotekul
Bude Zusupiger
Buduvegel Databomes
Buduvegel Fider
Buduvegel Fiva
Buduvegel Gezanal
Buduvegel Lokomul
Buduvegel Muvas
Buduvegel Namubim
Buduvegel Noremer
Buduvegel Vemil
Buduvegel Vidofis
Buduvegel Zorisel
Bufelum Goviremax
Bufelum Keradoda
Bufelum Ketolas
Bufelum Lalin
Bufelum Lobux
Bufelum Logivabo
Bufelum Lubiposin
Bufelum Mavus
Bufelum Muvan
Bufelum Nalosim
Bufelum Nego
Bufelum Pomegal
Bufelum Serogamux
Bufelum Sogolos
Bufelum Sudogotul
Bufelum Sukagugis
Bufelum Sunadodos
Bufelum Zorevevir
Bufelum Zupitepum
Bugem Dadetun
Bugem Dotil
Bugem Kutalasol
Bugem Lurufatem
Bugem Luvorar
Bugem Monutumu
Bugem Mulezusem
Bugem Nelis
Bugem Nepux
Bugem Pepom
Bugem Runonemin
Bugem Vemorolol
Bugem Zalilus
Bugem Zevisa
Bugem Zotemukux
Bugiradis Butelubol
Bugiradis Diloves
Bugiradis Fevopamo
Bugiradis Fuvumilul
Bugiradis Matam
Bugiradis Mufem
Bugiradis Mugol
Bugiradis Rasom
Bugiradis Ruberer
Bugiradis Rukizox
Bugiradis Sebokilal
Bugiradis Zatabox
Bugiradis Zegevodux
Bugiradis Zorevevir
Bugiradis Zutanusul
Bugivas Denilodes
Bugivas Dezeka
Bugivas Didu
Bugivas Dozox
Bugivas Duber
Bugivas Gakisex
Bugivas Gatidor
Bugivas Gudalex
Bugivas Kapi
Bugivas Koragepin
Bugivas Kovonitem
Bugivas Magipefim
Bugivas Megevinas
Bugivas Munanul
Bugivas Nizis
Bugivas Puzix
Bugivas Rusix
Bugivas Sesamefom
Bugivas Tukaven
Bugivas Zafapu
Bugivas Zofum
Bugivas Zozo
Bukilanel Fobisotum
Bukilanel Gageguku
Bukilanel Kupunatu
Bukilanel Mikolifer
Bukilanel Nediga
Bukilanel Nikomale
Bukilanel Pibos
Bukilanel Pivomox
Bukilanel Vatal
Bukilanel Vofes
Bukux Doriser
Bukux Kinovutal
Bukux Larakux
Bukux Pogenagis
Bukux Ramon
Bukux Savofan
Bukux Tonofore
Bukux Zodofom
Bukux Zosuvode
Bulekin Dipagizox
Bulekin Gupilon
Bulekin Guve
Bulekin Guzar
Bulekin Lagus
Bulekin Libatabin
Bulekin Nerum
Bulekin Nukorabar
Bulekin Pibuzar
Bulekin Pigefoni
Bulekin Suvivolo
Bulekin Vozikegem
Bulekin Zalodepen
Bulekin Zeman
Bulekin Zosuvode
Bumitilel Demobos
Bumitilel Dulodul
Bumitilel Duzifin
Bumitilel Fanumedox
Bumitilel Gekelal
Bumitilel Giranozux
Bumitilel Kovonitem
Bumitilel Mabel
Bumitilel Merox
Bumitilel Mirepus
Bumitilel Mitazun
Bumitilel Miviburos
Bumitilel Nulobum
Bumitilel Pebafasex
Bumitilel Pezuzosa
Bumitilel Rasom
Bumitilel Sabos
Bumitilel Sokiketun
Bumitilel Tunox
Bumitilel Zazafeves
Bunex Fupokox
Bunex Gapuso
Bunex Gurodar
Bunex Kifex
Bunex Kugeven
Bunex Lifelunix
Bunex Logus
Bunex Nilekigum
Bunex Pebafasex
Bunex Rukex
Bunex Tagalobox
Bunex Tosanezer
Bunex Zekerar
Bunex Zine
Bunex Zinunin
Bunex Zonamom
Bunufetox Dusimusom
Bunufetox Fedusos
Bunufetox Gibepagin
Bunufetox Kotux
Bunufetox Lozekogam
Bunufetox Megam
Bunufetox Norenuvox
Bunufetox Noses
Bunufetox Paran
Bunufetox Silidunim
Bunufetox Tudibalux
Bunufetox Zimisufur
Bunufetox Zofelus
Bunufetox Zumos
Bunutem Dapafox
Bunutem Favo
Bunutem Gumux
Bunutem Matevilu
Bunutem Nopugon
Bunutem Pabutudex
Bunutem Pirex
Bunutem Pusus
Bunutem Reduvana
Bunutem Tiror
Bunutem Vadopupis
Bunutem Vifudevis
Bunutem Voruzinam
Bunutem Zosuvode
Buram Fipabas
Buram Kagodepis
Buram Kefatix
Buram Kenil
Buram Kovesa
Buram Lemirogon
Buram Lesaser
Buram Losan
Buram Muvan
Buram Nalosim
Buram Pagomor
Buram Rilas
Buram Ritir
Buram Rumuvurun
Buram Virefugis
Buram Zetedil
Buram Zokivel
Bure Duzax
Bure Fider
Bure Gator
Bure Kidiruga
Bure Koterin
Bure Lebasofus
Bure Mabukoka
Bure Mipipuke
Bure Motuter
Bure Nagerenul
Bure Nigubulur
Bure Nupomum
Bure Panivirus
Bure Savalon
Bure Sazepa
Bure Tutokuzex
Bure Vilivukir
Bure Vozikegem
Bure Vunevufix
Bure Zodofom
Bure Zufi
Burin Detatomos
Burin Fibol
Burin Fisarum
Burin Gudalex
Burin Lirax
Burin Lumibalum
Burin Modapis
Burin Monutumu
Burin Nupo
Burin Podedil
Burin Rasidul
Burin Rasitus
Burin Zaza
Burin Zokivel
Buris Dadus
Buris Dagan
Buris Denibom
Buris Dusimusom
Buris Femaber
Buris Fezar
Buris Kepegeges
Buris Laponutan
Buris Motasu
Buris Nerum
Buris Nubozil
Buris Pufifam
Buris Puzux
Buris Rulafor
Buris Sivutubis
Buris Temamor
Buris Zetedil
Buris Zoton
Buris Zunebitix
Busekakol Dagan
Busekakol Dagizis
Busekakol Fupokox
Busekakol Ganufiso
Busekakol Gapuso
Busekakol Golar
Busekakol Kavan
Busekakol Lutofakux
Busekakol Mefivegol
Busekakol Muvas
Busekakol Norizevum
Busekakol Pulunis
Busekakol Sofadul
Busekakol Sorilepor
Busekakol Tuminafon
Busekakol Vamidil
Busekakol Vinofor
Busekakol Vopus
Busekakol Vugulon
Busos Dogin
Busos Dotil
Busos Febuzazex
Busos Kakamos
Busos Kukukanir
Busos Lezinokex
Busos Nadifavim
Busos Peka
Busos Ribivazox
Busos Satozo
Busos Savil
Busos Tiras
Busos Vadulumal
Busos Zofum
Butelubol Gupilon
Butelubol Kinofazil
Butelubol Kozin
Butelubol Madederun
Butelubol Mavolugur
Butelubol Navozigur
Butelubol Nenobatil
Butelubol Pufepares
Butelubol Sobe
Butelubol Teruluros
Butelubol Tosumidix
Butelubol Vapur
Butelubol Vemorolol
Butelubol Vigem
Butelubol Zegevodux
Buvifol Dizoful
Buvifol Ferem
Buvifol Foduven
Buvifol Gevimim
Buvifol Kakamos
Buvifol Kevuvus
Buvifol Komotoven
Buvifol Kufodil
Buvifol Lofezex
Buvifol Nalosim
Buvifol Nerum
Buvifol Nusatipar
Buvifol Pipedus
Buvifol Renekix
Buvifol Tubir
Buvifol Volotokim
Buvifol Vuboror
Buvifol Zazafeves
Buvifol Zemosaram
Buvifol Zuzen
Buvim Funifur
Buvim Gator
Buvim Kifex
Buvim Larakux
Buvim Lifisaber
Buvim Lutizom
Buvim Mekasox
Buvim Nepime
Buvim Pusil
Buvim Sivotifim
Buvim Sivozol
Buvim Solige
Buvim Zisis
Buvivux Dodukox
Buvivux Giranozux
Buvivux Gudezel
Buvivux Kinelom
Buvivux Kinovutal
Buvivux Meninidel
Buvivux Retem
Buvivux Semuvar
Buvivux Sivozol
Buvivux Tazax
Buvivux Telerux
Buvivux Velata
Buvivux Vesuzum
Buvivux Vivipabus
Buvivux Zisaliva
Buvomox Dorilim
Buvomox Famululis
Buvomox Favex
Buvomox Fisefumel
Buvomox Gumotur
Buvomox Kemom
Buvomox Kevuvus
Buvomox Koterin
Buvomox Linul
Buvomox Lurufatem
Buvomox Nulobum
Buvomox Punuzorex
Buvomox Ripevu
Buvomox Sazepa
Buvomox Siga
Buvomox Somamir
Buvomox Tagalobox
Buvomox Tomivoko
Buvomox Vemil
Buvomox Vuloban
Buvomox Zaza
Daboferus Deserar
Daboferus Dopur
Daboferus Fovegos
Daboferus Kebux
Daboferus Minunemis
Daboferus Nanurim
Daboferus Pazimes
Daboferus Ponum
Daboferus Rodo
Daboferus Susun
Daboferus Zominam
Dabulusas Dugulanir
Dabulusas Fenul
Dabulusas Fozorarem
Dabulusas Gapopor
Dabulusas Gisodox
Dabulusas Gunus
Dabulusas Lales
Dabulusas Lamobavin
Dabulusas Luferizal
Dabulusas Metibemis
Dabulusas Mumoses
Dabulusas Pifar
Dabulusas Revuvol
Dabulusas Soluva
Dabulusas Sugux
Dabulusas Vizemin
Dabulusas Vozapar
Dabulusas Vuni
Dabuzolen Dilizur
Dabuzolen Falim
Dabuzolen Fanedor
Dabuzolen Galom
Dabuzolen Kebux
Dabuzolen Kifosix
Dabuzolen Linan
Dabuzolen Megevinas
Dabuzolen Minusa
Dabuzolen Nazututos
Dabuzolen Numekis
Dabuzolen Pebafasex
Dabuzolen Pokepur
Dabuzolen Ralokas
Dabuzolen Tizum
Dabuzolen Vemona
Dabuzolen Veres
Dabuzolen Zatabox
Dabuzolen Zumavaves
Dadaril Fiduvulos
Dadaril Fogirir
Dadaril Goremober
Dadaril Kenevam
Dadaril Keter
Dadaril Lifelunix
Dadaril Milazaras
Dadaril Nozur
Dadaril Pilisogax
Dadaril Ragor
Dadaril Ralon
Dadaril Revozulu
Dadaril Rivopal
Dadaril Soluva
Dadaril Sotononum
Dadaril Varugefol
Dadaril Vesaponil
Dadaril Vuluvivem
Dadaril Zaduful
Dadetun Dimotux
Dadetun Dulox
Dadetun Fapis
Dadetun Gupanono
Dadetun Kenenen
Dadetun Lamobavin
Dadetun Leregirix
Dadetun Mikofom
Dadetun Nesim
Dadetun Nusux
Dadetun Pisol
Dadetun Pofemon
Dadetun Sevudozal
Dadetun Tover
Dadetun Zoker
Dadus Dezeka
Dadus Kibikivol
Dadus Kisuko
Dadus Lamunex
Dadus Madadevix
Dadus Metires
Dadus Nada
Dadus Nidevar
Dadus Ridomim
Dadus Samogisum
Dadus Vofalisox
Dadus Zudatorar
Dafebivo Dagizis
Dafebivo Dipagizox
Dafebivo Dizozase
Dafebivo Falim
Dafebivo Fevopamo
Dafebivo Fidus
Dafebivo Fiva
Dafebivo Guzar
Dafebivo Mefivegol
Dafebivo Menu
Dafebivo Mezumux
Dafebivo Mumanuvux
Dafebivo Nono
Dafebivo Nozu
Dafebivo Poron
Dafebivo Savalon
Dafebivo Vinofor
Dafebivo Zibugubi
Dafofaros Gagus
Dafofaros Gebopen
Dafofaros Gefugom
Dafofaros Kalatil
Dafofaros Kupulukol
Dafofaros Mizufal
Dafofaros Nomalon
Dafofaros Noves
Dafofaros Rakokes
Dafofaros Rilatidal
Dafofaros Tofur
Dafofaros Zalitofis
Dafofaros Zegevodux
Dafofaros Zesulebal
Dafofaros Zibugubi
Dafofaros Zivex
Dafofaros Zokivel
Dafovix Duber
Dafovix Fefagur
Dafovix Karar
Dafovix Lilotes
Dafovix Nalosim
Dafovix Numekis
Dafovix Podedil
Dafovix Sogolos
Dafovix Sovor
Dafovix Venebibam
Dafovix Volepir
Dafovix Zasubun
Dafovix Zemosaram
Dafum Gafunitan
Dafum Kafeso
Dafum Kanuvas
Dafum Kokufalor
Dafum Ladobir
Dafum Lamobavin
Dafum Malafozor
Dafum Mekalux
Dafum Mufem
Dafum Pavidu
Dafum Revuvol
Dafum Rigukax
Dafum Rutetam
Dafum Sipubobil
Dafum Soler
Dafum Tabafikax
Dafum Tegupox
Dafum Vemil
Dafum Vugulon
Dafum Vulikus
Dafum Zapis
Dagan Dodukox
Dagan Genesoki
Dagan Kekan
Dagan Kutufezol
Dagan Lokomul
Dagan Menufimim
Dagan Noremer
Dagan Pagazosos
Dagan Topalazil
Dagan Tumalider
Dagan Vemorolol
Dagan Voralur
Dagan Vuvar
Dagan Zafapu
Dagan Zukigor
Dagizis Depolitu
Dagizis Dipagizox
Dagizis Karonogon
Dagizis Kodom
Dagizis Limur
Dagizis Luzur
Dagizis Melalis
Dagizis Mepa
Dagizis Miviburos
Dagizis Rifor
Dagizis Sepogoges
Dagizis Tamefogus
Dagizis Vetanel
Dagizis Vibuneves
Dagizis Zokor
Dagizis Zupapolo
Dagorilom Dofen
Dagorilom Fitolunex
Dagorilom Gezagidox
Dagorilom Kovonitem
Dagorilom Menufimim
Dagorilom Motus
Dagorilom Neteris
Dagorilom Puzix
Dagorilom Tugin
Dagorilom Vekipebar
Dagorilom Zapis
Dakar Delobogun
Dakar Dipezozu
Dakar Fidu
Dakar Guris
Dakar Ketolas
Dakar Kokufalor
Dakar Logezin
Dakar Niloril
Dakar Siliren
Dakar Vimarox
Dakar Visidebum
Dakedas Dilivetin
Dakedas Dutar
Dakedas Fitolunex
Dakedas Fovupe
Dakedas Fupum
Dakedas Kazelux
Dakedas Lelom
Dakedas Megupa
Dakedas Mitemafom
Dakedas Muti
Dakedas Nurikam
Dakedas Pifetem
Dakedas Sekaroson
Dakedas Sibiso
Dakedas Sipapa
Dakedas Vako
Dakedas Vazus
Dakedas Zapis
Dakedas Zukigor
Daken Dufes
Daken Femus
Daken Gatidor
Daken Gemuzipex
Daken Gogazax
Daken Kara
Daken Mumex
Daken Nepime
Daken Ponum
Daken Rezegos
Daken Romesabel
Daken Rusix
Daken Tesupifel
Daken Togazevos
Daken Vepezano
Daken Vetanel
Daken Zedipibox
Dakubibor Dubupufim
Dakubibor Fasex
Dakubibor Gudalex
Dakubibor Kufodil
Dakubibor Lenu
Dakubibor Ludal
Dakubibor Madofum
Dakubibor Nupomum
Dakubibor Ragisen
Dakubibor Ralatagu
Dakubibor Rasitus
Dakubibor Revuvol
Dakubibor Sese
Dakubibor Sivotifim
Dakubibor Vinofor
Dalen Danisales
Dalen Dogodim
Dalen Kinovutal
Dalen Lubenikim
Dalen Milifobon
Dalen Mudosu
Dalen Navozigur
Dalen Ribimazux
Dalen Rutodim
Dalen Silidunim
Dalen Tazonir
Dalen Vimarox
Dalen Zabu
Dalen Zakepelor
Danalutol Dikusosox
Danalutol Ditur
Danalutol Gevizasir
Danalutol Giper
Danalutol Kupunatu
Danalutol Lusofar
Danalutol Nezokikol
Danalutol Norizevum
Danalutol Novado
Danalutol Selir
Danalutol Sokarosol
Danalutol Tofivukas
Danalutol Vidigix
Danalutol Vopuravis
Danalutol Zalodepen
Danalutol Zazafeves
Danen Databomes
Danen Fiva
Danen Fopozoner
Danen Geguzarem
Danen Gusopozir
Danen Nabom
Danen Nakizus
Danen Navimus
Danen Sapomufon
Danen Sokarosol
Danen Zudatorar
Danepopux Devibofir
Danepopux Dupeber
Danepopux Favoketin
Danepopux Fenopu
Danepopux Gobofo
Danepopux Gupuzir
Danepopux Nafa
Danepopux Pafotex
Danepopux Pezuzosa
Danepopux Pokepur
Danepopux Rasidul
Danepopux Ribuzan
Danepopux Sefe
Danepopux Sidulakom
Danepopux Tematumor
Danisales Fumomu
Danisales Fuvumilul
Danisales Gogazax
Danisales Gudom
Danisales Luvagipul
Danisales Matil
Danisales Miviburos
Danisales Nasasigan
Danisales Nugul
Danisales Posokumel
Danisales Votevam
Danisales Zevox
Danux Doriser
Danux Dubeses
Danux Fefagur
Danux Gipar
Danux Kavirin
Danux Mopise
Danux Nego
Danux Nezokikol
Danux Sobe
Danux Telinur
Danux Tugas
Danux Vedapigox
Danux Vesaponil
Dapafox Gudalex
Dapafox Kinul
Dapafox Lusa
Dapafox Nelis
Dapafox Pudon
Dapafox Rafakisex
Dapafox Ragobu
Dapafox Retem
Dapafox Zevox
Dapikomum Dopafaval
Dapikomum Dotil
Dapikomum Femaber
Dapikomum Keduberom
Dapikomum Kodidenor
Dapikomum Koterin
Dapikomum Kovonitem
Dapikomum Napovil
Dapikomum Rigukax
Dapikomum Sivutubis
Dapikomum Tedegofen
Dapikomum Vozapar
Dapikomum Zabu
Dapikomum Zevox
Dapitobul Dekur
Dapitobul Deserar
Dapitobul Detepi
Dapitobul Fibovabus
Dapitobul Fifafex
Dapitobul Fubipibus
Dapitobul Genun
Dapitobul Golar
Dapitobul Kadobepim
Dapitobul Lemim
Dapitobul Lolivizex
Dapitobul Matevilu
Dapitobul Mavagan
Dapitobul Seludisas
Dapitobul Tiror
Dapitobul Tolokulul
Dapitobul Tonofore
Dapitobul Vivipabus
Dapitobul Vofalisox
Dapitobul Volefam
Dapitobul Zeman
Dapitobul Zumer
Dares Depolitu
Dares Falodobir
Dares Fopodopu
Dares Gasi
Dares Gudex
Dares Kizodur
Dares Lagus
Dares Levulegus
Dares Milifobon
Dares Navufifos
Dares Nopi
Dares Nupo
Dares Pogenagis
Dares Ponim
Dares Sedus
Dares Simamim
Dares Somamir
Dares Vesetonul
Dares Zamatu
Dares Zesulebal
Darofeval Kibikivol
Darofeval Kupox
Darofeval Kupulukol
Darofeval Ladobir
Darofeval Mobason
Darofeval Nadefux
Darofeval Nofoson
Darofeval Pepil
Darofeval Pepix
Darofeval Sarazas
Darofeval Sovor
Darofeval Tepemux
Darofeval Tisirola
Darofeval Zabodes
Darofeval Zemon
Dasafager Dudibe
Dasafager Fezar
Dasafager Fubor
Dasafager Fusezados
Dasafager Gogafamom
Dasafager Pepil
Dasafager Pirex
Dasafager Robiviker
Dasafager Rolul
Dasafager Ruzin
Dasafager Sagape
Dasafager Sevudozal
Dasafager Tekom
Dasafager Vetanel
Dasafager Viro
Dasafager Vurudu
Dasafager Zumer
Dasafager Zupapolo
Databomes Denogal
Databomes Feviral
Databomes Fobezekas
Databomes Gezibo
Databomes Lanebux
Databomes Lemun
Databomes Lenerefes
Databomes Lilenis
Databomes Losix
Databomes Maber
Databomes Mudosu
Databomes Pukakex
Databomes Satazor
Databomes Tudam
Databomes Vadopupis
Databomes Vekedax
Databomes Vofokux
Databomes Zonamom
Datozu Fozam
Datozu Kutufezol
Datozu Lavikas
Datozu Loris
Datozu Losurelel
Datozu Lubu
Datozu Muvas
Datozu Rikil
Datozu Rukizox
Datozu Silidunim
Datozu Tepemux
Datozu Vutuzis
Datozu Zakepelor
Datozu Zekusal
Datozu Zofum
Datozu Zovi
Davizitin Gator
Davizitin Gudom
Davizitin Paduvux
Davizitin Ranokis
Davizitin Sudogotul
Davizitin Sumudubos
Davizitin Zebarevan
Davizitin Zudar
Dazon Fupum
Dazon Gozade
Dazon Gusar
Dazon Ludan
Dazon Luvafekul
Dazon Modikem
Dazon Nenosesa
Dazon Retem
Dazon Rovozukin
Dazon Sidun
Dazon Sivutubis
Dazon Sudogotul
Dazon Tomulas
Dazon Volepir
Dazon Zokivel
Debepaner Divox
Debepaner Fibelel
Debepaner Firuder
Debepaner Fogugur
Debepaner Lifal
Debepaner Lolivizex
Debepaner Melufam
Debepaner Porusem
Debepaner Pulovex
Debepaner Puzapim
Debepaner Rolul
Debepaner Tifidir
Debepaner Zumavaves
Debose Fadisin
Debose Faketidor
Debose Fedusos
Debose Ferapadal
Debose Fiseris
Debose Fubipibus
Debose Kebux
Debose Kenenen
Debose Kive
Debose Kufodil
Debose Lubiposin
Debose Lusilix
Debose Matam
Debose Nafex
Debose Nelis
Debose Nogopegel
Debose Numekis
Debose Sopir
Debose Talis
Debose Teveberas
Debose Vapur
Defipim Dorilim
Defipim Fudor
Defipim Geder
Defipim Gupuzir
Defipim Meno
Defipim Naruzo
Defipim Posokumel
Defipim Ralokas
Defipim Reraruvol
Defipim Sezorudis
Defipim Zilul
Degezu Dikusosox
Degezu Faliraku
Degezu Favumubul
Degezu Fofotes
Degezu Keles
Degezu Kidiruga
Degezu Neteris
Degezu Nizin
Degezu Nomalon
Degezu Nupo
Degezu Popomutom
Degezu Sokikan
Degezu Tuletusan
Degezu Vaso
Degezu Veres
Degezu Zudador
Dekur Karonogon
Dekur Kibux
Dekur Kupunatu
Dekur Mufepil
Dekur Risatosim
Dekur Simes
Dekur Vufagix
Dekur Zebu
Dekur Zumer
Delisus Fedim
Delisus Kavimun
Delisus Kebux
Delisus Kokufalor
Delisus Kufizikin
Delisus Meno
Delisus Mozani
Delisus Sidafunix
Delisus Soril
Delisus Sugen
Delisus Toris
Delisus Vesaponil
Delisus Vozikegem
Delisus Vutuzis
Delisus Zudador
Delobogun Detiko
Delobogun Gidugul
Delobogun Kafam
Delobogun Keran
Delobogun Kugakix
Delobogun Ladekamir
Delobogun Pazen
Delobogun Saputix
Delobogun Sefe
Delobogun Sogax
Delobogun Sopir
Delobogun Soril
Delobogun Tabafikax
Delobogun Tepemux
Delobogun Tititan
Delobogun Vezol
Demarux Detatomos
Demarux Dikufer
Demarux Dodasox
Demarux Fitolunex
Demarux Galole
Demarux Gisodox
Demarux Guris
Demarux Gutulato
Demarux Kasil
Demarux Kepegeges
Demarux Nizigox
Demarux Nopi
Demarux Pepobemer
Demarux Pipedus
Demarux Rezegos
Demarux Sumegibil
Demarux Sumutun
Demarux Vazikoma
Demarux Vezol
Demarux Zelu
Demarux Zesulebal
Demobos Fevodox
Demobos Gutolilun
Demobos Lesaser
Demobos Lesomokun
Demobos Lovel
Demobos Mimuzin
Demobos Pesaruder
Demobos Pilobivu
Demobos Porusem
Demobos Talalubun
Demobos Tetopefan
Demobos Zisipun
Denalol Dogin
Denalol Dusenogul
Denalol Gotamul
Denalol Gusopozir
Denalol Kadobepim
Denalol Kenex
Denalol Kizodur
Denalol Lusofar
Denalol Madofum
Denalol Nilama
Denalol Parelux
Denalol Revozulu
Denalol Ririgupas
Denalol Vatipes
Denibom Fesafor
Denibom Fetume
Denibom Gesenin
Denibom Gididu
Denibom Gurulux
Denibom Kilolun
Denibom Kinovutal
Denibom Ladobir
Denibom Remavar
Denibom Ritir
Denibom Susun
Denibom Tidozilen
Denibom Vunibur
Denibom Vunis
Denibom Zufi
Denilodes Ditivira
Denilodes Fatun
Denilodes Kapi
Denilodes Lekafesil
Denilodes Leteful
Denilodes Mikes
Denilodes Minunemis
Denilodes Rugam
Denilodes Sisipam
Denilodes Sofafavom
Denilodes Sugen
Denilodes Zara
Denilodes Zetedil
Denimozim Dugulanir
Denimozim Fukazilax
Denimozim Fusadamu
Denimozim Genun
Denimozim Gofesal
Denimozim Kibebigel
Denimozim Kitos
Denimozim Kovonitem
Denimozim Lamekal
Denimozim Ledelu
Denimozim Lenen
Denimozim Moretegin
Denimozim Nedox
Denimozim Negum
Denimozim Nodidel
Denimozim Pivur
Denimozim Rifipizux
Denimozim Tatevos
Denodux Dizabemi
Denodux Forex
Denodux Fuvumilul
Denodux Gegufan
Denodux Gezagidox
Denodux Gibubax
Denodux Kugakix
Denodux Lamekal
Denodux Lazen
Denodux Losal
Denodux Minusa
Denodux Mokom
Denodux Mozisugos
Denodux Rokipobor
Denodux Sovetufix
Denodux Sumudubos
Denodux Suvivolo
Denodux Tetobu
Denodux Tofivukas
Denodux Vepezano
Denodux Voduru
Denogal Fimovasor
Denogal Fitolunex
Denogal Fofoves
Denogal Kavirin
Denogal Lasor
Denogal Lusokazus
Denogal Madadevix
Denogal Muros
Denogal Nilama
Denogal Nilekigum
Denogal Nivix
Denogal Pegizorun
Denogal Rebenido
Denogal Sinavizem
Denogal Sofetetem
Denogal Zabodes
Depolitu Dubupufim
Depolitu Garen
Depolitu Kifiseba
Depolitu Kodom
Depolitu Kusin
Depolitu Lopiver
Depolitu Luvafekul
Depolitu Mavolugur
Depolitu Mikin
Depolitu Nusatipar
Depolitu Pigusikur
Depolitu Somegabax
Depolitu Sunadodos
Depolitu Tetugogon
Depolitu Zilerux
Deserar Fafas
Deserar Fuvevin
Deserar Gebe
Deserar Goginovul
Deserar Lekafesil
Deserar Lomipam
Deserar Lomos
Deserar Losal
Deserar Madederun
Deserar Negum
Deserar Noner
Deserar Nusofisar
Deserar Risatosim
Deserar Zivex
Deserar Zonan
Detalom Diloves
Detalom Favirigul
Detalom Gegufan
Detalom Kapusugel
Detalom Kudodem
Detalom Leregirix
Detalom Modikem
Detalom Nuruludun
Detalom Pegizorun
Detalom Ronux
Detalom Sitetusol
Detalom Sugogam
Detalom Tabasux
Detalom Zofugebem
Detatomos Gasolar
Detatomos Gudezel
Detatomos Noser
Detatomos Pipemubel
Detatomos Sipapa
Detatomos Soluva
Detatomos Tulex
Detatomos Vanivu
Detatomos Vesaponil
Detatomos Vigavimem
Detatomos Zabu
Detatomos Zara
Detatomos Zesulebal
Detepi Fogirir
Detepi Gididu
Detepi Kafabas
Detepi Kugakix
Detepi Larakux
Detepi Lirax
Detepi Mefalu
Detepi Mutafus
Detepi Neruzax
Detepi Pavus
Detepi Posibedol
Detepi Rasitus
Detepi Remavar
Detepi Savil
Detepi Tazomovom
Detepi Tokufer
Detepi Tulakuken
Detepi Vemil
Detepi Veres
Detepi Vunix
Detiko Dusimusom
Detiko Fefagur
Detiko Fisarum
Detiko Fitedoren
Detiko Mekasox
Detiko Nibeper
Detiko Nonon
Detiko Nozu
Detiko Refumam
Detiko Rufu
Detiko Situfones
Detiko Vutuzis
Detix Keles
Detix Kifosix
Detix Mimum
Detix Mitim
Detix Rupodeme
Detix Sebokopon
Detix Tinadivom
Detix Vefovibi
Detix Vofokux
Detix Zasusix
Detix Zinunin
Detix Zubiribel
Detix Zukem
Devibofir Fekitivos
Devibofir Fofoves
Devibofir Gobofo
Devibofir Gurulux
Devibofir Kufizikin
Devibofir Lerikux
Devibofir Mozisugos
Devibofir Nadamozos
Devibofir Nazututos
Devibofir Vofalisox
Devibofir Vozikegem
Devibofir Vukarisex
Devuboler Fovegos
Devuboler Gevapus
Devuboler Lamobavin
Devuboler Minusa
Devuboler Sidafunix
Devuboler Tofur
Devuboler Vedugin
Devuboler Zerex
Devuboler Zogovolim
Dezeka Digun
Dezeka Falim
Dezeka Fusadamu
Dezeka Gesinim
Dezeka Lales
Dezeka Letanuvox
Dezeka Lusilix
Dezeka Pepom
Dezeka Pifetem
Dezeka Putafu
Dezeka Sapo
Dezeka Sivul
Dezeka Vigem
Didaven Fasex
Didaven Kupunatu
Didaven Laponal
Didaven Lesaser
Didaven Lozepar
Didaven Mivizusor
Didaven Nenosesa
Didaven Nezu
Didaven Rizusape
Didaven Savovul
Didaven Vemona
Didaven Vigeserim
Didaven Vofes
Didu Fafa
Didu Favo
Didu Fipesis
Didu Gudum
Didu Kibebigel
Didu Komitas
Didu Lumazidor
Didu Mavus
Didu Nego
Didu Nopamopux
Didu Paravax
Didu Pigusikur
Didu Remavar
Didu Sufer
Didu Sufir
Didu Teven
Didu Venazadun
Didu Zokanal
Didu Zokor
Diduken Fazobisox
Diduken Genun
Diduken Guker
Diduken Letorix
Diduken Loris
Diduken Lutofakux
Diduken Lutomasen
Diduken Pipedus
Diduken Pufepares
Diduken Remetobon
Diduken Tonom
Diduken Vemidi
Diduken Zusupiger
Digun Dilures
Digun Fumomu
Digun Kotux
Digun Mezumux
Digun Mipipuke
Digun Mizapa
Digun Nafex
Digun Nipul
Digun Numekis
Digun Tulex
Digun Vamidil
Dikifelan Dilivetin
Dikifelan Fuvevin
Dikifelan Guris
Dikifelan Guve
Dikifelan Koza
Dikifelan Letanuvox
Dikifelan Motasu
Dikifelan Namubim
Dikifelan Pepobemer
Dikifelan Sekaroson
Dikifelan Tukaven
Dikifelan Zekefir
Dikufer Favoketin
Dikufer Kenenen
Dikufer Lirax
Dikufer Luvagipul
Dikufer Mufum
Dikufer Peder
Dikufer Punebego
Dikufer Rasidul
Dikufer Remesum
Dikufer Ribem
Dikufer Zadura
Dikufer Zupapolo
Dikusosox Femupun
Dikusosox Lenerefes
Dikusosox Maran
Dikusosox Nazututos
Dikusosox Nurex
Dikusosox Puzix
Dikusosox Rakezavar
Dikusosox Rikur
Dikusosox Tetugogon
Dikusosox Tudibalux
Dikusosox Tusam
Dikusosox Zatabox
Dilevaror Fazobisox
Dilevaror Fubor
Dilevaror Kerenar
Dilevaror Koza
Dilevaror Kudodem
Dilevaror Meranun
Dilevaror Motuter
Dilevaror Muti
Dilevaror Nololun
Dilevaror Nozur
Dilevaror Nupomum
Dilevaror Nusatipar
Dilevaror Porusem
Dilevaror Rifipizux
Dilevaror Sovapusox
Dilevaror Vukalalux
Dilevaror Zisipun
Dilivetin Dufes
Dilivetin Favis
Dilivetin Forex
Dilivetin Kitel
Dilivetin Lakosos
Dilivetin Nadifavim
Dilivetin Nagerenul
Dilivetin Pafotex
Dilivetin Pepezines
Dilivetin Piresem
Dilivetin Pulovex
Dilivetin Puzux
Dilivetin Silur
Dilivetin Sugogam
Dilivetin Totisovas
Dilivetin Tusululin
Dilivetin Votevam
Dilivetin Zibadox
Dilivetin Zubim
Dilizur Dubeses
Dilizur Gilezugu
Dilizur Gutulato
Dilizur Kapekur
Dilizur Kerenar
Dilizur Kive
Dilizur Leser
Dilizur Lofezex
Dilizur Megam
Dilizur Muros
Dilizur Remavar
Dilizur Rimul
Dilizur Rozefen
Dilizur Sekuro
Dilizur Suru
Dilizur Tizem
Dilizur Tofozar
Dilizur Zigal
Diloves Dofil
Diloves Duber
Diloves Falodobir
Diloves Fider
Diloves Fuvevin
Diloves Keritex
Diloves Kobam
Diloves Lapizos
Diloves Lasuzal
Diloves Lemim
Diloves Maran
Diloves Muvogil
Diloves Nozur
Diloves Nupomum
Diloves Soneras
Diloves Tebenul
Diloves Vesaponil
Diloves Visidebum
Diloves Vufinil
Diloves Zifom
Dilures Fukul
Dilures Gusar
Dilures Lagudobo
Dilures Lamekal
Dilures Lozepar
Dilures Mikolifer
Dilures Mipofodul
Dilures Nada
Dilures Nezix
Dilures Novilel
Dilures Sapomufon
Dilures Sazon
Dilures Zapex
Dimel Ditur
Dimel Fibovabus
Dimel Gatidor
Dimel Gefa
Dimel Gegufan
Dimel Gufem
Dimel Kara
Dimel Keter
Dimel Ketu
Dimel Kuvora
Dimel Mimuzin
Dimel Muvogil
Dimel Nanen
Dimel Novilel
Dimel Rigukax
Dimel Sovapusox
Dimel Subufufu
Dimel Valanumi
Dimel Vapavigil
Dimel Vibigenal
Dimel Vogamukel
Dimotux Dirivox
Dimotux Fupum
Dimotux Fusadamu
Dimotux Fuvumilul
Dimotux Galole
Dimotux Geder
Dimotux Kilolun
Dimotux Lobemirox
Dimotux Meninidel
Dimotux Negum
Dimotux Nepem
Dimotux Nopivopen
Dimotux Ralokas
Dimotux Ramil
Dimotux Sepiges
Dimotux Tabafikax
Dimotux Tamefogus
Dimotux Totanafe
Dimotux Tusam
Dimotux Vudofom
Dipagizox Gugokul
Dipagizox Gusar
Dipagizox Kifosix
Dipagizox Kinodelem
Dipagizox Kive
Dipagizox Kovesa
Dipagizox Lakupes
Dipagizox Ludani
Dipagizox Magem
Dipagizox Polalagur
Dipagizox Simamim
Dipagizox Zivex
Dipagizox Zivopos
Dipagizox Zopefan
Dipagizox Zudar
Dipezozu Gegufan
Dipezozu Karonogon
Dipezozu Kasil
Dipezozu Kezetus
Dipezozu Kudibu
Dipezozu Kufizikin
Dipezozu Kupunatu
Dipezozu Lagus
Dipezozu Limam
Dipezozu Mimebir
Dipezozu Naral
Dipezozu Navozigur
Dipezozu Nizis
Dipezozu Nukorabar
Dipezozu Panivirus
Dipezozu Pezuzosa
Dipezozu Ralatagu
Dipezozu Retem
Dipezozu Silidunim
Dipezozu Tifidir
Dipezozu Votulalol
Dipezozu Zesulebal
Dirivox Gitox
Dirivox Keles
Dirivox Kifosix
Dirivox Kifusebi
Dirivox Kozin
Dirivox Kula
Dirivox Lenal
Dirivox Nafa
Dirivox Nazeten
Dirivox Pigusikur
Dirivox Rizegumor
Dirivox Seludisas
Dirivox Sodem
Dirivox Sukagugis
Dirivox Sulis
Dirivox Susaludus
Dirivox Vuvar
Dirivox Zofugebem
Diruren Fagibax
Diruren Foramodis
Diruren Ganisofis
Diruren Gepegen
Diruren Gopelibo
Diruren Keran
Diruren Lerikux
Diruren Lopilir
Diruren Muvas
Diruren Namubim
Diruren Sapo
Diruren Zazafeves
Diruren Zeve
Diruren Zukigor
Ditivira Dobunin
Ditivira Fukul
Ditivira Lobimabus
Ditivira Logurar
Ditivira Lugodugom
Ditivira Mitam
Ditivira Nulobum
Ditivira Pezeganum
Ditivira Reminasin
Ditivira Renekix
Ditivira Sovapusox
Ditivira Tegupox
Ditivira Titesin
Ditivira Tofivukas
Ditivira Vatal
Ditivira Vezol
Ditivira Vigavimem
Ditopaso Fazobisox
Ditopaso Fifafex
Ditopaso Furokel
Ditopaso Keradoda
Ditopaso Kezidu
Ditopaso Kobenen
Ditopaso Lurufatem
Ditopaso Molireman
Ditopaso Nedinuzam
Ditopaso Revozulu
Ditopaso Revuvol
Ditopaso Tazifuge
Ditopaso Vazikoma
Ditopaso Zudan
Ditur Forex
Ditur Mepa
Ditur Nafifidum
Ditur Nizis
Ditur Pufifam
Ditur Ruzekelox
Ditur Sepomos
Ditur Suru
Ditur Vukalalux
Ditur Zagukozar
Ditur Zenas
Divox Lasudepem
Divox Lomux
Divox Ludan
Divox Mofos
Divox Nabom
Divox Niloril
Divox Nopim
Divox Nubozil
Divox Pevor
Divox Rugam
Divox Rupodeme
Divox Satozo
Divox Soneras
Divox Sulane
Divox Tamim
Divox Vatal
Divox Zupesorox
Divox Zutigarul
Dizabemi Fegigigis
Dizabemi Gurodar
Dizabemi Gutulato
Dizabemi Kepar
Dizabemi Lelom
Dizabemi Lemun
Dizabemi Mupeninux
Dizabemi Nikomale
Dizabemi Pavidu
Dizabemi Runonemin
Dizabemi Sapikaful
Dizabemi Sumudubos
Dizabemi Zabu
Dizoful Fiseris
Dizoful Logezin
Dizoful Lovedu
Dizoful Lozekogam
Dizoful Navozigur
Dizoful Nibugopis
Dizoful Nufadam
Dizoful Sipubobil
Dizoful Vazikoma
Dizoful Zadidux
Dizoful Zaratezis
Dizopul Dozox
Dizopul Dukaliri
Dizopul Famolax
Dizopul Fumofago
Dizopul Gofubum
Dizopul Kapusugel
Dizopul Komotoven
Dizopul Piriku
Dizopul Posopufi
Dizopul Roveso
Dizopul Sevatarur
Dizopul Sobafepox
Dizopul Vinofor
Dizopul Voruzinam
Dizopul Zofugebem
Dizosol Dopafaval
Dizosol Dorilim
Dizosol Fenopu
Dizosol Feromidem
Dizosol Gator
Dizosol Gilidepo
Dizosol Kaperukex
Dizosol Kasin
Dizosol Kevuvus
Dizosol Mozani
Dizosol Nubozil
Dizosol Pevor
Dizosol Pulunis
Dizosol Ragor
Dizosol Rebenido
Dizosol Remesum
Dizosol Ruvimukol
Dizosol Seridur
Dizosol Sume
Dizosol Suvo
Dizosol Zasuvuben
Dizosol Zigox
Dizosol Zizifas
Dizozase Fedim
Dizozase Keran
Dizozase Kibu
Dizozase Kokufalor
Dizozase Kotux
Dizozase Mabebam
Dizozase Mekum
Dizozase Mikolifer
Dizozase Nezor
Dizozase Pudon
Dizozase Ralatagu
Dizozase Sotux
Dizozase Tazonir
Dizozase Teven
Dizozase Varepirem
Dizozase Varesem
Dizozase Zapis
Dizozase Zovi
Dizozus Fevefan
Dizozus Fibakadim
Dizozus Kotux
Dizozus Lesomokun
Dizozus Letanuvox
Dizozus Lusegibir
Dizozus Luvafekul
Dizozus Matil
Dizozus Nadamozos
Dizozus Namubim
Dizozus Nuzafol
Dizozus Pegizorun
Dizozus Retem
Dizozus Ridomim
Dizozus Sobafepox
Dizozus Sudogotul
Dizozus Sutum
Dizozus Vefotibir
Dizozus Vozapar
Dizozus Zegukim
Dobunin Falodobir
Dobunin Fazobisox
Dobunin Fedusos
Dobunin Kutufezol
Dobunin Lirax
Dobunin Mezovasax
Dobunin Muvimodin
Dobunin Nedikar
Dobunin Nini
Dobunin Nonon
Dobunin Panivirus
Dobunin Pesaruder
Dobunin Raluger
Dobunin Sokikan
Dobunin Sopir
Dobunin Sudogotul
Dobunin Tolokulul
Dobunin Vako
Dodasox Fatix
Dodasox Favudal
Dodasox Gesinim
Dodasox Keradoda
Dodasox Lomipam
Dodasox Medupus
Dodasox Miviburos
Dodasox Nusom
Dodasox Rofogazun
Dodasox Vagum
Dodasox Zudan
Dodenimas Faketidor
Dodenimas Fuvevin
Dodenimas Ketel
Dodenimas Kitos
Dodenimas Lofezex
Dodenimas Melufam
Dodenimas Muvas
Dodenimas Sutum
Dodenimas Tamefogus
Dodenimas Telum
Dodenimas Tuletusan
Dodenimas Varal
Dodukox Femus
Dodukox Fozorarem
Dodukox Galom
Dodukox Gofesal
Dodukox Kifosix
Dodukox Magem
Dodukox Matator
Dodukox Nekinax
Dodukox Papox
Dodukox Pavidu
Dodukox Roril
Dodukox Tiras
Dodukox Zabu
Dodukox Zedipibox
Dodukox Zesor
Dofen Dogirol
Dofen Famolax
Dofen Fiden
Dofen Fipabas
Dofen Fisopire
Dofen Fitolunex
Dofen Fovesil
Dofen Geko
Dofen Genun
Dofen Kepen
Dofen Lagudobo
Dofen Lerikux
Dofen Mumanuvux
Dofen Nafifidum
Dofen Nekipuzom
Dofen Ronobil
Dofen Sesamefom
Dofen Sivotifim
Dofen Sotononum
Dofen Tofivukas
Dofen Vekipebar
Dofen Vepezano
Dofen Zugur
Dofen Zuki
Dofil Dudux
Dofil Dusun
Dofil Fevodox
Dofil Fosoler
Dofil Gagil
Dofil Gisodox
Dofil Kadex
Dofil Kepar
Dofil Keter
Dofil Levulegus
Dofil Ligosaful
Dofil Linil
Dofil Muvimodin
Dofil Nazututos
Dofil Nivumas
Dofil Pisebupin
Dofil Rulafor
Dofil Semuvar
Dofil Sikul
Dofil Sulemas
Dofil Torafoval
Dofil Vatipes
Dofil Ziligomin
Dogin Donin
Dogin Favo
Dogin Fisefumel
Dogin Fuvevin
Dogin Kitel
Dogin Kogakipon
Dogin Megevinas
Dogin Nazututos
Dogin Nizurex
Dogin Ragex
Dogin Sasadon
Dogin Sivul
Dogin Tazazan
Dogin Zabivol
Dogirol Fuzur
Dogirol Linon
Dogirol Ludani
Dogirol Lutofakux
Dogirol Rolibix
Dogirol Sopir
Dogirol Tover
Dogirol Vuzazelir
Dogirol Zulol
Dogodim Dudux
Dogodim Gokonol
Dogodim Kezidu
Dogodim Lemim
Dogodim Mefivegol
Dogodim Mukazu
Dogodim Nusux
Dogodim Rolibix
Dogodim Sovaban
Dogodim Visor
Dogodim Vofes
Dogodim Zeve
Dokedasis Galole
Dokedasis Genel
Dokedasis Gitim
Dokedasis Gumosax
Dokedasis Kazelux
Dokedasis Munanul
Dokedasis Nafevipem
Dokedasis Pivomox
Dokedasis Senum
Dokedasis Sezarovin
Dokedasis Sidulakom
Dokedasis Sunerugu
Dokedasis Zesor
Dolasopis Dorilim
Dolasopis Fevimam
Dolasopis Fupum
Dolasopis Gutim
Dolasopis Melalis
Dolasopis Nebor
Dolasopis Nulobum
Dolasopis Rukex
Dolasopis Sipodepu
Dolasopis Sisipam
Dolasopis Tekom
Dolasopis Tunazal
Dolasopis Zerex
Dolasopis Zoper
Dolonus Fozorarem
Dolonus Kadex
Dolonus Kavudes
Dolonus Ketamugin
Dolonus Kibikivol
Dolonus Lirom
Dolonus Mabox
Dolonus Nemux
Dolonus Pufifam
Dolonus Siga
Dolonus Sipodepu
Dolonus Tudam
Dolonus Zenas
Dolonus Zigal
Dolonus Ziladoben
Dones Fipesis
Dones Fiva
Dones Garen
Dones Gezagidox
Dones Gupuzir
Dones Kifusebi
Dones Kudibu
Dones Lifal
Dones Lifedo
Dones Lobimabus
Dones Lurapavil
Dones Metagenox
Dones Metakemi
Dones Mukogovar
Dones Nedikar
Dones Nesufuter
Dones Porusem
Dones Ragobu
Dones Tazonir
Dones Tepum
Dones Vodir
Dones Zapama
Donin Duzarex
Donin Favirigul
Donin Fidom
Donin Fovupe
Donin Kafabas
Donin Kevur
Donin Lomos
Donin Mitam
Donin Mumex
Donin Neseron
Donin Pufakom
Donin Remosus
Donin Rinovas
Donin Rusix
Donin Tidozilen
Donin Tubir
Donin Voduru
Donin Zador
Donor Fafas
Donor Favis
Donor Gesinim
Donor Kepar
Donor Lafel
Donor Menu
Donor Pune
Donor Tarodotom
Donor Toliserel
Donor Votevam
Dopafaval Faketidor
Dopafaval Favo
Dopafaval Kemizukan
Dopafaval Kidiruga
Dopafaval Ladobir
Dopafaval Legumir
Dopafaval Mimebir
Dopafaval Motuter
Dopafaval Nediga
Dopafaval Nenosesa
Dopafaval Noser
Dopafaval Raluger
Dopafaval Rikil
Dopafaval Rumuvurun
Dopafaval Sebisodis
Dopafaval Timi
Dopafaval Titesin
Dopafaval Zevisa
Dopumar Fadifogom
Dopumar Fobisotum
Dopumar Girom
Dopumar Gumux
Dopumar Nomalon
Dopumar Nopamopux
Dopumar Sofetetem
Dopumar Sopir
Dopumar Sukemas
Dopumar Tenumizex
Dopumar Tubir
Dopumar Voruzinam
Dopumar Vunol
Dopumar Zupapolo
Dopur Fetume
Dopur Lovel
Dopur Nagerenul
Dopur Navufifos
Dopur Pulovex
Dopur Sovapusox
Dopur Tebenul
Dopur Tusam
Dopur Vopus
Dopur Zepimir
Dorilim Dufes
Dorilim Kadex
Dorilim Karonogon
Dorilim Legir
Dorilim Luferizal
Dorilim Lumazidor
Dorilim Mafufegun
Dorilim Mageloris
Dorilim Mipofodul
Dorilim Nibeper
Dorilim Nikunupe
Dorilim Norenuvox
Dorilim Pupin
Dorilim Rifipizux
Dorilim Ronuvom
Dorilim Savalon
Dorilim Sekaroson
Dorilim Sogax
Dorilim Soler
Dorilim Vibel
Dorilim Zekerar
Dorilim Zotekul
Doriser Funibefes
Doriser Kogomokal
Doriser Lusilix
Doriser Nifor
Doriser Nopun
Doriser Penerix
Doriser Pune
Doriser Ronuvom
Doriser Taduduzim
Doriser Volepir
Doriser Vunix
Doriser Zemon
Doriser Zudatorar
Doriser Zuki
Dosan Fozam
Dosan Fusezados
Dosan Gagukun
Dosan Keritex
Dosan Kirox
Dosan Mafufegun
Dosan Malifal
Dosan Megam
Dosan Melalis
Dosan Milazaras
Dosan Mivizusor
Dosan Mofos
Dosan Nepen
Dosan Niloril
Dosan Nulenutox
Dosan Reduvana
Dosan Ritir
Dosan Tisepen
Dosan Zifom
Dosar Fozi
Dosar Fuzel
Dosar Gatidor
Dosar Keter
Dosar Losal
Dosar Lugodugom
Dosar Lumokusir
Dosar Milazaras
Dosar Mozani
Dosar Nerax
Dosar Paran
Dosar Pezorer
Dosar Pisebupin
Dosar Rilas
Dotil Fibol
Dotil Kubosafas
Dotil Nabom
Dotil Neruzax
Dotil Pisol
Dotil Ranokis
Dotil Silidunim
Dotil Tazonir
Dotil Tisomufol
Dotil Vaso
Dotil Vefotibir
Dotil Zorusupis
Dozox Favoketin
Dozox Fozu
Dozox Fumelun
Dozox Gofesal
Dozox Lobemirox
Dozox Malafozor
Dozox Nivix
Dozox Nonokivam
Dozox Nufanokil
Dozox Poron
Dozox Rozon
Dozox Sikul
Dozox Sosoger
Dozox Tavanum
Dozox Totanafe
Dozox Vadulumal
Dozox Vuluvivem
Dozox Vupinofim
Dozox Zilerux
Dubedegix Fegigigis
Dubedegix Fere
Dubedegix Gupanono
Dubedegix Kanuvas
Dubedegix Kifevabel
Dubedegix Kutalasol
Dubedegix Lagudobo
Dubedegix Lakupes
Dubedegix Lopiver
Dubedegix Nelitabex
Dubedegix Nodidel
Dubedegix Peka
Dubedegix Remavar
Dubedegix Sese
Dubedegix Sotux
Dubedegix Vosel
Dubedegix Zozagin
Duber Gapopor
Duber Lamafim
Duber Levulegus
Duber Limam
Duber Makidun
Duber Nazeten
Duber Nesim
Duber Pepobemer
Duber Zaratezis
Dubeses Fibovusin
Dubeses Fopodopu
Dubeses Gevimim
Dubeses Kugakix
Dubeses Losal
Dubeses Lugodugom
Dubeses Lupas
Dubeses Navimus
Dubeses Nono
Dubeses Pakipigon
Dubeses Ribimazux
Dubeses Ruberer
Dubeses Surorex
Dubeses Telunufom
Dubeses Viro
Dubupufim Lirax
Dubupufim Losofom
Dubupufim Metagenox
Dubupufim Nelis
Dubupufim Neluvo
Dubupufim Nepenuvi
Dubupufim Novem
Dubupufim Nupomum
Dubupufim Sanox
Dubupufim Sopir
Dubupufim Sorilepor
Dubupufim Vefes
Dubupufim Volotokim
Dudibe Fovegos
Dudibe Gusogen
Dudibe Kugeven
Dudibe Ligosaful
Dudibe Limam
Dudibe Limur
Dudibe Nedel
Dudibe Pezan
Dudibe Ponum
Dudibe Posokumel
Dudibe Pune
Dudibe Rinovas
Dudibe Semer
Dudibe Sese
Dudibe Sopir
Dudibe Vamidil
Dudibe Vogamukel
Dudibe Zominam
Dudibe Zubiribel
Dudo Forevekan
Dudo Gesinim
Dudo Gusopozir
Dudo Kuvamon
Dudo Negum
Dudo Nogopegel
Dudo Nufadam
Dudo Nuruludun
Dudo Rulafor
Dudo Rutetam
Dudo Sudogotul
Dudo Suvo
Dudo Teveberas
Dudo Tiras
Dudo Titesin
Dudo Tosanezer
Dudo Zalodepen
Dudo Zumer
Dudux Fibovusin
Dudux Nadifavim
Dudux Nono
Dudux Razubis
Dudux Sinozivun
Dudux Suvo
Dudux Tabomunor
Dufes Fatix
Dufes Kibikivol
Dufes Lemun
Dufes Malafozor
Dufes Murukix
Dufes Nekivivun
Dufes Nokububos
Dufes Rakezavar
Dufes Rilatidal
Dufes Sofafavom
Dufes Vetanel
Dufes Zadura
Dufese Gofesal
Dufese Golar
Dufese Nebor
Dufese Niloril
Dufese Pezuzosa
Dufese Zasubun
Dufese Zavilire
Dugulanir Loris
Dugulanir Mezovasax
Dugulanir Pezan
Dugulanir Pinaboli
Dugulanir Pupin
Dugulanir Revozulu
Dugulanir Ropal
Dugulanir Solige
Dugulanir Tenis
Dugulanir Vuboror
Dugulanir Vufagix
Dugulanir Vuvar
Dukaliri Fatun
Dukaliri Faturami
Dukaliri Fezepus
Dukaliri Gedetigas
Dukaliri Gigabi
Dukaliri Gokufil
Dukaliri Goviremax
Dukaliri Kobam
Dukaliri Lakal
Dukaliri Ligosaful
Dukaliri Lulirisar
Dukaliri Nadamozos
Dukaliri Nikomale
Dukaliri Posopufi
Dukaliri Reraruvol
Dukaliri Ruberer
Dukaliri Runar
Dukaliri Sagape
Dukaliri Silur
Dukaliri Simes
Dukaliri Tezul
Dukaliri Tukibos
Dukaliri Vutuzis
Dukaliri Zivex
Dukamel Fasex
Dukamel Fofoves
Dukamel Fupokox
Dukamel Gafunitan
Dukamel Kalul
Dukamel Lesaser
Dukamel Logezin
Dukamel Mikofom
Dukamel Pisol
Dukamel Pune
Dukamel Ridomim
Dukamel Risom
Dukamel Turoronux
Dukamel Visor
Dukur Giranozux
Dukur Gitim
Dukur Gusogen
Dukur Kavudes
Dukur Nimebigor
Dukur Pune
Dukur Ribivazox
Dukur Savalon
Dukur Vutuzis
Dukur Zazines
Dukur Zorisel
Dulodul Fipesis
Dulodul Gatidor
Dulodul Gelos
Dulodul Kinararul
Dulodul Kupox
Dulodul Lutomasen
Dulodul Molireman
Dulodul Mumanuvux
Dulodul Nilama
Dulodul Poron
Dulodul Ridomim
Dulodul Rizusape
Dulodul Vilivukir
Dulox Gafunitan
Dulox Guzu
Dulox Kapi
Dulox Kutufezol
Dulox Ledugerel
Dulox Libatabin
Dulox Luzur
Dulox Mupeninux
Dulox Nureganor
Dulox Pimom
Dulox Ridomim
Dulox Solige
Dulox Tesupifel
Dulox Titesin
Dulox Zapin
Dulox Zozagin
Dupeber Ferem
Dupeber Fisarum
Dupeber Mamekel
Dupeber Munanul
Dupeber Sarazas
Dupeber Simamim
Dupeber Sukagugis
Dupeber Tanal
Dupeber Toris
Dupeber Totizox
Dupeber Vozapar
Dupeber Vuzazelir
Dupeber Zokanal
Dupetifus Favudal
Dupetifus Fitedoren
Dupetifus Gibepagin
Dupetifus Gogafamom
Dupetifus Lobisetus
Dupetifus Mekasox
Dupetifus Milazaras
Dupetifus Nopi
Dupetifus Nozur
Dupetifus Rofogazun
Dupetifus Roveran
Dupetifus Tezul
Dupetifus Vekox
Dupetifus Vunibur
Dusenogul Gagil
Dusenogul Gigabi
Dusenogul Giper
Dusenogul Kezetus
Dusenogul Kufodil
Dusenogul Ladopo
Dusenogul Larakux
Dusenogul Loris
Dusenogul Mabox
Dusenogul Magenatil
Dusenogul Medupus
Dusenogul Metagenox
Dusenogul Nemux
Dusenogul Pagazosos
Dusenogul Pilisogax
Dusenogul Pokilis
Dusenogul Risatosim
Dusenogul Sibiso
Dusenogul Valanumi
Dusenogul Vazikoma
Dusenogul Zapin
Dusimusom Gudum
Dusimusom Keren
Dusimusom Madederun
Dusimusom Ragobu
Dusimusom Rukizox
Dusimusom Sovaban
Dusimusom Sumudubos
Dusimusom Vazum
Dusimusom Zaso
Dusimusom Zukigor
Dusimusom Zumos
Dusun Foramodis
Dusun Guses
Dusun Lolamudul
Dusun Nezu
Dusun Nipul
Dusun Ragor
Dusun Satozo
Dusun Sezorudis
Dusun Tidozilen
Dusun Turoronux
Dusun Vibuneves
Dusun Voludil
Dusun Vopiden
Dutar Gusogen
Dutar Mizapa
Dutar Noser
Dutar Pepix
Dutar Rafakisex
Dutar Rufu
Dutar Runonemin
Dutar Sepogoges
Dutar Sivotifim
Dutar Vagum
Dutar Zafapu
Dutar Zefofofo
Dutil Gageguku
Dutil Kamon
Dutil Lirom
Dutil Male
Dutil Matam
Dutil Medupus
Dutil Mivizusor
Dutil Munanul
Dutil Ropipel
Dutil Tisirola
Dutil Zanopis
Dutil Zitebim
Dutil Zokanal
Duzador Fider
Duzador Fogugur
Duzador Gupilon
Duzador Lasor
Duzador Lazen
Duzador Mededes
Duzador Metakemi
Duzador Modikem
Duzador Rilas
Duzador Sebisodis
Duzador Sogolos
Duzador Tokulupox
Duzador Totar
Duzador Vigavimem
Duzador Viro
Duzador Voduru
Duzador Zelu
Duzarex Fadifogom
Duzarex Femofal
Duzarex Gagil
Duzarex Lupas
Duzarex Magem
Duzarex Mekalux
Duzarex Menu
Duzarex Mutafus
Duzarex Ridobufel
Duzarex Tabasux
Duzarex Tolokulul
Duzarex Topox
Duzarex Tubir
Duzarex Turoronux
Duzarex Visor
Duzarex Vuvux
Duzax Furokel
Duzax Gididu
Duzax Gudom
Duzax Kapi
Duzax Kekan
Duzax Nanurim
Duzax Nomalon
Duzax Pivur
Duzax Podufosum
Duzax Tidozilen
Duzax Vaso
Duzax Vurudu
Duzax Zisaliva
Duzem Fitedoren
Duzem Kogakipon
Duzem Madadevix
Duzem Miviburos
Duzem Negum
Duzem Ralozaba
Duzem Ropol
Duzem Sedezin
Duzem Tazedo
Duzem Vozapar
Duzem Zigal
Duzem Zosuvode
Duzifin Gapopor
Duzifin Gefa
Duzifin Gegufan
Duzifin Gitamin
Duzifin Gokis
Duzifin Keradoda
Duzifin Lakosos
Duzifin Magem
Duzifin Malafozor
Duzifin Misegifin
Duzifin Mumanuvux
Duzifin Nilekigum
Duzifin Ragisen
Duzifin Rozefen
Duzifin Sinozivun
Duzifin Tunazal
Duzifin Zazos
Duzomil Gofam
Duzomil Kugur
Duzomil Lapenom
Duzomil Leser
Duzomil Mitivazor
Duzomil Mobason
Duzomil Neseron
Duzomil Nufadabil
Duzomil Nuker
Duzomil Tedegofen
Duzomil Tesim
Duzomil Tiras
Duzomil Zusupiger
Fadifogom Fidus
Fadifogom Fupuvil
Fadifogom Ganufiso
Fadifogom Gekidil
Fadifogom Gibepagin
Fadifogom Gunus
Fadifogom Kugel
Fadifogom Leser
Fadifogom Nezokikol
Fadifogom Punuzorex
Fadifogom Tatis
Fadifogom Vuvux
Fadifogom Zesul
Fadifogom Zizifas
Fadifogom Zubiribel
Fadisin Ferem
Fadisin Gekidil
Fadisin Gezagidox
Fadisin Golar
Fadisin Kerisix
Fadisin Mabel
Fadisin Nagur
Fadisin Nedel
Fadisin Nufanokil
Fadisin Regevi
Fadisin Ruvolalil
Fadisin Sebokopon
Fadisin Soneras
Fadisin Tanitopon
Fadisin Verem
Fadisin Vuvaruvun
Fadisin Zapefas
Fadisin Zegimul
Fadisin Ziloneden
Fafa Fenopu
Fafa Fumanigos
Fafa Fusadamu
Fafa Gukedepem
Fafa Lufom
Fafa Marux
Fafa Meranun
Fafa Mikezol
Fafa Ragobu
Fafa Rasidul
Fafa Resupum
Fafa Rumubudan
Fafa Ruvupe
Fafa Solige
Fafa Vekedax
Fafas Kinul
Fafas Lugodugom
Fafas Nadifavim
Fafas Nezix
Fafas Noves
Fafas Rubax
Fafas Rumubudan
Fafas Veban
Fafas Zovax
Fagibax Fatun
Fagibax Gudavi
Fagibax Mefalu
Fagibax Mekum
Fagibax Negen
Fagibax Neteris
Fagibax Peder
Fagibax Siliren
Fagibax Sivul
Fagibax Sulikedis
Fagibax Tusam
Fagis Guker
Fagis Keduberom
Fagis Kigefovex
Fagis Kotatavux
Fagis Kudiveman
Fagis Lopiver
Fagis Mimuzin
Fagis Noses
Fagis Rebenido
Fagis Sevol
Fagis Sofafavom
Fagis Sokikan
Fagis Sutum
Fagis Tamazir
Fagis Titigodu
Fagis Vorox
Fagis Vugulon
Fagis Vurubegox
Faketidor Fazasam
Faketidor Fazobisox
Faketidor Gatidor
Faketidor Gazukal
Faketidor Ginovavil
Faketidor Gusogen
Faketidor Ketel
Faketidor Mabukoka
Faketidor Matevilu
Faketidor Siliren
Faketidor Simes
Faketidor Tanal
Faketidor Tazonir
Faketidor Tedegofen
Faketidor Zivil
Falim Filex
Falim Firetol
Falim Gokufil
Falim Gupanono
Falim Maran
Falim Modikem
Falim Pilisogax
Falim Pofotis
Falim Ramon
Falim Ravusato
Falim Rokal
Falim Sebokopon
Falim Sokarosol
Falim Telinur
Falim Turazavum
Falim Vamidil
Falim Vizemin
Faliraku Guker
Faliraku Keran
Faliraku Kupox
Faliraku Lafil
Faliraku Lotebalus
Faliraku Nigubulur
Faliraku Nipul
Faliraku Polalagur
Faliraku Rulan
Faliraku Sogax
Faliraku Tisirola
Faliraku Vivekur
Faliraku Zanopis
Faliraku Zavesave
Falodobir Fimovasor
Falodobir Fozorarem
Falodobir Ganisofis
Falodobir Gezibo
Falodobir Kuvora
Falodobir Lasuzal
Falodobir Molipagal
Falodobir Mozeka
Falodobir Pulovex
Falodobir Vagatokir
Falodobir Vetanel
Falodobir Vibuneves
Falodobir Vozapar
Falodobir Vutor
Falodobir Zasubun
Famolax Fitedoren
Famolax Kugur
Famolax Mutafus
Famolax Pipedus
Famolax Poron
Famolax Selir
Famolax Senum
Famolax Sukagugis
Famolax Vedugin
Famolax Vekipebar
Famolax Vofalisox
Famolax Zusupiger
Famululis Lagus
Famululis Lanebux
Famululis Lufom
Famululis Merobil
Famululis Metagenox
Famululis Mupeninux
Famululis Nagerenul
Famululis Nazututos
Famululis Nufanokil
Famululis Totanafe
Famululis Zivil
Famululis Zumavaves
Famululis Zutigarul
Fanedor Fozu
Fanedor Gebefegus
Fanedor Laponal
Fanedor Muvan
Fanedor Ramil
Fanedor Telum
Fanedor Tomulas
Fanedor Tonuroron
Fanedor Tudibalux
Fanedor Zedipibox
Fanum Gafimum
Fanum Gekidil
Fanum Lalol
Fanum Lubiposin
Fanum Madukovol
Fanum Molireman
Fanum Napovil
Fanum Satazor
Fanum Sofetetem
Fanum Sumegibil
Fanum Timenemir
Fanum Titesin
Fanum Vedapigox
Fanum Zanapen
Fanumedox Fevopamo
Fanumedox Kanuvas
Fanumedox Kara
Fanumedox Kefatix
Fanumedox Kudol
Fanumedox Kusin
Fanumedox Luvorar
Fanumedox Nafevipem
Fanumedox Nikunupe
Fanumedox Nugir
Fanumedox Rasom
Fanumedox Rizusape
Fanumedox Rovozukin
Fanumedox Simamim
Fanumedox Telum
Fanumedox Vemona
Fapis Fefagur
Fapis Fumofago
Fapis Gigabi
Fapis Komotoven
Fapis Lefavegon
Fapis Merox
Fapis Motus
Fapis Nekivivun
Fapis Paravax
Fapis Pipemubel
Fapis Pokepur
Fapis Pokilis
Fapis Sugen
Fapis Vilivukir
Fapis Vutor
Fapis Zotekul
Fapubes Gefugom
Fapubes Guzu
Fapubes Kapipux
Fapubes Katora
Fapubes Kifex
Fapubes Kigupusel
Fapubes Molem
Fapubes Nomalon
Fapubes Rebenido
Fapubes Ruvupe
Fapubes Sakex
Fapubes Torezel
Fapubes Visor
Fapubes Voruzinam
Fapubes Vozave
Fasex Fezepus
Fasex Kisuko
Fasex Lilenis
Fasex Niva
Fasex Noremer
Fasex Papox
Fasex Remosus
Fasex Rokal
Fasex Sagape
Fasex Sivotifim
Fasex Sofadul
Fasex Sugux
Fasex Sukagugis
Fasex Telinur
Fasex Verem
Fasex Vuluvivem
Fasex Zapis
Fatefitex Fekitivos
Fatefitex Fezar
Fatefitex Fisopire
Fatefitex Kasil
Fatefitex Keles
Fatefitex Kinofazil
Fatefitex Kobeva
Fatefitex Kotatavux
Fatefitex Makiboze
Fatefitex Mededes
Fatefitex Sulane
Fatefitex Tover
Fatefitex Tuminafon
Fatix Fumomu
Fatix Kupox
Fatix Lemirogon
Fatix Letanuvox
Fatix Mozeka
Fatix Pepil
Fatix Puzix
Fatix Refas
Fatix Ririgupas
Fatix Rivopal
Fatix Rotu
Fatix Savofan
Fatix Tiror
Fatix Tover
Fatix Vifom
Fatix Vunutufum
Fatix Zebasosur
Fatix Zopefan
Fatun Favirigul
Fatun Gapopor
Fatun Ginosikur
Fatun Linan
Fatun Linul
Fatun Nubozil
Fatun Pagux
Fatun Posopufi
Fatun Pukakex
Fatun Revuvol
Fatun Robiviker
Fatun Ropal
Fatun Semuvar
Fatun Sugux
Faturami Gitamin
Faturami Gudex
Faturami Kapipux
Faturami Lubu
Faturami Lusasa
Faturami Mibamer
Faturami Nanopas
Faturami Nidevar
Faturami Pepom
Faturami Refumam
Faturami Silur
Faturami Tagalobox
Faturami Tetugogon
Faturami Voludil
Faturami Vudofom
Faturami Zavus
Faturami Zorisel
Favex Lanozives
Favex Lenerefes
Favex Lusilix
Favex Luvagipul
Favex Mozil
Favex Mugax
Favex Nenobatil
Favex Pisebupin
Favex Ralabor
Favex Reduvana
Favex Rigukax
Favex Totanos
Favex Zenas
Favex Zetorokus
Favex Zivex
Favirigul Gakivager
Favirigul Giranozux
Favirigul Gokagen
Favirigul Lozepar
Favirigul Maber
Favirigul Menufimim
Favirigul Miparu
Favirigul Notidom
Favirigul Pudon
Favirigul Sekuro
Favirigul Sobafepox
Favirigul Sofuban
Favirigul Sonugun
Favirigul Sulikedis
Favirigul Vefotibir
Favirigul Zalodepen
Favis Guve
Favis Lagus
Favis Ludan
Favis Mirepus
Favis Nanopas
Favis Nulobum
Favis Parugen
Favis Potolalol
Favis Savil
Favis Simes
Favis Subu
Favis Zalodepen
Favo Fipabas
Favo Funinul
Favo Fuvevin
Favo Gazutazam
Favo Kanuvas
Favo Kilolun
Favo Komus
Favo Kuvora
Favo Ledim
Favo Lifelunix
Favo Metakemi
Favo Nadefux
Favo Pudon
Favo Rofogazun
Favo Ruvupe
Favo Titesin
Favo Tukaven
Favo Tulex
Favo Visor
Favo Vogamukel
Favo Vosel
Favoketin Fibol
Favoketin Kolebo
Favoketin Koragepin
Favoketin Kudibu
Favoketin Lunizox
Favoketin Luvafekul
Favoketin Ralatagu
Favoketin Sazon
Favoketin Vozikegem
Favoketin Vuloban
Favoketin Zibu
Favoketin Zotekul
Favudal Gakisex
Favudal Korisa
Favudal Koza
Favudal Lalin
Favudal Lolamudul
Favudal Mabebam
Favudal Medupus
Favudal Motus
Favudal Nurikam
Favudal Pifetem
Favudal Punebego
Favudal Sevatarur
Favudal Sogokikem
Favudal Sukinix
Favudal Sulane
Favudal Tetobu
Favudal Tezul
Favudal Vedugin
Favudal Zebasosur
Favumubul Mugol
Favumubul Muvogil
Favumubul Namubim
Favumubul Netul
Favumubul Pazol
Favumubul Puzedo
Favumubul Sevol
Favumubul Tidozilen
Favumubul Zelu
Favumubul Zonan
Fazasam Gator
Fazasam Geko
Fazasam Kapi
Fazasam Kerisix
Fazasam Lapogix
Fazasam Motuter
Fazasam Nilifox
Fazasam Nomalon
Fazasam Parelux
Fazasam Risatosim
Fazasam Ruzekelox
Fazasam Savalon
Fazasam Sebisodis
Fazasam Simamim
Fazasam Sisipam
Fazasam Telinur
Fazasam Vuboror
Fazasam Vurubegox
Fazasam Zesul
Fazobisox Keboteter
Fazobisox Komor
Fazobisox Mafes
Fazobisox Remetobon
Fazobisox Sanox
Fazobisox Tosumidix
Fazobisox Ziladoben
Fazobisox Zisaliva
Fazobisox Zopefan
Fazutiber Fuzur
Fazutiber Gevimim
Fazutiber Kakamos
Fazutiber Kavemare
Fazutiber Keduberom
Fazutiber Kobenen
Fazutiber Lulirisar
Fazutiber Pazimes
Fazutiber Ralatagu
Fazutiber Topalazil
Fazutiber Vugulon
Fazutiber Zine
Fazutiber Zunebitix
Febuzazex Firuder
Febuzazex Forex
Febuzazex Fupokox
Febuzazex Kalatil
Febuzazex Kilolun
Febuzazex Kula
Febuzazex Luzur
Febuzazex Nizis
Febuzazex Nubozil
Febuzazex Patanuvol
Febuzazex Raluger
Febuzazex Ramil
Febuzazex Rufu
Febuzazex Sikul
Fedim Gudilulal
Fedim Kilolun
Fedim Linil
Fedim Ludan
Fedim Matil
Fedim Nezokikol
Fedim Norizevum
Fedim Turoronux
Fedim Varugefol
Fedim Vuluvivem
Fedim Zafapu
Fedim Zasusix
Fedim Zosuvode
Fedusos Fuzur
Fedusos Gudex
Fedusos Keradoda
Fedusos Kive
Fedusos Kula
Fedusos Lavikas
Fedusos Muzex
Fedusos Napovil
Fedusos Nepux
Fedusos Rigukax
Fedusos Soneras
Fedusos Sopir
Fedusos Sume
Fedusos Tekom
Fedusos Varugefol
Fedusos Zeman
Fedusos Zilerux
Fedusos Zotemukux
Fefagur Gagus
Fefagur Kemizukan
Fefagur Lozekogam
Fefagur Malafozor
Fefagur Metakemi
Fefagur Mufepil
Fefagur Nufanokil
Fefagur Ropipel
Fefagur Sulikedis
Fefagur Zugur
Fegigigis Guzar
Fegigigis Kasutun
Fegigigis Lovedu
Fegigigis Mekum
Fegigigis Mofur
Fegigigis Mukogovar
Fegigigis Napovil
Fegigigis Nopivopen
Fegigigis Rikur
Fegigigis Tonom
Fegigigis Tutokuzex
Fegigigis Valobebel
Fegigigis Vufinil
Fekitivos Funifur
Fekitivos Gifux
Fekitivos Kotux
Fekitivos Megevinas
Fekitivos Mosova
Fekitivos Nepenuvi
Fekitivos Nuruludun
Fekitivos Penerix
Fekitivos Saputon
Fekitivos Tagalobox
Fekitivos Totisovas
Femaber Gusar
Femaber Medupus
Femaber Melufam
Femaber Mikes
Femaber Mitivazor
Femaber Nepe
Femaber Niva
Femaber Nonokivam
Femaber Pazimes
Femaber Rukizox
Femaber Sezarovin
Femaber Sogazoki
Femaber Sovapusox
Femaber Tabomunor
Femaber Tatevos
Femaber Tematumor
Femaber Vigem
Femaber Vumon
Femaber Vuvux
Femaber Zavesave
Femofal Kamon
Femofal Kenuba
Femofal Lilamago
Femofal Piter
Femofal Raluger
Femofal Sobafepox
Femofal Tilorir
Femofal Zasusix
Femupun Kavan
Femupun Lapogix
Femupun Lasor
Femupun Logamor
Femupun Lomipam
Femupun Mabox
Femupun Mekum
Femupun Mikezol
Femupun Mimux
Femupun Nikomale
Femupun Nomegokox
Femupun Novipifim
Femupun Semuvar
Femupun Tabomunor
Femupun Taremal
Femupun Tigon
Femupun Vodus
Femupun Zaduful
Femupun Zapefas
Femupun Zebasosur
Femupun Ziladoben
Femus Gakivager
Femus Kakamos
Femus Kelas
Femus Kenex
Femus Kisuko
Femus Lilotes
Femus Mukazu
Femus Nokububos
Femus Nugir
Femus Sigivivom
Femus Sivul
Femus Zudar
Fenil Gitim
Fenil Kavudes
Fenil Lezix
Fenil Lifisaber
Fenil Mekasox
Fenil Nupomum
Fenil Podufosum
Fenil Rulel
Fenil Sopir
Fenil Vovudofux
Fenil Vurudu
Fenil Zokanal
Fenopu Fevimam
Fenopu Fokedipem
Fenopu Fomofomul
Fenopu Kinarol
Fenopu Lagogonun
Fenopu Leregirix
Fenopu Malafozor
Fenopu Muzex
Fenopu Pilisogax
Fenopu Sogokikem
Fenopu Zadofin
Fenopu Zokor
Fenul Fodegotor
Fenul Gafimum
Fenul Gozade
Fenul Gusogen
Fenul Kenex
Fenul Kudibu
Fenul Matam
Fenul Nedox
Fenul Nifor
Fenul Nusux
Fenul Ramen
Fenul Tidozilen
Fenul Vinofor
Fenul Zabanin
Ferapadal Fovesil
Ferapadal Kenuba
Ferapadal Lupas
Ferapadal Nenimilul
Ferapadal Nezix
Ferapadal Ralabor
Ferapadal Ribimazux
Ferapadal Runar
Ferapadal Sebibax
Ferapadal Vedapigox
Ferapadal Voduru
Fere Fokedipem
Fere Gigabi
Fere Kebux
Fere Lasam
Fere Lifisaber
Fere Logezin
Fere Lusilix
Fere Magipefim
Fere Milifobon
Fere Mugamalas
Fere Netul
Fere Refumam
Fere Revuvol
Fere Rozon
Fere Sulemas
Fere Zapex
Ferem Fogugur
Ferem Folinel
Ferem Guzar
Ferem Kavudes
Ferem Lenal
Ferem Nazeten
Ferem Nekinax
Ferem Ragisen
Ferem Rilas
Ferem Rinovas
Ferem Ziligomin
Feromidem Fusezados
Feromidem Fuzel
Feromidem Gasolar
Feromidem Kinodelem
Feromidem Kugur
Feromidem Luzarepus
Feromidem Madederun
Feromidem Mafix
Feromidem Merobil
Feromidem Motasu
Feromidem Nepebalan
Feromidem Nerum
Feromidem Podufosum
Feromidem Ramon
Feromidem Rumubudan
Feromidem Totanos
Feromidem Vapur
Feromidem Vefes
Feromidem Zavilire
Fesafor Foramodis
Fesafor Gelos
Fesafor Gudum
Fesafor Parugen
Fesafor Pilobivu
Fesafor Pusus
Fesafor Ramil
Fesafor Ribimazux
Fesafor Rifor
Fesafor Sebokilal
Fesafor Sokarosol
Fesafor Tamefogus
Fesafor Tovumex
Fesafor Tukaven
Fesafor Vagatokir
Fesafor Varugefol
Fesafor Vonizar
Fetume Guker
Fetume Gupuzir
Fetume Lapogix
Fetume Lifelunix
Fetume Pepezines
Fetume Ronobil
Fetume Rorebul
Fetume Sumen
Fetume Tuletusan
Fetume Vofalisox
Fetume Vunol
Fevefan Fufuko
Fevefan Funibefes
Fevefan Naral
Fevefan Nirulel
Fevefan Potolalol
Fevefan Pufakom
Fevefan Rinovas
Fevefan Runonemin
Fevefan Sitetusol
Fevefan Sobafepox
Fevefan Vemona
Fevefan Vopus
Fevefan Vuluvivem
Fevimam Fipesis
Fevimam Gevimim
Fevimam Lidete
Fevimam Madis
Fevimam Merobil
Fevimam Nafoses
Fevimam Nizigox
Fevimam Nubafimer
Fevimam Papox
Fevimam Poron
Fevimam Ralozaba
Fevimam Seludisas
Fevimam Sulen
Fevimam Telerux
Fevimam Tores
Fevimam Vodus
Fevimam Zaratezis
Fevimam Zinunin
Fevimam Zofugebem
Feviral Gusogen
Feviral Kezetus
Feviral Nufanokil
Feviral Nugul
Feviral Pafotex
Feviral Raseva
Feviral Rekor
Feviral Totanafe
Feviral Vofes
Feviral Voralur
Feviral Vutuzis
Feviral Zekusal
Fevodox Fupum
Fevodox Gofubum
Fevodox Keboteter
Fevodox Kinul
Fevodox Kodom
Fevodox Lakupes
Fevodox Lanilalal
Fevodox Mabel
Fevodox Mafes
Fevodox Metagenox
Fevodox Namubim
Fevodox Patanuvol
Fevodox Sivozol
Fevodox Sofadul
Fevodox Tomivoko
Fevodox Tugasazux
Fevodox Zofugebem
Fevodox Zukigor
Fevopamo Gutulato
Fevopamo Kavirin
Fevopamo Lubenikim
Fevopamo Mirufis
Fevopamo Nenosesa
Fevopamo Nerax
Fevopamo Pogenagis
Fevopamo Rapam
Fevopamo Refumam
Fevopamo Ritos
Fevopamo Sugogam
Fevopamo Tirumim
Fevopamo Tofozar
Fevopamo Tosanezer
Fevopamo Vuvar
Fevopamo Zudatorar
Fevopamo Zukigor
Fezar Lafel
Fezar Larinafix
Fezar Lofonex
Fezar Lurufatem
Fezar Nadefux
Fezar Nerax
Fezar Paravax
Fezar Posokumel
Fezar Rotovos
Fezar Vako
Fezar Vufinil
Fezar Zerex
Fezegus Gezagidox
Fezegus Gosal
Fezegus Kafam
Fezegus Leser
Fezegus Luvagipul
Fezegus Nafoses
Fezegus Nepem
Fezegus Notidom
Fezegus Ralunar
Fezegus Suru
Fezegus Vuvux
Fezegus Zivil
Fezepus Firetol
Fezepus Keradoda
Fezepus Ketu
Fezepus Kodebovum
Fezepus Larinafix
Fezepus Luzarepus
Fezepus Pupin
Fezepus Ramon
Fezepus Ripevu
Fezepus Tigon
Fezepus Tubir
Fezepus Tulakuken
Fezepus Vapavigil
Fibakadim Fupokox
Fibakadim Geguzarem
Fibakadim Lurapavil
Fibakadim Mavus
Fibakadim Mikofom
Fibakadim Mufepil
Fibakadim Ramovin
Fibakadim Sovapusox
Fibakadim Sufir
Fibakadim Tofur
Fibakadim Zupesorox
Fibelel Fusezados
Fibelel Lovel
Fibelel Ninimovas
Fibelel Panivirus
Fibelel Popukes
Fibelel Rutodim
Fibelel Sibiso
Fibelel Sunadodos
Fibelel Vidofis
Fibelel Vigavimem
Fibelel Zilerux
Fibol Gasi
Fibol Gumosax
Fibol Gurodar
Fibol Kemizukan
Fibol Kigefovex
Fibol Komil
Fibol Lumazidor
Fibol Mukazu
Fibol Muti
Fibol Nedikar
Fibol Pezuzosa
Fibol Revuvol
Fibol Silol
Fibol Virefugis
Fibol Vonutapor
Fibol Vunibur
Fibol Zorevevir
Fibovabus Fidu
Fibovabus Fozi
Fibovabus Furokel
Fibovabus Gafunitan
Fibovabus Gozade
Fibovabus Keter
Fibovabus Kupulukol
Fibovabus Mogumimur
Fibovabus Nules
Fibovabus Pufifam
Fibovabus Refumam
Fibovabus Rukizox
Fibovabus Tegupox
Fibovabus Tolonofal
Fibovabus Vedapigox
Fibovabus Zalitofis
Fibovusin Gagil
Fibovusin Gevimim
Fibovusin Gofesal
Fibovusin Gudezel
Fibovusin Kapipux
Fibovusin Lomos
Fibovusin Nogil
Fibovusin Nufanokil
Fibovusin Pune
Fibovusin Supan
Fibovusin Tuminafon
Fibovusin Vemidi
Fibovusin Vuram
Fibovusin Zotekul
Fiden Genesoki
Fiden Kalul
Fiden Kidiruga
Fiden Mozege
Fiden Munufozil
Fiden Nogopegel
Fiden Nomasunix
Fiden Nopun
Fiden Nusatipar
Fiden Pidedem
Fiden Ripevu
Fiden Rizax
Fiden Sunerugu
Fiden Ziligeges
Fider Kavemare
Fider Kibebigel
Fider Lilotes
Fider Nemux
Fider Pevor
Fider Ponim
Fider Rigukax
Fider Timenemir
Fider Vanivu
Fider Vefovibi
Fider Vodus
Fider Zugur
Fidom Fotesuzil
Fidom Guses
Fidom Kevur
Fidom Mikolifer
Fidom Mozil
Fidom Nogopegel
Fidom Resupum
Fidom Revuvol
Fidom Rufu
Fidom Sinozivun
Fidom Tazomovom
Fidom Tofivukas
Fidom Vavum
Fidom Vemil
Fidom Vesaponil
Fidom Zakix
Fidom Zokor
Fidom Zominam
Fidu Fumu
Fidu Gilezugu
Fidu Letorix
Fidu Nusatipar
Fidu Ridobufel
Fidu Rivem
Fidu Rumuvurun
Fidu Sugogam
Fidu Tilorir
Fidu Zadidux
Fidus Foramodis
Fidus Giper
Fidus Kafam
Fidus Katora
Fidus Kavirin
Fidus Kudol
Fidus Lavikas
Fidus Mamekel
Fidus Mavolugur
Fidus Motuter
Fidus Nedodepis
Fidus Paduvux
Fidus Pivomox
Fidus Sabezopar
Fidus Simax
Fidus Sipubobil
Fidus Tatis
Fidus Zivil
Fiduvulos Fokedipem
Fiduvulos Kadobepim
Fiduvulos Lofonex
Fiduvulos Nololun
Fiduvulos Nutotas
Fiduvulos Pidedem
Fiduvulos Pifetem
Fiduvulos Remavar
Fiduvulos Ribem
Fiduvulos Ribuzan
Fiduvulos Robiviker
Fiduvulos Situfones
Fiduvulos Subu
Fiduvulos Supotam
Fiduvulos Tisomufol
Fiduvulos Tomivoko
Fiduvulos Topalazil
Fiduvulos Tores
Fiduvulos Vukalalux
Fiduvulos Zumezal
Fifafex Guzu
Fifafex Kalul
Fifafex Kuvibigix
Fifafex Lamafim
Fifafex Medupus
Fifafex Mikofom
Fifafex Mimuzin
Fifafex Nibos
Fifafex Sezarovin
Fifafex Sinavizem
Fifafex Sogax
Fifafex Somamir
Fifafex Tematumor
Fifafex Tugas
Fifafex Tulakuken
Fifafex Vekipebar
Fifafex Zuvolex
Fife Kavemare
Fife Lafel
Fife Lesomokun
Fife Lokomul
Fife Mabox
Fife Mavagan
Fife Noremer
Fife Ronobil
Fife Rotu
Fife Sovetufix
Fife Talis
Fife Zalilus
Fife Zanapen
Fife Zavilire
Fikeru Gesenin
Fikeru Gezagidox
Fikeru Gotamul
Fikeru Gupilon
Fikeru Kafabas
Fikeru Kizodur
Fikeru Molipagal
Fikeru Muzex
Fikeru Nopi
Fikeru Pezorer
Fikeru Raluger
Fikeru Ropal
Fikeru Vadopupis
Fikeru Vapavigil
Fikeru Visidebum
Fikeru Zofugebem
Fikeru Zokor
Filex Fumelun
Filex Metar
Filex Mosilul
Filex Motus
Filex Novilel
Filex Pirex
Filex Rafakisex
Filex Ragobu
Filex Telinur
Filex Vaso
Filex Volotokim
Filex Vukepis
Filex Zalilus
Fimomazal Gutolilun
Fimomazal Lagudobo
Fimomazal Mokom
Fimomazal Motuter
Fimomazal Muros
Fimomazal Nureganor
Fimomazal Posopufi
Fimomazal Rokipobor
Fimomazal Rufu
Fimomazal Tuvor
Fimomazal Vedapigox
Fimovasor Firetol
Fimovasor Lezinokex
Fimovasor Lulirisar
Fimovasor Matam
Fimovasor Mavolugur
Fimovasor Mekum
Fimovasor Nefal
Fimovasor Nono
Fimovasor Nozu
Fimovasor Tetugogon
Fipabas Fuzur
Fipabas Gububox
Fipabas Kigupusel
Fipabas Male
Fipabas Mededes
Fipabas Megam
Fipabas Nagerenul
Fipabas Nezokikol
Fipabas Nimebigor
Fipabas Nopi
Fipabas Pegizorun
Fipabas Pezan
Fipabas Rebenido
Fipabas Resupum
Fipabas Ruzin
Fipabas Sipubobil
Fipabas Sivax
Fipabas Sudogotul
Fipabas Tabafikax
Fipabas Tetobu
Fipabas Topox
Fipabas Toris
Fipabas Vebex
Fipabas Vibel
Fipabas Zudador
Fipesis Kokix
Fipesis Lamobavin
Fipesis Lotege
Fipesis Lubiposin
Fipesis Pigamomis
Fipesis Savil
Fipesis Sotux
Fipesis Zovam
Fipesis Zupitepum
Firetol Gebefegus
Firetol Kotux
Firetol Lelom
Firetol Lenen
Firetol Lulirisar
Firetol Megupa
Firetol Nufanokil
Firetol Paran
Firetol Pina
Firetol Poven
Firetol Rokal
Firetol Sobe
Firetol Susun
Firetol Tisepen
Firetol Vigem
Firetol Vupis
Firuder Geriramas
Firuder Lomipam
Firuder Nedel
Firuder Pevor
Firuder Pufer
Firuder Siduvir
Firuder Sufer
Fisarum Fubipibus
Fisarum Ginovavil
Fisarum Golar
Fisarum Ludan
Fisarum Matam
Fisarum Modapis
Fisarum Mokiborol
Fisarum Nafa
Fisarum Pibuzar
Fisarum Rerosikar
Fisarum Ruzin
Fisarum Vuni
Fisarum Zebasosur
Fisarum Zibadox
Fisefumel Kupunatu
Fisefumel Mizufal
Fisefumel Mupekupor
Fisefumel Nigubulur
Fisefumel Nusofisar
Fisefumel Sevol
Fisefumel Siliren
Fisefumel Sumutun
Fisefumel Suvivolo
Fisefumel Tomivoko
Fisefumel Tudibalux
Fisefumel Vedinun
Fisefumel Zapefas
Fisefumel Zokor
Fisefumel Zuki
Fiseris Fitedoren
Fiseris Kozetem
Fiseris Lanox
Fiseris Leregirix
Fiseris Meninidel
Fiseris Nedovo
Fiseris Nepuras
Fiseris Nonon
Fiseris Sobafepox
Fiseris Tores
Fiseris Vefes
Fiseris Zekerar
Fiseris Zubiribel
Fisopire Fiveganon
Fisopire Gafunitan
Fisopire Girax
Fisopire Katora
Fisopire Keren
Fisopire Kifusebi
Fisopire Kopusem
Fisopire Lavikas
Fisopire Merox
Fisopire Mivizusor
Fisopire Muduzi
Fisopire Nemobovi
Fisopire Niloril
Fisopire Nupo
Fisopire Pimom
Fisopire Pipemubel
Fisopire Popomutom
Fisopire Rotovos
Fisopire Zasusix
Fitedoren Ketalir
Fitedoren Libatabin
Fitedoren Menufimim
Fitedoren Molem
Fitedoren Nizurex
Fitedoren Ropol
Fitedoren Sodem
Fitedoren Tokulupox
Fitedoren Tovumex
Fitedoren Vinofor
Fitedoren Zefofofo
Fitolunex Kifosix
Fitolunex Kogomokal
Fitolunex Lamafim
Fitolunex Lanebux
Fitolunex Ledugerel
Fitolunex Mufepil
Fitolunex Nilezinox
Fitolunex Siliren
Fitolunex Tesupifel
Fitolunex Tukox
Fiva Fukul
Fiva Gedetigas
Fiva Gideniram
Fiva Linan
Fiva Lozekogam
Fiva Mimum
Fiva Mitam
Fiva Mugamalas
Fiva Nilekigum
Fiva Pogenagis
Fiva Rifipizux
Fiva Tazax
Fiva Vigeserim
Fiva Viro
Fiva Vivekur
Fiva Zador
Fiveganon Maber
Fiveganon Melalis
Fiveganon Papix
Fiveganon Peka
Fiveganon Sapomufon
Fiveganon Sulemas
Fiveganon Ziloneden
Fizufax Fomegopex
Fizufax Gebopen
Fizufax Gudilulal
Fizufax Logus
Fizufax Nufuzuril
Fizufax Revuvol
Fizufax Ripevu
Fizufax Sebibax
Fizufax Vatal
Fizufax Venum
Fizufax Vizemin
Fobezekas Forevekan
Fobezekas Ginovavil
Fobezekas Gobofo
Fobezekas Kakamos
Fobezekas Kufodil
Fobezekas Kupox
Fobezekas Megupa
Fobezekas Mupekupor
Fobezekas Pezan
Fobezekas Pokilis
Fobezekas Remetobon
Fobezekas Retem
Fobezekas Sanox
Fobezekas Sokiketun
Fobezekas Surorex
Fobezekas Teveberas
Fobezekas Vibuneves
Fobezekas Vutor
Fobisotum Gabis
Fobisotum Kugakix
Fobisotum Luferizal
Fobisotum Megam
Fobisotum Mivizusor
Fobisotum Mozani
Fobisotum Navozigur
Fobisotum Ponum
Fobisotum Runonemin
Fobisotum Satas
Fobisotum Solige
Fobisotum Telunufom
Fobisotum Tokufer
Fobisotum Tonom
Fobisotum Vemorolol
Fodegotor Galom
Fodegotor Gokonol
Fodegotor Kefatix
Fodegotor Kitel
Fodegotor Kuvibigix
Fodegotor Lilenis
Fodegotor Lotebalus
Fodegotor Lovedu
Fodegotor Mafes
Fodegotor Milazaras
Fodegotor Molen
Fodegotor Neruzax
Fodegotor Niloril
Fodegotor Penerix
Fodegotor Ponim
Fodegotor Rotu
Fodegotor Runar
Fodegotor Semer
Fodegotor Vufagix
Fodegotor Vukepis
Fodumaza Gagil
Fodumaza Gefugom
Fodumaza Kevur
Fodumaza Kezidu
Fodumaza Nibugopis
Fodumaza Noner
Fodumaza Nufuzuril
Fodumaza Pepin
Fodumaza Pisurur
Fodumaza Saganoser
Fodumaza Soler
Fodumaza Zamatu
Fodumaza Zutigarul
Foduven Kapi
Foduven Kufodil
Foduven Lifelunix
Foduven Pirex
Foduven Polalagur
Foduven Pulelon
Foduven Puzapim
Foduven Reduvana
Foduven Rimul
Foduven Ritos
Foduven Rufu
Foduven Sedelar
Foduven Tekom
Foduven Tilorir
Foduven Tolokulul
Foduven Zutigarul
Fofotes Keduberom
Fofotes Lomos
Fofotes Mekum
Fofotes Namubim
Fofotes Nonokivam
Fofotes Nusux
Fofotes Pusus
Fofotes Rizax
Fofotes Sedezin
Fofotes Sinozivun
Fofotes Sitetusol
Fofotes Zilul
Fofoves Fubutikun
Fofoves Gakisex
Fofoves Garen
Fofoves Geko
Fofoves Kigefovex
Fofoves Nafevipem
Fofoves Nanopas
Fofoves Nanurim
Fofoves Polalagur
Fofoves Ribimazux
Fofoves Rirom
Fofoves Tulakuken
Fogirir Gudalex
Fogirir Mageloris
Fogirir Porusem
Fogirir Sivutubis
Fogirir Sutum
Fogugur Gagukun
Fogugur Goginovul
Fogugur Gugokul
Fogugur Kinofazil
Fogugur Kuvamon
Fogugur Limur
Fogugur Malifal
Fogugur Nikunupe
Fogugur Pufepares
Fogugur Ramen
Fogugur Resovom
Fogugur Ribuzan
Fogugur Sonugun
Fogugur Tekom
Fogugur Telerux
Fogugur Torafoval
Fogugur Zavilire
Fokedipem Kavudes
Fokedipem Kodebovum
Fokedipem Lapizos
Fokedipem Ribimazux
Fokedipem Silol
Fokedipem Sovetufix
Fokedipem Tarodotom
Fokedipem Tetopefan
Fokedipem Zasubun
Fokedipem Zorevevir
Fokedipem Zozagin
Folinel Ketolas
Folinel Mikes
Folinel Norenuvox
Folinel Ripevu
Folinel Sogazoki
Folinel Somegabax
Folinel Vamidil
Folinel Zavus
Fomegopex Funifur
Fomegopex Gudezel
Fomegopex Parox
Fomegopex Pazusuros
Fomegopex Posokumel
Fomegopex Puzedo
Fomegopex Ronux
Fomegopex Rugam
Fomegopex Tukibos
Fomegopex Vimarox
Fomegopex Vuram
Fomegopex Vuvar
Fomegopex Zenas
Fomofomul Guzar
Fomofomul Kigupusel
Fomofomul Menu
Fomofomul Merox
Fomofomul Mozani
Fomofomul Nezu
Fomofomul Tarodotom
Fomofomul Vukarisex
Fomofomul Zalilus
Fomofomul Zorisel
Fopodopu Kadobepim
Fopodopu Kemom
Fopodopu Keritex
Fopodopu Nazupomen
Fopodopu Nepem
Fopodopu Pimirum
Fopodopu Ruliden
Fopodopu Sapikaful
Fopodopu Tulakuken
Fopodopu Visidebum
Fopodopu Zaduful
Fopodopu Zanopis
Fopodopu Zapin
Fopodopu Zumavaves
Fopozoner Fuvevin
Fopozoner Gevizasir
Fopozoner Kapekur
Fopozoner Lamunex
Fopozoner Lunizox
Fopozoner Miviburos
Fopozoner Pagazosos
Fopozoner Raluger
Fopozoner Sedelar
Fopozoner Sinekokul
Fopozoner Tenis
Fopozoner Tezul
Fopozoner Venebibam
Fopozoner Vunix
Fopozoner Ziligomin
Foramodis Kikur
Foramodis Kusin
Foramodis Madofum
Foramodis Navimus
Foramodis Nipul
Foramodis Pomapoku
Foramodis Reminasin
Foramodis Rorotesex
Foramodis Vupis
Foramodis Zofugebem
Forevekan Gefer
Forevekan Kifevabel
Forevekan Lefavegon
Forevekan Lemim
Forevekan Lemirogon
Forevekan Nafevipem
Forevekan Pimirum
Forevekan Pipemubel
Forevekan Pirex
Forevekan Piter
Forevekan Posemizox
Forevekan Remetobon
Forevekan Titesin
Forevekan Tulakuken
Forevekan Turazavum
Forevekan Vigavimem
Forex Funibefes
Forex Kelemen
Forex Movifos
Forex Rilas
Forex Supotam
Forex Terubabi
Forex Veres
Forex Voduru
Forex Vopuravis
Forex Zefofofo
Forex Zekusal
Fosoler Gakisex
Fosoler Kinarol
Fosoler Lafitamox
Fosoler Lemirogon
Fosoler Manosusul
Fosoler Metagenox
Fosoler Miparu
Fosoler Mofos
Fosoler Nesim
Fosoler Nimebigor
Fosoler Putum
Fosoler Roveso
Fosoler Sodem
Fosoler Soluva
Fosoler Sumutun
Fosoler Vunis
Fosoler Zopefan
Fotesuzil Kafam
Fotesuzil Lenerefes
Fotesuzil Monutumu
Fotesuzil Napovil
Fotesuzil Nepuras
Fotesuzil Nules
Fotesuzil Paran
Fotesuzil Pimirum
Fotesuzil Saputix
Fotesuzil Sotolezal
Fotesuzil Telunufom
Fotesuzil Zodofom
Fovegos Gedetigas
Fovegos Gefutumix
Fovegos Kudibu
Fovegos Kudol
Fovegos Lokanan
Fovegos Mavagan
Fovegos Miparu
Fovegos Nagusom
Fovegos Nedikar
Fovegos Paduvux
Fovegos Pedafux
Fovegos Pilobivu
Fovegos Posibedol
Fovegos Ragex
Fovegos Sevatarur
Fovegos Zesul
Fovegos Zunex
Fovesil Fusadamu
Fovesil Kevuvus
Fovesil Lubiposin
Fovesil Mededes
Fovesil Midonix
Fovesil Nedel
Fovesil Nupomum
Fovesil Ramil
Fovesil Susun
Fovesil Zekerar
Fovesil Zemon
Fovesil Zesulebal
Fovupe Kotux
Fovupe Lifelunix
Fovupe Menufimim
Fovupe Sunigo
Fovupe Tubir
Fovupe Vanivu
Fovupe Vimarox
Fovupe Vunutufum
Fozam Keduberom
Fozam Kelemen
Fozam Kirox
Fozam Lafil
Fozam Melufam
Fozam Nedel
Fozam Sivotifim
Fozam Sugux
Fozam Sumoboram
Fozam Valul
Fozam Vuril
Fozam Zuner
Fozi Gegufan
Fozi Lakal
Fozi Nodidel
Fozi Puzux
Fozi Runonemin
Fozi Rusix
Fozi Sapikaful
Fozi Sovapusox
Fozi Sozadax
Fozi Vazus
Fozorarem Maran
Fozorarem Milifobon
Fozorarem Muti
Fozorarem Naral
Fozorarem Nipul
Fozorarem Novado
Fozorarem Pezuzosa
Fozorarem Pomapoku
Fozorarem Punebego
Fozorarem Rekor
Fozorarem Somegabax
Fozorarem Sumegibil
Fozorarem Sunadodos
Fozorarem Togazevos
Fozorarem Venum
Fozorarem Vibel
Fozorarem Vovudofux
Fozu Gegufan
Fozu Meranun
Fozu Nekipuzom
Fozu Nerax
Fozu Paravax
Fozu Pezorer
Fozu Serogamux
Fozu Vagum
Fozu Vuloban
Fozu Zabanin
Fozu Zotemukux
Fubipibus Gabavefir
Fubipibus Geder
Fubipibus Ginovavil
Fubipibus Kezidu
Fubipibus Kukukanir
Fubipibus Logivabo
Fubipibus Nedikar
Fubipibus Nego
Fubipibus Pepil
Fubipibus Pepobemer
Fubipibus Pune
Fubipibus Reduvana
Fubipibus Remetobon
Fubipibus Sevol
Fubipibus Sezorudis
Fubipibus Vofalisox
Fubipibus Vurubegox
Fubipibus Zetorokus
Fubipibus Zudan
Fubipibus Zumezal
Fubor Guzar
Fubor Leregirix
Fubor Lobimabus
Fubor Lobux
Fubor Logus
Fubor Nikunupe
Fubor Pokepur
Fubor Posibedol
Fubor Ronuvom
Fubor Sekaroson
Fubor Selir
Fubor Sepogoges
Fubor Zabodes
Fubor Zosuvode
Fubutikun Fupokox
Fubutikun Karar
Fubutikun Lamafim
Fubutikun Lasudepem
Fubutikun Lobemirox
Fubutikun Lopilir
Fubutikun Nenobatil
Fubutikun Rurovax
Fubutikun Savovul
Fubutikun Sudagin
Fubutikun Sufir
Fubutikun Susuvogam
Fubutikun Telerux
Fubutikun Tinadivom
Fubutikun Vemetos
Fubutikun Visor
Fubutikun Zadidux
Fubutikun Ziligeges
Fudor Gelos
Fudor Gusar
Fudor Kapipux
Fudor Kolebo
Fudor Lagudobo
Fudor Mageloris
Fudor Nagusom
Fudor Nenimilul
Fudor Nepenuvi
Fudor Notidom
Fudor Pakipigon
Fudor Resovom
Fudor Sebokilal
Fudor Sinavizem
Fudor Vemorolol
Fudor Zokor
Fudor Zuzodilem
Fufuko Genesoki
Fufuko Gilezugu
Fufuko Kenevam
Fufuko Kinararul
Fufuko Kirox
Fufuko Kovesa
Fufuko Lakal
Fufuko Lokomul
Fufuko Metar
Fufuko Mikin
Fufuko Nezor
Fufuko Nimebigor
Fufuko Nureganor
Fufuko Pazimes
Fufuko Pipemubel
Fufuko Sepogoges
Fufuko Tebenul
Fufuko Tizum
Fukazilax Kepar
Fukazilax Linul
Fukazilax Madofum
Fukazilax Mufem
Fukazilax Namubim
Fukazilax Notidom
Fukazilax Parox
Fukazilax Pudon
Fukazilax Rivem
Fukazilax Rozefen
Fukazilax Rumubudan
Fukazilax Sidafunix
Fukazilax Sokiketun
Fukul Genun
Fukul Kifosix
Fukul Kinofazil
Fukul Koragepin
Fukul Koterin
Fukul Muvas
Fukul Nazututos
Fukul Nedodepis
Fukul Nogopegel
Fukul Pazimes
Fukul Peder
Fukul Rolul
Fukul Saganoser
Fukul Sazon
Fukul Somamir
Fukul Tosumidix
Fukul Vatal
Fukul Vunol
Fumanigos Gipom
Fumanigos Kafabas
Fumanigos Kinovutal
Fumanigos Koterin
Fumanigos Lenotom
Fumanigos Libatabin
Fumanigos Meno
Fumanigos Minunemis
Fumanigos Rufu
Fumanigos Tunazal
Fumanigos Vovudofux
Fumanigos Ziligomin
Fumelun Kalul
Fumelun Lales
Fumelun Nopugon
Fumelun Nusas
Fumelun Panivirus
Fumelun Polalagur
Fumelun Sotononum
Fumelun Teven
Fumelun Tidozilen
Fumelun Tinadivom
Fumelun Tukibos
Fumelun Visidebum
Fumelun Zorisel
Fumofago Keles
Fumofago Kufizikin
Fumofago Mepolel
Fumofago Nubozil
Fumofago Pulelon
Fumofago Ramon
Fumofago Rutodim
Fumofago Sedus
Fumofago Tabomunor
Fumofago Tisirola
Fumofago Vopiden
Fumomu Gokis
Fumomu Goriteban
Fumomu Gunus
Fumomu Guzison
Fumomu Kanuvas
Fumomu Katora
Fumomu Kodidenor
Fumomu Kugel
Fumomu Laponutan
Fumomu Lovel
Fumomu Lupas
Fumomu Mozisugos
Fumomu Nafevipem
Fumomu Suru
Fumomu Taduduzim
Fumomu Zodofom
Fumu Gafunitan
Fumu Gunus
Fumu Keduberom
Fumu Logamor
Fumu Lomitukus
Fumu Losurelel
Fumu Luvorar
Fumu Nurikam
Fumu Reminasin
Fumu Rutodim
Fumu Turazavum
Fumu Vifapitix
Fumu Vunegax
Fumu Zalupax
Fumu Zeman
Fumu Zifom
Funibefes Gabavefir
Funibefes Gevapus
Funibefes Koza
Funibefes Lavikas
Funibefes Menu
Funibefes Modikem
Funibefes Nupuden
Funibefes Pagazosos
Funibefes Talalubun
Funibefes Tonofore
Funibefes Tuminafon
Funibefes Vekedax
Funibefes Vuzazelir
Funifur Fupuvil
Funifur Gator
Funifur Guzar
Funifur Kevur
Funifur Kukukanir
Funifur Lenu
Funifur Lumazidor
Funifur Luzarepus
Funifur Mimebir
Funifur Molen
Funifur Nedovo
Funifur Pisebupin
Funifur Siga
Funifur Sotononum
Funifur Sovor
Funifur Vedinun
Funifur Zudar
Funinul Giper
Funinul Lafel
Funinul Ledim
Funinul Logurar
Funinul Mefivegol
Funinul Nakapul
Funinul Napovil
Funinul Nenobatil
Funinul Pabutudex
Funinul Pazen
Funinul Pezan
Funinul Pona
Funinul Semer
Funinul Sinekokul
Funinul Sopir
Funinul Sukemas
Funinul Tirumim
Funinul Vonutapor
Funinul Zuner
Fupel Gufem
Fupel Guses
Fupel Kodebovum
Fupel Komil
Fupel Kudiveman
Fupel Lenal
Fupel Luvorar
Fupel Robiviker
Fupel Sofetetem
Fupel Sokikan
Fupel Tebenul
Fupel Telinur
Fupel Tukibos
Fupel Vidigix
Fupel Vigem
Fupel Zadidux
Fupel Zador
Fupel Zara
Fupel Zusupiger
Fupokox Gipar
Fupokox Gokufil
Fupokox Gudom
Fupokox Kuvamon
Fupokox Legir
Fupokox Mutam
Fupokox Noser
Fupokox Pabutudex
Fupokox Ramil
Fupokox Regevi
Fupokox Roril
Fupokox Talalubun
Fupum Fupuvil
Fupum Gakisex
Fupum Gazukal
Fupum Gemuzipex
Fupum Getos
Fupum Giper
Fupum Gudex
Fupum Kekar
Fupum Kifex
Fupum Magem
Fupum Murukix
Fupum Nibos
Fupum Ralozaba
Fupum Ribuzan
Fupum Sasadon
Fupum Tisirola
Fupum Vuboror
Fupuvil Gokis
Fupuvil Matirigom
Fupuvil Mumanuvux
Fupuvil Neruzax
Fupuvil Papix
Fupuvil Posemizox
Fupuvil Ripevu
Fupuvil Risugel
Fupuvil Sagape
Fupuvil Zegukim
Fupuvil Zuki
Furokel Gageguku
Furokel Kugur
Furokel Lobisetus
Furokel Pigefoni
Furokel Sarazas
Furokel Tizem
Furokel Vekipebar
Furokel Vivekur
Furokel Vodir
Furokel Zakepelor
Fusadamu Guzu
Fusadamu Kavan
Fusadamu Kozetem
Fusadamu Linul
Fusadamu Merox
Fusadamu Niva
Fusadamu Pibuzar
Fusadamu Romaves
Fusadamu Rurovax
Fusadamu Subufufu
Fusadamu Tabasux
Fusadamu Tetetomax
Fusadamu Tuminafon
Fusadamu Vemidi
Fusadamu Vuluvivem
Fusezados Gudavi
Fusezados Kozin
Fusezados Kudibu
Fusezados Kurikomel
Fusezados Limam
Fusezados Lomipam
Fusezados Nemux
Fusezados Romovem
Fusezados Sodem
Fusezados Talis
Fusezados Vagatokir
Fusezados Zenas
Fuvevin Gitamin
Fuvevin Kavudes
Fuvevin Ketel
Fuvevin Lifal
Fuvevin Lusegibir
Fuvevin Megupa
Fuvevin Rozon
Fuvevin Tarodotom
Fuvevin Zaso
Fuvevin Zivopos
Fuvumilul Gefer
Fuvumilul Guzar
Fuvumilul Lozekogam
Fuvumilul Lurapavil
Fuvumilul Molem
Fuvumilul Motuter
Fuvumilul Nipul
Fuvumilul Rafakisex
Fuvumilul Sufir
Fuzel Kara
Fuzel Kodidenor
Fuzel Ledelu
Fuzel Matirigom
Fuzel Melufam
Fuzel Metar
Fuzel Pazusuros
Fuzel Rufu
Fuzel Selir
Fuzel Vuvaruvun
Fuzel Zotazekux
Fuzur Munufozil
Fuzur Nofoson
Fuzur Nopun
Fuzur Raseva
Fuzur Ronobil
Fuzur Rovozukin
Fuzur Sovaban
Fuzur Tukox
Fuzur Vizemin
Gabavefir Kavimun
Gabavefir Keles
Gabavefir Kepen
Gabavefir Keradoda
Gabavefir Kinofazil
Gabavefir Letanuvox
Gabavefir Lidete
Gabavefir Minunemis
Gabavefir Nepebalan
Gabavefir Nilezinox
Gabavefir Posokumel
Gabavefir Sabezopar
Gabavefir Sidafunix
Gabavefir Sigi
Gabavefir Temamor
Gabavefir Tunazal
Gabavefir Tunox
Gabavefir Zakix
Gabavefir Zobasin
Gabavefir Zogovolim
Gabis Kanuvas
Gabis Kasil
Gabis Keradoda
Gabis Lakal
Gabis Linon
Gabis Muvimodin
Gabis Punebego
Gabis Ririgupas
Gabis Rorotesex
Gabis Sepogoges
Gabis Simax
Gabis Tanal
Gabis Zara
Gabokidim Komil
Gabokidim Kovonitem
Gabokidim Mumanuvux
Gabokidim Murukix
Gabokidim Nazeten
Gabokidim Nezu
Gabokidim Paravax
Gabokidim Rofun
Gabokidim Sipodepu
Gabokidim Sobe
Gabokidim Telinur
Gabokidim Tosumidix
Gafimum Kugur
Gafimum Lugodugom
Gafimum Mefalu
Gafimum Nefal
Gafimum Neruzax
Gafimum Nulenutox
Gafimum Sipapa
Gafimum Tetugogon
Gafimum Vepem
Gafimum Zabivol
Gafimum Zemon
Gafimum Zesor
Gafimum Zukem
Gafunitan Gibubax
Gafunitan Giper
Gafunitan Koragepin
Gafunitan Ladopo
Gafunitan Lenotom
Gafunitan Megam
Gafunitan Nakapul
Gafunitan Nubozil
Gafunitan Pavogor
Gafunitan Pipedus
Gafunitan Podedil
Gafunitan Pofemon
Gafunitan Pufer
Gafunitan Tanitopon
Gafunitan Telinur
Gafunitan Toris
Gafunitan Zapama
Gafunitan Zazos
Gafunitan Zigox
Gageguku Kinodelem
Gageguku Lokanan
Gageguku Lurufatem
Gageguku Mavus
Gageguku Nanopas
Gageguku Ramil
Gageguku Rovozukin
Gageguku Sodem
Gageguku Sumutun
Gageguku Sutum
Gageguku Suvo
Gageguku Tabomunor
Gageguku Telunufom
Gageguku Vozapar
Gageguku Vurudu
Gagil Gebefegus
Gagil Gopelibo
Gagil Kugakix
Gagil Ludan
Gagil Podedil
Gagil Rikur
Gagil Rirom
Gagil Sabezopar
Gagil Sovetufix
Gagil Valul
Gagil Vugulon
Gagukun Lugodugom
Gagukun Marux
Gagukun Movifos
Gagukun Nopi
Gagukun Pesaruder
Gagukun Pisebupin
Gagukun Puver
Gagukun Resovom
Gagukun Ritir
Gagukun Tirumim
Gagukun Tusululin
Gagukun Vazus
Gagukun Vofes
Gagus Gutolilun
Gagus Keles
Gagus Nalosim
Gagus Nekivivun
Gagus Nemux
Gagus Noses
Gagus Parox
Gagus Pavogor
Gagus Tifidir
Gagus Tofivukas
Gagus Velata
Gagus Voralur
Gakisex Kinararul
Gakisex Koragepin
Gakisex Lutizom
Gakisex Magenatil
Gakisex Magipefim
Gakisex Mudosu
Gakisex Nerum
Gakisex Nibos
Gakisex Pazen
Gakisex Relun
Gakisex Risugel
Gakisex Sotolezal
Gakisex Tebenul
Gakisex Vazakesux
Gakisex Vemil
Gakisex Vulatada
Gakisex Zotekul
Gakivager Kevur
Gakivager Lolos
Gakivager Luvorar
Gakivager Megupa
Gakivager Mezumux
Gakivager Mitivazor
Gakivager Modapis
Gakivager Nifor
Gakivager Nupuden
Gakivager Podedil
Gakivager Ribimazux
Gakivager Rorotesex
Gakivager Sagape
Gakivager Saputix
Gakivager Simamim
Gakivager Sogazoki
Gakivager Soneras
Gakivager Tokufer
Gakivager Vefovibi
Gakivager Vilivukir
Galole Girax
Galole Gobofo
Galole Gudavi
Galole Kapekur
Galole Kudibu
Galole Melalis
Galole Rasom
Galole Romesabel
Galole Siliren
Galole Tamefogus
Galole Vemil
Galole Vepem
Galom Lalesulax
Galom Lunizox
Galom Mizapa
Galom Moretegin
Galom Nego
Galom Nirulel
Galom Sesamefom
Galom Varugefol
Galom Zalodepen
Galom Zesor
Galom Zutanusul
Ganisofis Goriteban
Ganisofis Gudom
Ganisofis Kafabas
Ganisofis Lozepar
Ganisofis Magipefim
Ganisofis Mivizusor
Ganisofis Muzex
Ganisofis Naruzo
Ganisofis Rikur
Ganisofis Silidunim
Ganisofis Sumen
Ganisofis Susaludus
Ganisofis Vodus
Ganisofis Ziligeges
Ganisofis Zuki
Ganufiso Gedetigas
Ganufiso Kavirin
Ganufiso Komor
Ganufiso Logurar
Ganufiso Lolamudul
Ganufiso Lolos
Ganufiso Lubu
Ganufiso Ripevu
Ganufiso Sapomufon
Ganufiso Sarazas
Ganufiso Solige
Ganufiso Tuletusan
Ganufiso Vanivu
Gapopor Guzu
Gapopor Lapazux
Gapopor Lasuzal
Gapopor Lekafesil
Gapopor Nifor
Gapopor Nikomale
Gapopor Piresem
Gapopor Rikur
Gapopor Rulel
Gapopor Sozadax
Gapopor Tekom
Gapopor Tusululin
Gapopor Zavilire
Gapopor Zegimul
Gapopor Zikarigul
Gapopor Zilul
Gapuso Kozin
Gapuso Lanukiven
Gapuso Mepolel
Gapuso Molem
Gapuso Molireman
Gapuso Mulezusem
Gapuso Muvan
Gapuso Nikunupe
Gapuso Nopun
Gapuso Nufuzuril
Gapuso Nuzox
Gapuso Pufepares
Gapuso Putum
Gapuso Sorilepor
Gapuso Zominam
Garen Kavirin
Garen Kelinin
Garen Metakemi
Garen Mizapa
Garen Popukes
Garen Rigole
Garen Savalon
Garen Tatevos
Garen Tidozilen
Gasi Gogazax
Gasi Kilolun
Gasi Kokix
Gasi Lasam
Gasi Lubu
Gasi Lurapavil
Gasi Mova
Gasi Mupekupor
Gasi Norizevum
Gasi Pigusikur
Gasi Pufepares
Gasi Sesamefom
Gasi Sotolezal
Gasi Sovapusox
Gasi Vadopupis
Gasi Vefes
Gasi Vibel
Gasi Zopefan
Gasolar Guve
Gasolar Lagus
Gasolar Lusilix
Gasolar Mimum
Gasolar Nafa
Gasolar Negen
Gasolar Nizurex
Gasolar Rebupokos
Gasolar Saputix
Gasolar Sivozol
Gasolar Tabafikax
Gasolar Vibigenal
Gasolar Vufagix
Gatidor Kidiruga
Gatidor Lapizos
Gatidor Panivirus
Gatidor Pukakex
Gatidor Rivem
Gatidor Sapomufon
Gatidor Timi
Gatidor Vovudofux
Gatidor Zepimir
Gator Legir
Gator Lezix
Gator Losofom
Gator Lovedu
Gator Muduzi
Gator Nasasigan
Gator Ponum
Gator Popomutom
Gator Samogisum
Gator Sigivivom
Gator Sutum
Gator Vatipes
Gator Zevisa
Gator Zukigor
Gavofux Kazeber
Gavofux Kevur
Gavofux Lanox
Gavofux Madadevix
Gavofux Murukix
Gavofux Nalosim
Gavofux Nimebigor
Gavofux Pazimes
Gavofux Rokipobor
Gavofux Sebisodis
Gavofux Tegupox
Gavofux Tonuroron
Gavofux Vigeserim
Gavofux Zagor
Gavofux Zozo
Gazukal Mirufis
Gazukal Mova
Gazukal Mukazu
Gazukal Naserun
Gazukal Niloril
Gazukal Nukorabar
Gazukal Putafu
Gazukal Sinekokul
Gazukal Telum
Gazukal Veres
Gazukal Vozikegem
Gazutazam Geriramas
Gazutazam Gumosax
Gazutazam Gumux
Gazutazam Kubosafas
Gazutazam Lasor
Gazutazam Levulegus
Gazutazam Lolivizex
Gazutazam Mafufegun
Gazutazam Norizevum
Gazutazam Punuzorex
Gazutazam Tizum
Gazutazam Veban
Gazutazam Zegevodux
Gebe Gemuzipex
Gebe Kufizikin
Gebe Lazen
Gebe Lusilix
Gebe Novipifim
Gebe Pepezines
Gebe Rokipobor
Gebe Sasadon
Gebe Sivul
Gebe Teruluros
Gebe Vuboror
Gebefegus Ginosikur
Gebefegus Lulirisar
Gebefegus Meninidel
Gebefegus Mikin
Gebefegus Molem
Gebefegus Niloril
Gebefegus Nipul
Gebefegus Ponim
Gebefegus Rasom
Gebefegus Sasadon
Gebefegus Sudogotul
Gebefegus Tokufer
Gebefegus Zabu
Gebopen Gideniram
Gebopen Leregirix
Gebopen Lubu
Gebopen Misegifin
Gebopen Mupeninux
Gebopen Muvas
Gebopen Nivix
Gebopen Nuruludun
Gebopen Pigefoni
Gebopen Rebenido
Gebopen Resupum
Gebopen Talis
Gebopen Tiror
Gebopen Zapex
Gedaroras Kinelom
Gedaroras Mimux
Gedaroras Mokom
Gedaroras Nono
Gedaroras Nonon
Gedaroras Nufuzuril
Gedaroras Sagape
Gedaroras Satas
Gedaroras Sazon
Gedaroras Sikal
Gedaroras Sudagin
Gedaroras Suru
Gedaroras Timenemir
Gedaroras Tofozar
Gedaroras Visor
Gedaroras Zigox
Geder Lamekal
Geder Lanozives
Geder Nufuzuril
Geder Rikil
Geder Simamim
Geder Sogokikem
Geder Tudam
Geder Zavilire
Gedetigas Gibubax
Gedetigas Laponutan
Gedetigas Limur
Gedetigas Mefalu
Gedetigas Refumam
Gedetigas Rikil
Gedetigas Sogax
Gedetigas Taremal
Gedetigas Tonom
Gefa Munufozil
Gefa Paravax
Gefa Pevor
Gefa Ramovin
Gefa Sepomos
Gefa Sinekokul
Gefa Sunigo
Gefa Teruluros
Gefa Vesetonul
Gefa Votevam
Gefa Zivil
Gefer Kibu
Gefer Kozin
Gefer Mikolifer
Gefer Mupekupor
Gefer Nesufuter
Gefer Pafotex
Gefer Parugen
Gefer Patanuvol
Gefer Poron
Gefer Posibedol
Gefer Rufu
Gefer Sinozivun
Gefer Sulen
Gefer Suru
Gefer Tetugogon
Gefer Timi
Gefer Zigox
Gefer Zisaliva
Gefugom Leregirix
Gefugom Lusokazus
Gefugom Nerax
Gefugom Pavidu
Gefugom Roril
Gefugom Varal
Gefugom Vibuneves
Gefugom Vopiden
Gefugom Vulatada
Gefugom Zalilus
Gefutumix Lobisetus
Gefutumix Losal
Gefutumix Male
Gefutumix Minusa
Gefutumix Sesamefom
Gefutumix Vuluvivem
Gefutumix Zupitepum
Gegufan Girom
Gegufan Gutulato
Gegufan Kelinin
Gegufan Ketamugin
Gegufan Nigasos
Gegufan Romesabel
Gegufan Sunadodos
Gegufan Tenis
Gegufan Tesupifel
Gegufan Turazavum
Gegufan Zizifas
Gegufan Zokanal
Geguzarem Lalol
Geguzarem Matevilu
Geguzarem Mova
Geguzarem Mozisugos
Geguzarem Navufifos
Geguzarem Nutotas
Geguzarem Resovom
Geguzarem Runar
Geguzarem Rupodeme
Geguzarem Sirex
Geguzarem Sufer
Geguzarem Tores
Geguzarem Zalupax
Gekelal Kesan
Gekelal Kinelom
Gekelal Makidun
Gekelal Medupus
Gekelal Nazupomen
Gekelal Nepe
Gekelal Vekis
Gekelal Vunix
Gekidil Guzar
Gekidil Katora
Gekidil Lasudepem
Gekidil Lilamago
Gekidil Manosusul
Gekidil Nedikar
Gekidil Negum
Gekidil Pagazosos
Gekidil Poven
Gekidil Ravusato
Gekidil Vurudu
Gekidil Vuvaruvun
Gekidil Zofum
Geko Lumibalum
Geko Podedil
Geko Poron
Geko Rimul
Geko Rumubudan
Geko Sevol
Geko Tetetomax
Geko Tiror
Geko Tomivoko
Geko Valanumi
Geko Vedanuta
Geko Vibiku
Geko Zudatorar
Gelos Kafabas
Gelos Kara
Gelos Kidiruga
Gelos Ledugerel
Gelos Minunemis
Gelos Mozeka
Gelos Mutam
Gelos Nelitabex
Gelos Pufakom
Gelos Resupum
Gelos Ruzekelox
Gelos Satazor
Gelos Simes
Gelos Sudogotul
Gelos Tatis
Gelos Zonamom
Gemuzipex Gupilon
Gemuzipex Kibu
Gemuzipex Kibux
Gemuzipex Logezin
Gemuzipex Maran
Gemuzipex Mekum
Gemuzipex Nezu
Gemuzipex Refas
Gemuzipex Sefe
Gemuzipex Semer
Gemuzipex Veban
Gemuzipex Vorox
Gemuzipex Vuni
Genel Lagogonun
Genel Lalol
Genel Ledelu
Genel Leregirix
Genel Nezokikol
Genel Nodidel
Genel Pezan
Genel Resovom
Genel Rezegos
Genel Soneras
Genel Tudam
Genesoki Kudiveman
Genesoki Lafitamox
Genesoki Lamobavin
Genesoki Ludal
Genesoki Mavagan
Genesoki Mipofodul
Genesoki Nego
Genesoki Notidom
Genesoki Numekis
Genesoki Soler
Genesoki Terubabi
Genesoki Vemil
Genesoki Vidofis
Genesoki Zalilus
Genun Gifux
Genun Libatabin
Genun Lisusux
Genun Luvafekul
Genun Minusa
Genun Nokububos
Genun Pidedem
Genun Sesamefom
Genun Varal
Genun Vazakesux
Genun Vonizar
Genun Zagor
Gepegen Kugakix
Gepegen Kupunatu
Gepegen Pifetem
Gepegen Sepogoges
Gepegen Vepem
Gerinur Guris
Gerinur Kenenen
Gerinur Kokufalor
Gerinur Losurelel
Gerinur Lozekogam
Gerinur Ludal
Gerinur Mozil
Gerinur Novado
Gerinur Pedurinum
Gerinur Ruvupe
Gerinur Tisepen
Gerinur Zobasin
Geriramas Gitim
Geriramas Lotebalus
Geriramas Mugax
Geriramas Nerum
Geriramas Ponim
Geriramas Sitetusol
Geriramas Totanafe
Geriramas Vurudu
Geriramas Zumavaves
Gesenin Kekar
Gesenin Kigefovex
Gesenin Lifisaber
Gesenin Rizusape
Gesenin Saganoser
Gesenin Sokikan
Gesenin Tanitopon
Gesenin Voruzinam
Gesenin Zofum
Gesinim Golar
Gesinim Gupilon
Gesinim Lales
Gesinim Lalesulax
Gesinim Lobimabus
Gesinim Lopiver
Gesinim Luzur
Gesinim Mefivegol
Gesinim Mosova
Gesinim Nazogonux
Gesinim Remetobon
Gesinim Sudagin
Gesinim Tabafikax
Gesinim Tazax
Gesinim Topalazil
Gesinim Zepimir
Gesinim Zuzen
Getos Kupunatu
Getos Mibix
Getos Nepux
Getos Nibugopis
Getos Pofotis
Getos Pune
Getos Rifipizux
Getos Subu
Getos Sufer
Getos Susun
Getos Zaso
Gevapus Gurulux
Gevapus Kotux
Gevapus Ladopo
Gevapus Luvorar
Gevapus Nurikam
Gevapus Palar
Gevapus Parelux
Gevapus Pepezines
Gevapus Satazor
Gevapus Subufufu
Gevapus Supotam
Gevapus Valobebel
Gevapus Vuni
Gevapus Zalilus
Gevapus Zovax
Gevapus Zudatorar
Gevimim Gitim
Gevimim Keduberom
Gevimim Kovesa
Gevimim Laponutan
Gevimim Lolivizex
Gevimim Lusasa
Gevimim Melalis
Gevimim Movifos
Gevimim Nubozil
Gevimim Pezan
Gevimim Sikul
Gevimim Simax
Gevimim Sofuban
Gevimim Sunerugu
Gevimim Titigodu
Gevimim Vurubegox
Gevimim Zalitofis
Gevizasir Kelemen
Gevizasir Lusasa
Gevizasir Nizin
Gevizasir Nusas
Gevizasir Pokilis
Gevizasir Rekor
Gevizasir Rifipizux
Gevizasir Rofun
Gevizasir Tetetomax
Gevizasir Totisovas
Gevizasir Vako
Gevizasir Zorevevir
Gezagidox Guker
Gezagidox Lemim
Gezagidox Lilamago
Gezagidox Logezin
Gezagidox Lolivizex
Gezagidox Mageloris
Gezagidox Mova
Gezagidox Novipifim
Gezagidox Rokal
Gezagidox Ronux
Gezagidox Sebokopon
Gezagidox Sizapure
Gezagidox Tiragir
Gezagidox Vivipabus
Gezagidox Zine
Gezanal Kudodem
Gezanal Legir
Gezanal Lufom
Gezanal Meranun
Gezanal Mibix
Gezanal Pesarolen
Gezanal Pigusikur
Gezanal Sipodepu
Gezanal Zatabox
Gezibo Gitim
Gezibo Nibugopis
Gezibo Puzux
Gezibo Satozo
Gezibo Tekom
Gezibo Todix
Gezibo Vebex
Gibepagin Lenerefes
Gibepagin Lutomasen
Gibepagin Mopise
Gibepagin Nazututos
Gibepagin Nilifox
Gibepagin Pomegal
Gibepagin Puzapim
Gibepagin Vigavimem
Gibepagin Visor
Gibepagin Volotokim
Gibepagin Zunebitix
Gibepagin Zutigarul
Gibubax Karonogon
Gibubax Mageloris
Gibubax Nelitabex
Gibubax Nepe
Gibubax Talis
Gibubax Tosanezer
Gideniram Legumir
Gideniram Lilotes
Gideniram Mabukoka
Gideniram Metakemi
Gideniram Rotovos
Gideniram Tigul
Gideniram Vebex
Gideniram Vigil
Gideniram Zanapen
Gididu Keboteter
Gididu Kemom
Gididu Kinul
Gididu Mabox
Gididu Minusa
Gididu Miparu
Gididu Nediga
Gididu Sigi
Gididu Teveberas
Gididu Zotazekux
Gidugul Meno
Gidugul Nomalon
Gidugul Rikur
Gidugul Ruvupe
Gidugul Sapikaful
Gidugul Sivutubis
Gidugul Titesin
Gidugul Tomulas
Gidugul Volepir
Gidugul Zazafeves
Gifux Gisodox
Gifux Kekar
Gifux Lobux
Gifux Metar
Gifux Naruzo
Gifux Nepime
Gifux Nigubulur
Gifux Pisurur
Gifux Piter
Gifux Pupin
Gifux Rigukax
Gifux Ritir
Gifux Sedelar
Gifux Tisepen
Gifux Tunazal
Gifux Vazus
Gifux Zoper
Gigabi Gukedepem
Gigabi Kalatil
Gigabi Ketel
Gigabi Kobam
Gigabi Nazututos
Gigabi Nelis
Gigabi Nepux
Gigabi Rafakisex
Gigabi Resovom
Gigabi Rudix
Gigabi Sokarosol
Gigabi Sumudubos
Gigabi Vekipebar
Gigabi Vifapitix
Gigabi Vizemin
Gigabi Zorevevir
Gigabi Zuki
Gigabi Zumer
Gigos Goviremax
Gigos Kugel
Gigos Matil
Gigos Meninidel
Gigos Nigasos
Gigos Ramovin
Gigos Rolul
Gigos Sovor
Gigos Tugin
Gigos Voruzinam
Gigos Zoker
Gigos Zudatorar
Gilezugu Kapipux
Gilezugu Lagudobo
Gilezugu Maber
Gilezugu Mageloris
Gilezugu Mezagir
Gilezugu Mitivazor
Gilezugu Nigubulur
Gilezugu Nonokivam
Gilezugu Nonon
Gilezugu Nufibikux
Gilezugu Nupo
Gilezugu Paravax
Gilezugu Ramil
Gilezugu Rebupokos
Gilezugu Savofan
Gilezugu Sorilepor
Gilezugu Tomivoko
Gilezugu Vemidi
Gilezugu Vufagix
Gilidepo Kenil
Gilidepo Lifedo
Gilidepo Magenatil
Gilidepo Mesen
Gilidepo Nedodepis
Gilidepo Nufanokil
Gilidepo Nulenutox
Gilidepo Nureganor
Gilidepo Rebenido
Gilidepo Ruzekelox
Gilidepo Saganoser
Gilidepo Sapomufon
Gilidepo Terubabi
Gilidepo Valobebel
Gilidepo Veres
Gilidepo Zuzodilem
Ginosikur Lunute
Ginosikur Nibos
Ginosikur Raseva
Ginosikur Roveran
Ginosikur Rusix
Ginosikur Sudasun
Ginosikur Vedugin
Ginosikur Zotekul
Ginovavil Mudosu
Ginovavil Mufen
Ginovavil Nedox
Ginovavil Nemobovi
Ginovavil Sozadax
Ginovavil Vidigix
Gipar Komil
Gipar Kuvora
Gipar Mageloris
Gipar Nimebigor
Gipar Sibiso
Gipar Tepemux
Gipar Visor
Gipar Vodir
Gipar Zamatu
Gipar Zegimul
Gipar Zubiribel
Giper Ketamugin
Giper Kinul
Giper Kuvamon
Giper Losan
Giper Muti
Giper Nokububos
Giper Pifetem
Giper Pune
Giper Rapam
Giper Rizax
Giper Sivutubis
Giper Telunufom
Giper Vatal
Giper Vibuneves
Giper Vifapitix
Giper Vukepis
Giper Zudador
Gipis Gogafamom
Gipis Melalis
Gipis Naposazox
Gipis Neluvo
Gipis Nesufuter
Gipis Nureganor
Gipis Pazusuros
Gipis Ralunar
Gipis Sinozivun
Gipis Sofafavom
Gipis Suvivolo
Gipis Varazesum
Gipis Zibugubi
Gipom Guzar
Gipom Muvogil
Gipom Nigubulur
Gipom Nimebigor
Gipom Pepom
Gipom Pisebupin
Gipom Popukes
Gipom Pufer
Gipom Ropipel
Gipom Sezarovin
Gipom Subu
Gipom Tunox
Gipom Vefovibi
Gipom Vemil
Gipom Vuni
Gipom Zudatorar
Giranozux Lapenom
Giranozux Limur
Giranozux Lolamudul
Giranozux Lunute
Giranozux Mededes
Giranozux Megam
Giranozux Molem
Giranozux Pomapoku
Giranozux Sesamefom
Giranozux Tudam
Giranozux Tulex
Giranozux Venebibam
Giranozux Vinofor
Giranozux Vopiden
Giranozux Zuzen
Girax Mededes
Girax Nikomale
Girax Nulenutox
Girax Renekix
Girax Rorotesex
Girax Savofan
Girax Tesupifel
Girax Tizem
Girax Vogamukel
Girax Zopefan
Girom Kanuvas
Girom Letorix
Girom Meno
Girom Miparu
Girom Sukemas
Girom Telunufom
Girom Totizox
Girom Tusululin
Girom Vemidi
Girom Zutanusul
Gisodox Gugokul
Gisodox Lomitukus
Gisodox Makidun
Gisodox Mavolugur
Gisodox Pagux
Gisodox Sosoger
Gisodox Tarodotom
Gisodox Tiragir
Gisodox Volidaze
Gisodox Zilex
Gitamin Kobam
Gitamin Koragepin
Gitamin Ligosaful
Gitamin Lotebalus
Gitamin Pafotex
Gitamin Paravax
Gitamin Sizapure
Gitamin Sokarosol
Gitamin Soneras
Gitamin Turazavum
Gitamin Vukalalux
Gitamin Zubiribel
Gitamin Zuvolex
Gitim Gozade
Gitim Keduberom
Gitim Lagudobo
Gitim Linan
Gitim Lubiposin
Gitim Luferizal
Gitim Mavus
Gitim Mopise
Gitim Puzapim
Gitim Ragisen
Gitim Ralon
Gitim Remosus
Gitim Sapo
Gitim Saputon
Gitim Sidafunix
Gitim Sipapa
Gitim Tazifuge
Gitim Tezul
Gitim Totisovas
Gitim Zazos
Gitim Zizifas
Gitox Gurodar
Gitox Kavudes
Gitox Kibu
Gitox Legir
Gitox Mimuzin
Gitox Mitam
Gitox Nafifidum
Gitox Nedel
Gitox Nigimosan
Gitox Noner
Gitox Ragex
Gitox Ribivazox
Gitox Rigole
Gitox Samogisum
Gitox Sikal
Gitox Tirumim
Gitox Tugasazux
Gitox Vanivu
Gitox Zovax
Gitox Zudar
Gobofo Kepen
Gobofo Kigefovex
Gobofo Limam
Gobofo Nipul
Gobofo Pavogor
Gobofo Rigole
Gobofo Tatis
Gobofo Tebenul
Gobofo Tores
Gofam Gositanas
Gofam Kibu
Gofam Komus
Gofam Kozetem
Gofam Luvorar
Gofam Mumex
Gofam Niva
Gofam Nivumas
Gofam Nuker
Gofam Pimirum
Gofam Refumam
Gofam Tusam
Gofam Vogamukel
Gofam Vokax
Gofesal Menufimim
Gofesal Noses
Gofesal Pezuzosa
Gofesal Semer
Gofesal Sonomoles
Gofesal Sovopaben
Gofesal Tukibos
Gofesal Vigezar
Gofesal Zugur
Gofubum Kenuba
Gofubum Ketalir
Gofubum Lelom
Gofubum Meninidel
Gofubum Nepenuvi
Gofubum Nukorabar
Gofubum Pukakex
Gofubum Pulovex
Gofubum Ramepoder
Gofubum Ronux
Gofubum Ropol
Gofubum Rukizox
Gofubum Salaser
Gofubum Sumegibil
Gofubum Tudam
Gogafamom Kerenar
Gogafamom Kifiseba
Gogafamom Lagogonun
Gogafamom Lenerefes
Gogafamom Logezin
Gogafamom Minunemis
Gogafamom Misegifin
Gogafamom Mokiborol
Gogafamom Mozil
Gogafamom Nebor
Gogafamom Nenobatil
Gogafamom Nomalon
Gogafamom Pakipigon
Gogafamom Pusil
Gogafamom Tazedo
Gogafamom Timi
Gogafamom Tukaven
Gogazax Lemun
Gogazax Pagux
Gogazax Pazol
Gogazax Pepix
Gogazax Pepobemer
Gogazax Pudon
Gogazax Rinovas
Gogazax Sarazas
Gogazax Vepezano
Gogazax Vesuzum
Goginovul Kutufezol
Goginovul Logurar
Goginovul Lopiver
Goginovul Lusokazus
Goginovul Mirufis
Goginovul Nadamozos
Goginovul Noves
Goginovul Ponum
Goginovul Ropal
Goginovul Temamor
Goginovul Visor
Gokagen Kibu
Gokagen Lenal
Gokagen Lufom
Gokagen Merox
Gokagen Muvimodin
Gokagen Naral
Gokagen Nubozil
Gokagen Pesaruder
Gokagen Ralozaba
Gokagen Teruluros
Gokagen Vapavigil
Gokagen Vibigenal
Gokagen Zomizus
Gokis Kinodelem
Gokis Logamor
Gokis Lubonosa
Gokis Lutofakux
Gokis Mobason
Gokis Pebafasex
Gokis Rasidul
Gokis Semuvar
Gokis Sunerugu
Gokis Tiror
Gokis Vofes
Gokis Vudofom
Gokis Vunol
Gokis Zitebim
Gokis Zobasin
Gokis Zokanal
Gokonol Lagogonun
Gokonol Lagudobo
Gokonol Linil
Gokonol Maran
Gokonol Naposazox
Gokonol Nedox
Gokonol Nirulel
Gokonol Posopufi
Gokonol Sese
Gokonol Silidunim
Gokonol Sisipam
Gokonol Vetanel
Gokufil Ludan
Gokufil Mikolifer
Gokufil Nekinax
Gokufil Nikomale
Gokufil Nufanokil
Gokufil Pezorer
Gokufil Puver
Gokufil Sepiges
Gokufil Siliren
Gokufil Sudasun
Gokufil Telunufom
Gokufil Volepir
Gokufil Vopus
Golar Kifusebi
Golar Kinodelem
Golar Ladopo
Golar Lomitukus
Golar Lupas
Golar Mafes
Golar Nadamozos
Golar Nupuden
Golar Petotin
Golar Pupin
Golar Ropol
Golar Rumubudan
Golar Rurovax
Golar Totar
Gopelibo Lasudepem
Gopelibo Lutofakux
Gopelibo Mesen
Gopelibo Nakizus
Gopelibo Ralatagu
Gopelibo Ridomim
Gopelibo Romesabel
Gopelibo Tavanum
Gopelibo Tisepen
Gopelibo Vedapigox
Gopelibo Zador
Gopelibo Zumavaves
Goremober Mipofodul
Goremober Sivotifim
Goremober Voludil
Goremober Zagukozar
Goremober Zokor
Goriteban Kanuvas
Goriteban Kibu
Goriteban Limam
Goriteban Nazogonux
Goriteban Negum
Goriteban Nikomale
Goriteban Pofotis
Goriteban Robiviker
Goriteban Sofetetem
Goriteban Tuminafon
Goriteban Vako
Goriteban Vupinofim
Goriteban Vutor
Goriteban Zunebitix
Gosal Kobenen
Gosal Kolebo
Gosal Lekafesil
Gosal Logezin
Gosal Lotebalus
Gosal Nepe
Gosal Rurovax
Gosal Sakex
Gosal Silol
Gosal Titesin
Gosal Tuminafon
Gosal Zagukozar
Gosal Zerex
Gositanas Laponal
Gositanas Lasudepem
Gositanas Nivix
Gositanas Pepin
Gositanas Ribem
Gositanas Sesamefom
Gositanas Sufer
Gositanas Tifidir
Gositanas Tukaven
Gositanas Tulakuken
Gositanas Zasubun
Gositanas Zigal
Gotamul Gurulux
Gotamul Kanuvas
Gotamul Kilolun
Gotamul Kinofazil
Gotamul Nafoses
Gotamul Rukex
Gotamul Sarazas
Gotamul Seludisas
Gotamul Sovopaben
Gotamul Tirumim
Gotamul Tusam
Gotamul Vunegax
Gotamul Zudar
Goviremax Kenil
Goviremax Korapifum
Goviremax Makidun
Goviremax Mitam
Goviremax Mozisugos
Goviremax Nego
Goviremax Neseron
Goviremax Nezor
Goviremax Noves
Goviremax Nubafimer
Goviremax Pipemubel
Goviremax Rasitus
Goviremax Vodir
Gozade Gukedepem
Gozade Kenuba
Gozade Kinovutal
Gozade Metagenox
Gozade Mikin
Gozade Mosilul
Gozade Munanul
Gozade Nafifidum
Gozade Ponim
Gozade Rasom
Gozade Ribimazux
Gozade Rotovos
Gozade Sedus
Gozade Zavesave
Gozade Zudador
Gububox Keren
Gububox Laponutan
Gububox Mibamer
Gububox Mofur
Gububox Munanul
Gububox Nanurim
Gububox Naposazox
Gububox Nusofisar
Gububox Paravax
Gububox Rurovax
Gudalex Ketu
Gudalex Kifusebi
Gudalex Kopusem
Gudalex Logamor
Gudalex Lomitukus
Gudalex Losix
Gudalex Monutumu
Gudalex Nizurex
Gudalex Pezeganum
Gudalex Podedil
Gudalex Rizusape
Gudalex Sebisodis
Gudalex Totar
Gudalex Tuvor
Gudalex Vilivukir
Gudavi Gupanono
Gudavi Kelas
Gudavi Kotatavux
Gudavi Mozil
Gudavi Mugax
Gudavi Nilekigum
Gudavi Sonomoles
Gudavi Volidaze
Gudavi Zapin
Gudavi Zara
Gudex Kolebo
Gudex Lenerefes
Gudex Madederun
Gudex Murukix
Gudex Nepebalan
Gudex Niloril
Gudex Pagomor
Gudex Rufu
Gudex Talis
Gudex Zelu
Gudex Zumer
Gudezel Guzu
Gudezel Kakamos
Gudezel Kozetem
Gudezel Luzur
Gudezel Mafufegun
Gudezel Nekivivun
Gudezel Pagazosos
Gudezel Pavogor
Gudezel Piriku
Gudezel Pulunis
Gudezel Pusus
Gudezel Sesamefom
Gudezel Zasusix
Gudezel Zivopos
Gudezel Zumer
Gudilulal Gudum
Gudilulal Guvufos
Gudilulal Lutizom
Gudilulal Mitim
Gudilulal Mumex
Gudilulal Pebukas
Gudilulal Rumubudan
Gudom Kekan
Gudom Kinarol
Gudom Putafu
Gudom Rapam
Gudom Rozon
Gudom Sigivivom
Gudom Sipapa
Gudom Tofivukas
Gudom Zasusix
Gudom Zozo
Gudum Guzu
Gudum Kigupusel
Gudum Kisuko
Gudum Mukazu
Gudum Pisebupin
Gudum Rapam
Gudum Silol
Gudum Sulis
Gudum Veres
Gudum Vudofom
Gudum Zibu
Gufem Gutolilun
Gufem Midonix
Gufem Niloril
Gufem Nufadabil
Gufem Pomegal
Gufem Silidunim
Gufem Soler
Gufem Sovor
Gufem Timokax
Gufem Tuminafon
Gufem Vavum
Gufem Volepir
Gufem Zavesave
Gugokul Lemim
Gugokul Lumokusir
Gugokul Mafix
Gugokul Munufozil
Gugokul Nada
Gugokul Ragisen
Gugokul Sebibax
Gugokul Teruluros
Gugokul Tinadivom
Gugokul Tugas
Gugokul Tunox
Gugokul Zekerar
Gugokul Zesul
Gugokul Zuki
Gukedepem Ketel
Gukedepem Komil
Gukedepem Larinafix
Gukedepem Lifedo
Gukedepem Mutafus
Gukedepem Penerix
Gukedepem Ragisen
Gukedepem Reraruvol
Gukedepem Sekuro
Gukedepem Silidunim
Gukedepem Sonomoles
Gukedepem Tafum
Gukedepem Tonofore
Guker Lagogonun
Guker Lakosos
Guker Lofonex
Guker Molen
Guker Nizigox
Guker Nufuzuril
Guker Nupuden
Guker Pepezines
Guker Punuzorex
Guker Rasom
Guker Rilas
Guker Sulemas
Guker Zetorokus
Guker Zofum
Gumosax Kolebo
Gumosax Lumokusir
Gumosax Menufimim
Gumosax Muvan
Gumosax Muvogil
Gumosax Navimus
Gumosax Nipul
Gumosax Nivix
Gumosax Panivirus
Gumosax Petotin
Gumosax Podufosum
Gumosax Remetobon
Gumosax Sedus
Gumosax Sugux
Gumosax Supan
Gumosax Tazax
Gumosax Vazus
Gumotur Ladobir
Gumotur Lifal
Gumotur Makidun
Gumotur Nikunupe
Gumotur Pagomor
Gumotur Podedil
Gumotur Ropipel
Gumotur Satozo
Gumotur Sivotifim
Gumotur Tamefogus
Gumotur Topox
Gumotur Totisovas
Gumotur Zukigor
Gumotur Zupitepum
Gumux Kive
Gumux Kugakix
Gumux Mosova
Gumux Munufozil
Gumux Navozigur
Gumux Nelis
Gumux Neseron
Gumux Pazen
Gumux Piros
Gumux Sivutubis
Gumux Somamir
Gumux Tagalobox
Gumux Todix
Gumux Varugefol
Gumux Zisis
Gunus Mezumux
Gunus Nenosesa
Gunus Pofotis
Gunus Regevi
Gunus Topox
Gunus Vedapigox
Gupanono Kikur
Gupanono Kogakipon
Gupanono Koza
Gupanono Ludal
Gupanono Mafes
Gupanono Nidevar
Gupanono Nulenutox
Gupanono Rilatidal
Gupanono Sipubobil
Gupanono Tanitopon
Gupanono Tekom
Gupanono Tulex
Gupilon Lofezex
Gupilon Lumibalum
Gupilon Mabukoka
Gupilon Mitemafom
Gupilon Pedafux
Gupilon Piros
Gupilon Renekix
Gupilon Rizegumor
Gupilon Sese
Gupilon Totanos
Gupuzir Losix
Gupuzir Nufuzuril
Gupuzir Tunazal
Gupuzir Valanumi
Gupuzir Veres
Gupuzir Zibugubi
Guris Kogomokal
Guris Lofonex
Guris Moretegin
Guris Nikox
Guris Novipifim
Guris Ralatagu
Guris Ralozaba
Guris Vibigenal
Guris Vurubegox
Guris Zigal
Gurodar Lafil
Gurodar Lotege
Gurodar Matirigom
Gurodar Mikezol
Gurodar Nepe
Gurodar Nesim
Gurodar Nirulel
Gurodar Pavus
Gurodar Sevudozal
Gurodar Siduvir
Gurodar Tamim
Gurodar Vonizar
Gurodar Zutanusul
Gurulux Legir
Gurulux Mesen
Gurulux Mimebir
Gurulux Munanul
Gurulux Muvimodin
Gurulux Pakipigon
Gurulux Piresem
Gurulux Porusem
Gurulux Rasitus
Gurulux Satozo
Gurulux Similofer
Gurulux Sumen
Gurulux Volefam
Gurulux Zetorokus
Gurulux Ziloneden
Gusar Kafabas
Gusar Kamon
Gusar Lezix
Gusar Lomos
Gusar Mumanuvux
Gusar Pedurinum
Gusar Ralon
Gusar Sakex
Gusar Sazon
Gusar Susuvogam
Gusar Tetopefan
Gusar Vemorolol
Gusar Vigil
Gusar Vodir
Gusar Voduru
Gusar Volefam
Gusar Vudofom
Gusar Vulikus
Gusar Vunix
Guses Kodebovum
Guses Lobemirox
Guses Mabebam
Guses Nedikar
Guses Niloril
Guses Nufuzuril
Guses Pezan
Guses Piros
Guses Ruvolalil
Guses Sepogoges
Guses Tetobu
Guses Vamidil
Guses Vunis
Gusogen Gutulato
Gusogen Kifiseba
Gusogen Legir
Gusogen Losal
Gusogen Pezeganum
Gusogen Ruzin
Gusogen Suvo
Gusogen Tanal
Gusogen Tudibalux
Gusogen Zisaliva
Gusopozir Gutim
Gusopozir Losan
Gusopozir Mibamer
Gusopozir Mumex
Gusopozir Nipul
Gusopozir Notidom
Gusopozir Punebego
Gusopozir Vidofis
Gusopozir Vivekur
Gusopozir Zebarevan
Gutim Lenu
Gutim Luzur
Gutim Melufam
Gutim Mikes
Gutim Nibeper
Gutim Pebafasex
Gutim Pedurinum
Gutim Sobefola
Gutim Sogolos
Gutim Suvo
Gutim Vekis
Gutim Vifudevis
Gutim Vogamukel
Gutim Zadura
Gutim Zatabox
Gutolilun Kive
Gutolilun Nekipuzom
Gutolilun Niva
Gutolilun Nomalon
Gutolilun Reminasin
Gutulato Kebux
Gutulato Kuvamon
Gutulato Lamekal
Gutulato Lobemirox
Gutulato Lozepar
Gutulato Luzarepus
Gutulato Modikem
Gutulato Nidevar
Gutulato Pisol
Gutulato Polalagur
Gutulato Sivul
Gutulato Telum
Gutulato Temamor
Gutulato Vetanel
Guve Komil
Guve Losal
Guve Lozekogam
Guve Lufor
Guve Ravusetal
Guve Sezorudis
Guve Temamor
Guve Tifidir
Guve Tilorir
Guve Zikarigul
Guvufos Kobenen
Guvufos Kurikomel
Guvufos Ladekamir
Guvufos Lilamago
Guvufos Mitam
Guvufos Neseron
Guvufos Rubax
Guvufos Sapo
Guvufos Subu
Guvufos Sukagugis
Guvufos Tabafikax
Guvufos Tubir
Guvufos Vozikegem
Guvufos Zeman
Guzar Lenotom
Guzar Mukazu
Guzar Mupeninux
Guzar Nemux
Guzar Nigimosan
Guzar Nizurex
Guzar Volefam
Guzar Vuram
Guzar Zabanin
Guzison Kitos
Guzison Nigubulur
Guzison Nikox
Guzison Sorilepor
Guzison Zetedil
Guzu Kebux
Guzu Lalol
Guzu Lidete
Guzu Lusasa
Guzu Lusokazus
Guzu Nafa
Guzu Nesufuter
Guzu Nufuzuril
Guzu Piros
Guzu Posopufi
Guzu Sakex
Guzu Sulikedis
Guzu Vokax
Guzu Vulatada
Guzu Vuvux
Kadex Kepen
Kadex Makiboze
Kadex Mimebir
Kadex Novipifim
Kadex Paravax
Kadex Pokepur
Kadex Sazon
Kadex Silol
Kadex Sobafepox
Kadex Vofokux
Kadex Vumon
Kadex Zegimul
Kadobepim Kagodepis
Kadobepim Kerenar
Kadobepim Magenatil
Kadobepim Nadefux
Kadobepim Nebor
Kadobepim Novipifim
Kadobepim Pagomor
Kadobepim Pegizorun
Kadobepim Rofogazun
Kadobepim Rozon
Kadobepim Ruzekelox
Kadobepim Seludisas
Kadobepim Sinozivun
Kadobepim Sofafavom
Kadobepim Sotux
Kadobepim Tetetomax
Kadobepim Tudam
Kadobepim Vofokux
Kafabas Kezidu
Kafabas Letorix
Kafabas Nufanokil
Kafabas Paran
Kafabas Supan
Kafabas Timi
Kafabas Zegimul
Kafabas Zovi
Kafam Kenuba
Kafam Komil
Kafam Matevilu
Kafam Nagur
Kafam Nizis
Kafam Nufadam
Kafam Pukakex
Kafam Ruzin
Kafam Similofer
Kafam Sumen
Kafam Temamor
Kafam Vinofor
Kafam Zigox
Kafam Zokor
Kafeso Kanuvas
Kafeso Ketamugin
Kafeso Kezetus
Kafeso Kudibu
Kafeso Lanilalal
Kafeso Lugodugom
Kafeso Nepen
Kafeso Pudon
Kafeso Rapam
Kafeso Ruberer
Kafeso Rugam
Kafeso Tazifuge
Kafeso Vibigenal
Kafeso Zilerux
Kafeso Zunebitix
Kagodepis Kerisix
Kagodepis Komil
Kagodepis Lafitamox
Kagodepis Nadamozos
Kagodepis Nedodepis
Kagodepis Noner
Kagodepis Pimom
Kagodepis Sefe
Kagodepis Telerux
Kagodepis Votulalol
Kagodepis Vupinofim
Kakamos Keren
Kakamos Lezix
Kakamos Nezix
Kakamos Paduvux
Kakamos Piter
Kakamos Soluva
Kakamos Sozadax
Kakamos Tetetomax
Kakamos Turazavum
Kakamos Zotazekux
Kakotu Miduka
Kakotu Paran
Kakotu Pisebupin
Kakotu Sinekokul
Kakotu Topox
Kakotu Zifom
Kalatil Ketu
Kalatil Lenotom
Kalatil Ragobu
Kalatil Sofadul
Kalatil Soneras
Kalatil Tanal
Kalatil Tiror
Kalatil Tunox
Kalatil Vofes
Kalul Lobisetus
Kalul Lusilix
Kalul Mimum
Kalul Mogumimur
Kalul Muvan
Kalul Novipifim
Kalul Saganoser
Kalul Sese
Kalul Tugas
Kalul Tusululin
Kalul Vaso
Kamon Lirom
Kamon Losurelel
Kamon Mikolifer
Kamon Motasu
Kamon Mufum
Kamon Negum
Kamon Sekuro
Kamon Sofetetem
Kamon Sotononum
Kamon Tabasux
Kamon Vapur
Kamon Vonizar
Kamon Vufagix
Kamon Zudatorar
Kanuvas Kenem
Kanuvas Legir
Kanuvas Pilobivu
Kanuvas Seridur
Kanuvas Sipubobil
Kanuvas Tizem
Kanuvas Zomizus
Kapekur Kavemare
Kapekur Madederun
Kapekur Rakezavar
Kapekur Rekor
Kapekur Simes
Kapekur Sinavizem
Kapekur Sitetusol
Kapekur Sivinofam
Kapekur Zador
Kaperukex Kodom
Kaperukex Koragepin
Kaperukex Lenerefes
Kaperukex Metires
Kaperukex Nufadam
Kaperukex Papix
Kaperukex Retem
Kaperukex Rofun
Kaperukex Roveran
Kaperukex Seludisas
Kaperukex Sezarovin
Kaperukex Vatipes
Kaperukex Visor
Kaperukex Zegevodux
Kaperukex Zegukim
Kapi Koragepin
Kapi Korapifum
Kapi Minusa
Kapi Putafu
Kapi Selir
Kapi Tekom
Kapi Timenemir
Kapi Vagum
Kapi Vizemin
Kapipux Lomos
Kapipux Mikezol
Kapipux Mumanuvux
Kapipux Pegizar
Kapipux Pusus
Kapipux Ramon
Kapipux Sizapure
Kapipux Tegupox
Kapipux Zovam
Kapusugel Koza
Kapusugel Pezeganum
Kapusugel Reduvana
Kapusugel Sogax
Kapusugel Tiror
Kapusugel Vazakesux
Kapusugel Vofes
Kapusugel Vurudu
Kapusugel Vuzazelir
Kara Kidiruga
Kara Kula
Kara Ladopo
Kara Meranun
Kara Mipofodul
Kara Mitazun
Kara Munanul
Kara Muvimodin
Kara Neteris
Kara Novilel
Kara Pavus
Kara Pegizar
Kara Samogisum
Kara Sasadon
Kara Zasubun
Kara Zekerar
Kara Zozagin
Karar Lasor
Karar Lasudepem
Karar Lutomasen
Karar Molem
Karar Parugen
Karar Pegizorun
Karar Ponum
Karar Rutodim
Karar Tomulas
Karar Vadopupis
Karar Vagum
Karar Vekedax
Karar Vilivukir
Karar Vozikegem
Karar Zabanin
Karonogon Kazelux
Karonogon Kisedu
Karonogon Nazeten
Karonogon Nazututos
Karonogon Nedovo
Karonogon Pepix
Karonogon Piter
Karonogon Pokepur
Karonogon Rizax
Karonogon Ronobil
Karonogon Sedelar
Karonogon Sunigo
Karonogon Zutigarul
Kasil Kebux
Kasil Lapazux
Kasil Mageloris
Kasil Menufimim
Kasil Nono
Kasil Nureganor
Kasil Pakipigon
Kasil Rasitus
Kasil Rivem
Kasil Roveso
Kasil Rulan
Kasil Sogokikem
Kasil Tetugogon
Kasil Verekekol
Kasil Zemosaram
Kasil Zonamom
Kasin Kigefovex
Kasin Kisuko
Kasin Komor
Kasin Lamekal
Kasin Navimus
Kasin Nekipuzom
Kasin Romaves
Kasin Sebokilal
Kasin Vufagix
Kasin Zofelus
Kasin Zovi
Kasutun Kenevam
Kasutun Kugur
Kasutun Lomux
Kasutun Mepa
Kasutun Metagenox
Kasutun Mozisugos
Kasutun Nules
Kasutun Nusas
Kasutun Pegizar
Kasutun Pudon
Kasutun Ralunar
Kasutun Rolul
Kasutun Rugam
Kasutun Soler
Kasutun Tisirola
Kasutun Tunox
Kasutun Zilul
Kasutun Zosuvode
Katora Kufodil
Katora Kupulukol
Katora Laponutan
Katora Lenal
Katora Lumokusir
Katora Mirepus
Katora Pezan
Katora Tepemux
Katora Tofivukas
Katora Vukepis
Kavan Kelemen
Kavan Lubenikim
Kavan Monutumu
Kavan Nedikar
Kavan Papix
Kavan Pivur
Kavan Pufakom
Kavan Refas
Kavan Rulan
Kavan Vilivukir
Kavan Ziladoben
Kavemare Ketamugin
Kavemare Kutufezol
Kavemare Logezin
Kavemare Lovedu
Kavemare Lusofar
Kavemare Nikunupe
Kavemare Punuzorex
Kavemare Sisipam
Kavemare Tabomunor
Kavemare Tidozilen
Kavemare Tizem
Kavemare Zadura
Kavemare Zakix
Kavemare Zutanusul
Kavimun Kepegeges
Kavimun Letanuvox
Kavimun Lilotes
Kavimun Mulezusem
Kavimun Novado
Kavimun Nupomum
Kavimun Ragor
Kavimun Tebenul
Kavimun Tisomufol
Kavimun Vinofor
Kavirin Lenal
Kavirin Lopiver
Kavirin Melalis
Kavirin Pebafasex
Kavirin Rugam
Kavirin Tulex
Kavirin Vefes
Kavirin Vekedax
Kavirin Vunis
Kavirin Zaza
Kavirin Zumer
Kavudes Lenal
Kavudes Mamekel
Kavudes Mekum
Kavudes Nimebigor
Kavudes Pavidu
Kavudes Potolalol
Kavudes Puzux
Kavudes Tepemux
Kavudes Tolokulul
Kavudes Vetanel
Kavudes Zudar
Kazeber Muvimodin
Kazeber Nada
Kazeber Nufadam
Kazeber Resupum
Kazeber Risatosim
Kazeber Rokal
Kazeber Tulakuken
Kazeber Vosel
Kazeber Zuzodilem
Kazelux Letanuvox
Kazelux Lisusux
Kazelux Nigubulur
Kazelux Numekis
Kazelux Temamor
Kazelux Tifidir
Kazelux Tigul
Kazelux Tomivoko
Keboteter Ketel
Keboteter Ledelu
Keboteter Refumam
Keboteter Rodo
Keboteter Sovetufix
Keboteter Subufufu
Keboteter Sumoboram
Keboteter Sunadodos
Keboteter Tetetomax
Keboteter Turisa
Keboteter Vefovibi
Keboteter Vukepis
Keboteter Vulatada
Kebux Kukukanir
Kebux Lopiver
Kebux Nopamopux
Kebux Nukorabar
Kebux Pabutudex
Kebux Pedurinum
Kebux Raluger
Kebux Revozulu
Kebux Ronux
Kebux Sovapusox
Kebux Vuboror
Kebux Vupinofim
Kebux Zivil
Keduberom Kobeva
Keduberom Lebasofus
Keduberom Ledugerel
Keduberom Lolos
Keduberom Mugevan
Keduberom Pedafux
Keduberom Siduvir
Keduberom Soluva
Keduberom Taduduzim
Keduberom Tazazan
Keduberom Totanos
Keduberom Vofalisox
Keduberom Vufagix
Keduberom Zemosaram
Kefatix Kitel
Kefatix Kokix
Kefatix Kopusem
Kefatix Kudiveman
Kefatix Nidevar
Kefatix Nilezinox
Kefatix Pivur
Kefatix Pokilis
Kefatix Reraturo
Kefatix Tolonofal
Kefatix Vapur
Kekan Lopiver
Kekan Megam
Kekan Nedinuzam
Kekan Nezor
Kekan Novado
Kekan Timenemir
Kekan Vuril
Kekan Vutuzis
Kekan Zisaliva
Kekar Kenuba
Kekar Logurar
Kekar Lokanan
Kekar Mirufis
Kekar Nuruludun
Kekar Rebupokos
Kekar Refas
Kekar Ruzin
Kekar Solige
Kekar Zadidux
Kekar Zavus
Kelas Kenex
Kelas Koterin
Kelas Lokomul
Kelas Mafufegun
Kelas Milazaras
Kelas Negen
Kelas Rirom
Kelas Sobafepox
Kelas Sonugun
Kelas Vatipes
Kelas Vunis
Kelas Zumos
Kelemen Lalesulax
Kelemen Lusokazus
Kelemen Luvafekul
Kelemen Magipefim
Kelemen Naral
Kelemen Sogokikem
Keles Lagus
Keles Nemux
Keles Noner
Keles Nusas
Keles Ralatagu
Keles Remesum
Keles Reminasin
Keles Ruzekelox
Keles Sobe
Keles Volotokim
Keles Vunis
Kelinin Kopusem
Kelinin Lugodugom
Kelinin Lumokusir
Kelinin Matirigom
Kelinin Mitivazor
Kelinin Mokom
Kelinin Pebukas
Kelinin Sonomoles
Kelinin Torezel
Kemizukan Kurikomel
Kemizukan Lokanan
Kemizukan Norenuvox
Kemizukan Pesarolen
Kemizukan Pinaboli
Kemizukan Rudix
Kemizukan Rusix
Kemizukan Sidun
Kemizukan Tubir
Kemom Mepolel
Kemom Nelis
Kemom Paran
Kemom Rifor
Kemom Sugen
Kemom Sulen
Kemom Titigodu
Kemom Tudam
Kemom Zemosaram
Kenem Lalol
Kenem Lomipam
Kenem Mekasox
Kenem Miparu
Kenem Pagux
Kenem Rebupokos
Kenem Rizegumor
Kenem Runar
Kenem Sonugun
Kenem Velata
Kenem Vigavimem
Kenem Zerex
Kenem Zotekul
Kenenen Kinararul
Kenenen Luvagipul
Kenenen Mamekel
Kenenen Nafifidum
Kenenen Palar
Kenenen Podufosum
Kenenen Pune
Kenenen Ralon
Kenenen Sosidefar
Kenenen Sugex
Kenenen Vaguner
Kenenen Vurudu
Kenevam Kerisix
Kenevam Logivabo
Kenevam Matil
Kenevam Mosova
Kenevam Nanurim
Kenevam Regevi
Kenevam Sivinofam
Kenevam Sonugun
Kenevam Subufufu
Kenevam Tokufer
Kenevam Vofalisox
Kenevam Vupinofim
Kenevam Zabodes
Kenevam Zaratezis
Kenevam Zesulebal
Kenex Kirox
Kenex Kodidenor
Kenex Kotatavux
Kenex Lafel
Kenex Lusofar
Kenex Mabox
Kenex Matam
Kenex Nadifavim
Kenex Nalosim
Kenex Nekinax
Kenex Nufadabil
Kenex Nurex
Kenex Nusofisar
Kenex Reraturo
Kenex Sabos
Kenex Semer
Kenex Semuvar
Kenil Kogomokal
Kenil Lugodugom
Kenil Mukazu
Kenil Noser
Kenil Nusatipar
Kenil Refumam
Kenil Rerosikar
Kenil Rilatidal
Kenil Sesamefom
Kenil Vedanuta
Kenil Zavilire
Kenuba Lanukiven
Kenuba Lusilix
Kenuba Mamekel
Kenuba Matevilu
Kenuba Mezumux
Kenuba Motus
Kenuba Serogamux
Kenuba Virus
Kepar Kerenar
Kepar Kotux
Kepar Kurikomel
Kepar Mosova
Kepar Pezan
Kepar Porusem
Kepar Rolul
Kepar Sasadon
Kepar Tazazan
Kepar Zekefir
Kepar Ziligeges
Kepar Zulol
Kepegeges Lafitamox
Kepegeges Munanul
Kepegeges Nafevipem
Kepegeges Sezorudis
Kepegeges Sibiso
Kepegeges Tonom
Kepegeges Tovumex
Kepegeges Tusam
Kepegeges Varesem
Kepegeges Zanopis
Kepegeges Zetorokus
Kepen Lasam
Kepen Mesen
Kepen Saputon
Kepen Zabivol
Kepen Zukem
Keradoda Lunute
Keradoda Malifal
Keradoda Mugol
Keradoda Mumex
Keradoda Nozur
Keradoda Papox
Keradoda Pisebupin
Keradoda Ribimazux
Keradoda Soril
Keradoda Sovapusox
Keradoda Vetanel
Keradoda Zavesave
Keradoda Ziligeges
Keradoda Zomizus
Keran Kinelom
Keran Nufibikux
Keran Pedurinum
Keran Podedil
Keran Reduvana
Keran Remavar
Keran Revozulu
Keran Ronuvom
Keran Sedelar
Keran Silol
Keran Velata
Keran Zibugubi
Keran Ziligomin
Keran Zulol
Keren Kigupusel
Keren Leteful
Keren Lolivizex
Keren Madederun
Keren Mikin
Keren Nozu
Keren Nuvobem
Keren Rotovos
Keren Sapo
Keren Savofan
Keren Situfones
Keren Soluva
Keren Subufufu
Keren Tazax
Keren Tazifuge
Keren Tebenul
Keren Torezel
Kerenar Nagusom
Kerenar Nazogonux
Kerenar Potolalol
Kerenar Pusus
Kerenar Rotovos
Kerenar Ruvimukol
Kerenar Silur
Kerenar Sovopaben
Kerenar Vugulon
Kerenar Vuvar
Kerisix Kesan
Kerisix Kisedu
Kerisix Lafil
Kerisix Lemirogon
Kerisix Leteful
Kerisix Mokom
Kerisix Nedodepis
Kerisix Nenerer
Kerisix Pisol
Kerisix Tagalobox
Kerisix Vefovibi
Kerisix Vofalisox
Kerisix Zeman
Kerisix Zivex
Keritex Korapifum
Keritex Lapenom
Keritex Lirax
Keritex Mokom
Keritex Movifos
Keritex Naral
Keritex Tuvor
Keritex Vozikegem
Kesan Komotoven
Kesan Lapizos
Kesan Lofonex
Kesan Mafufegun
Kesan Milifobon
Kesan Mugol
Kesan Muvas
Kesan Naruzo
Kesan Nugul
Ketalir Lebasofus
Ketalir Metibemis
Ketalir Mirepus
Ketalir Mukogovar
Ketalir Pigamomis
Ketalir Posopufi
Ketalir Rakokes
Ketalir Rebenido
Ketalir Sulis
Ketalir Vako
Ketalir Vamidil
Ketalir Vazakesux
Ketamugin Matil
Ketamugin Megupa
Ketamugin Reraruvol
Ketamugin Rizegumor
Ketamugin Rokipobor
Ketamugin Saputix
Ketamugin Vukalalux
Ketamugin Vuni
Ketamugin Zalodepen
Ketamugin Zoker
Ketel Mikin
Ketel Mozisugos
Ketel Nerum
Ketel Nogopegel
Ketel Nozu
Ketel Pegizorun
Ketel Sotononum
Ketel Tokulupox
Ketel Tover
Ketel Varesem
Ketel Vuvaruvun
Ketel Zimisufur
Ketel Zudatorar
Keter Kugur
Keter Milifobon
Keter Nusas
Keter Pegizar
Keter Pimirum
Keter Sofafavom
Keter Tukaven
Keter Tusululin
Keter Valanumi
Ketolas Kovonitem
Ketolas Losofom
Ketolas Maran
Ketolas Pavogor
Ketolas Ramil
Ketolas Relun
Ketolas Sezorudis
Ketolas Silol
Ketolas Susun
Ketolas Tedegofen
Ketolas Totar
Ketolas Vemetos
Ketolas Viro
Ketolas Zakix
Ketolas Zisipun
Ketu Lagus
Ketu Lalin
Ketu Lovel
Ketu Lusokazus
Ketu Magipefim
Ketu Paduvux
Ketu Ragor
Ketu Rerosikar
Ketu Rugika
Ketu Seludisas
Ketu Vufagix
Ketu Zutanusul
Kevur Kokufalor
Kevur Mamekel
Kevur Nogopegel
Kevur Pafotex
Kevur Posopufi
Kevur Pufakom
Kevur Somegabax
Kevur Sumegibil
Kevur Sunadodos
Kevur Tatis
Kevur Tiror
Kevur Zulol
Kevuvus Kukukanir
Kevuvus Posopufi
Kevuvus Rebupokos
Kevuvus Remetobon
Kevuvus Sapo
Kevuvus Tugin
Kevuvus Vofalisox
Kezetus Kive
Kezetus Labidal
Kezetus Lomos
Kezetus Mikin
Kezetus Nerax
Kezetus Nilekigum
Kezetus Ratefix
Kezetus Rimul
Kezetus Rivopal
Kezetus Zegukim
Kezidu Lobemirox
Kezidu Lotebalus
Kezidu Ludani
Kezidu Motasu
Kezidu Niva
Kezidu Pibuzar
Kezidu Verem
Kezidu Zamatu
Kibebigel Kinarol
Kibebigel Lebasofus
Kibebigel Makiboze
Kibebigel Pivur
Kibebigel Rorebul
Kibebigel Sukagugis
Kibebigel Zalupax
Kibebigel Zigal
Kibikivol Kokix
Kibikivol Kubosafas
Kibikivol Lanukiven
Kibikivol Lutizom
Kibikivol Nupuden
Kibikivol Penerix
Kibikivol Semuvar
Kibikivol Seridur
Kibikivol Sogazoki
Kibikivol Sudagin
Kibikivol Vunevufix
Kibikivol Zabanin
Kibikivol Zofugebem
Kibu Lagus
Kibu Lapazux
Kibu Ligosaful
Kibu Nusatipar
Kibu Rotu
Kibu Sume
Kibu Susaludus
Kibu Tazedo
Kibu Tusululin
Kibu Vekox
Kibux Lakosos
Kibux Nafex
Kibux Nalosim
Kibux Nufanokil
Kibux Pagomor
Kibux Tazax
Kibux Tuletusan
Kibux Turazavum
Kibux Visidebum
Kibux Zominam
Kidiruga Lezinokex
Kidiruga Mozeka
Kidiruga Naruzo
Kidiruga Nazogonux
Kidiruga Nekivivun
Kidiruga Nubozil
Kidiruga Nupomum
Kidiruga Parugen
Kidiruga Ralunar
Kidiruga Ritir
Kidiruga Sevatarur
Kidiruga Vedugin
Kidiruga Vemona
Kidiruga Viro
Kidiruga Zefus
Kidiruga Zepimir
Kidiruga Zevisa
Kidiruga Zonan
Kidiruga Zukigor
Kifevabel Lilamago
Kifevabel Losan
Kifevabel Timokax
Kifevabel Toris
Kifevabel Volefam
Kifex Lamobavin
Kifex Laponal
Kifex Laponutan
Kifex Nilekigum
Kifex Nugir
Kifex Pigamomis
Kifex Podedil
Kifex Pune
Kifex Rilas
Kifex Runonemin
Kifex Zapex
Kifiseba Luzarepus
Kifiseba Mededes
Kifiseba Nidevar
Kifiseba Nozur
Kifiseba Nufadam
Kifiseba Nusas
Kifiseba Pinaboli
Kifiseba Pusus
Kifiseba Ramepoder
Kifiseba Ridomim
Kifiseba Runar
Kifiseba Sepogoges
Kifiseba Silur
Kifiseba Sugux
Kifiseba Vako
Kifiseba Zuvolex
Kifosix Kitel
Kifosix Kudiveman
Kifosix Kufodil
Kifosix Lamobavin
Kifosix Linan
Kifosix Megam
Kifosix Melufam
Kifosix Mitim
Kifosix Mugol
Kifosix Nibos
Kifosix Nusux
Kifosix Piriku
Kifosix Rugam
Kifosix Sotolezal
Kifosix Tubir
Kifosix Vaso
Kifosix Zitebim
Kifusebi Lazen
Kifusebi Luvagipul
Kifusebi Mitivazor
Kifusebi Mugamalas
Kifusebi Nenosesa
Kifusebi Rilas
Kifusebi Ruliden
Kifusebi Sepomos
Kifusebi Tekom
Kifusebi Vatal
Kifusebi Zefofofo
Kifusebi Zonan
Kigefovex Lakosos
Kigefovex Losal
Kigefovex Magem
Kigefovex Nopun
Kigefovex Rolul
Kigefovex Sivozol
Kigefovex Tabomunor
Kigefovex Tovumex
Kigefovex Vurubegox
Kigupusel Lokanan
Kigupusel Mabel
Kigupusel Madederun
Kigupusel Mosilul
Kigupusel Mugevan
Kigupusel Nefal
Kigupusel Pokepur
Kigupusel Rizusape
Kigupusel Ropipel
Kigupusel Rugika
Kigupusel Sezarovin
Kigupusel Sofadul
Kigupusel Telerux
Kigupusel Vedugin
Kigupusel Zegimul
Kigupusel Zotazekux
Kikur Kodom
Kikur Lanozives
Kikur Marux
Kikur Mibix
Kikur Mopise
Kikur Nusatipar
Kikur Resovom
Kikur Rumubudan
Kikur Tatis
Kikur Tonofore
Kikur Vazikoma
Kilolun Losurelel
Kilolun Magenatil
Kilolun Pisebupin
Kilolun Sukagugis
Kilolun Tavanum
Kilolun Tugin
Kilolun Zakix
Kinararul Kugur
Kinararul Metagenox
Kinararul Nagur
Kinararul Pomegal
Kinararul Poven
Kinararul Pudon
Kinararul Sebokilal
Kinararul Totanafe
Kinararul Vogamukel
Kinarol Lagogonun
Kinarol Lasudepem
Kinarol Linon
Kinarol Lopilir
Kinarol Lusilix
Kinarol Motuter
Kinarol Nugul
Kinarol Ralatagu
Kinarol Ravusato
Kinarol Robiviker
Kinarol Somegabax
Kinarol Tetobu
Kinarol Vuram
Kinelom Kisedu
Kinelom Kuvora
Kinelom Monutumu
Kinelom Nedodepis
Kinelom Negum
Kinelom Nopugon
Kinelom Nufanokil
Kinelom Nuvobem
Kinelom Podufosum
Kinelom Polalagur
Kinelom Sezorudis
Kinelom Situfones
Kinelom Tigon
Kinelom Tukaven
Kinelom Vedapigox
Kinelom Zibu
Kinelom Zominam
Kinodelem Mafufegun
Kinodelem Mitivazor
Kinodelem Molipagal
Kinodelem Noner
Kinodelem Nureganor
Kinodelem Tidozilen
Kinodelem Vekedax
Kinodelem Vopus
Kinodelem Vosel
Kinofazil Koterin
Kinofazil Lopiver
Kinofazil Mibix
Kinofazil Mikin
Kinofazil Noner
Kinofazil Ribuzan
Kinofazil Rivem
Kinofazil Selir
Kinofazil Subufufu
Kinofazil Susuvogam
Kinofazil Tetobu
Kinofazil Vofalisox
Kinovutal Lasam
Kinovutal Logus
Kinovutal Matevilu
Kinovutal Mikes
Kinovutal Mumex
Kinovutal Puzux
Kinovutal Surorex
Kinovutal Zaza
Kinovutal Zilul
Kinul Lanox
Kinul Makidun
Kinul Mekalux
Kinul Motus
Kinul Nenerer
Kinul Nizis
Kinul Pazusuros
Kinul Ragobu
Kinul Sigi
Kinul Situfones
Kinul Sonomoles
Kinul Tepum
Kinul Vodir
Kinul Vunol
Kirox Komil
Kirox Kufodil
Kirox Losal
Kirox Pipedus
Kirox Pofotis
Kirox Sedelar
Kirox Sutum
Kirox Vodir
Kirox Zofugebem
Kirox Zopefan
Kisedu Linon
Kisedu Mepa
Kisedu Pifetem
Kisedu Pomapoku
Kisedu Ropol
Kisedu Tanal
Kisedu Vopiden
Kisedu Zekefir
Kisedu Zemon
Kisedu Zobasin
Kisuko Koragepin
Kisuko Kozetem
Kisuko Meninidel
Kisuko Nilekigum
Kisuko Ririgupas
Kisuko Sevatarur
Kisuko Tenis
Kisuko Vazikoma
Kisuko Vulikus
Kisuko Zavesave
Kisuko Zefofofo
Kitel Kugur
Kitel Luvafekul
Kitel Mabebam
Kitel Meranun
Kitel Pulunis
Kitel Risatosim
Kitel Rugam
Kitel Savovul
Kitel Simax
Kitel Suvo
Kitel Telinur
Kitel Tubir
Kitel Zeman
Kitos Levulegus
Kitos Ludal
Kitos Mufum
Kitos Nepem
Kitos Nizin
Kitos Paran
Kitos Pilisogax
Kitos Salaser
Kitos Savemilim
Kitos Suvo
Kitos Tebenul
Kitos Tofozar
Kitos Vetanel
Kitos Voludil
Kitos Zapin
Kitos Zesul
Kitos Zudar
Kitos Zurerupar
Kive Kobeva
Kive Koterin
Kive Lalesulax
Kive Mavolugur
Kive Nelitabex
Kive Nopamopux
Kive Pavogor
Kive Pimom
Kive Puver
Kive Ragisen
Kive Susun
Kive Teruluros
Kive Valul
Kive Vulikus
Kive Zegimul
Kizodur Kutufezol
Kizodur Lokanan
Kizodur Naral
Kizodur Sebibax
Kizodur Siga
Kizodur Tuvor
Kizodur Voludil
Kizodur Vunegax
Kizodur Zofelus
Kobam Lurufatem
Kobam Megevinas
Kobam Nediga
Kobam Piresem
Kobam Posibedol
Kobam Ribivazox
Kobam Sazepa
Kobam Silol
Kobam Simamim
Kobam Zovam
Kobenen Lanebux
Kobenen Nafex
Kobenen Pagux
Kobenen Sazon
Kobenen Sivax
Kobenen Sovetufix
Kobenen Temamor
Kobenen Tesim
Kobenen Tisirola
Kobenen Venebibam
Kobenen Zabanin
Kobeva Lifal
Kobeva Limur
Kobeva Makivim
Kobeva Nonon
Kobeva Nules
Kobeva Sabos
Kobeva Saganoser
Kobeva Sugen
Kobeva Sukagugis
Kobeva Vilivukir
Kobeva Zefofofo
Kodebovum Nupo
Kodebovum Regevi
Kodebovum Rulan
Kodebovum Sumutun
Kodebovum Taremal
Kodebovum Volidaze
Kodebovum Zaduful
Kodebovum Zara
Kodebovum Ziligeges
Kodebovum Zofelus
Kodidenor Kugeven
Kodidenor Kupox
Kodidenor Lanilalal
Kodidenor Luferizal
Kodidenor Mekalux
Kodidenor Milazaras
Kodidenor Nediga
Kodidenor Nekinax
Kodidenor Nugir
Kodidenor Ravusetal
Kodidenor Ridobufel
Kodidenor Rofun
Kodidenor Soneras
Kodidenor Venebibam
Kodidenor Zafapu
Kodidenor Ziladoben
Kodom Pazusuros
Kodom Pedurinum
Kodom Rofogazun
Kodom Vazikoma
Kodom Vukepis
Kogakipon Madederun
Kogakipon Magem
Kogakipon Modapis
Kogakipon Nonon
Kogakipon Nugul
Kogakipon Pagux
Kogakipon Parugen
Kogakipon Sisipam
Kogakipon Sovetufix
Kogakipon Susun
Kogakipon Vepezano
Kogakipon Visidebum
Kogomokal Lenotom
Kogomokal Mabel
Kogomokal Modikem
Kogomokal Mugol
Kogomokal Pezuzosa
Kogomokal Rukizox
Kogomokal Sipodepu
Kogomokal Susuvogam
Kogomokal Zufi
Kokix Lakal
Kokix Lenen
Kokix Nipul
Kokix Nomasunix
Kokix Tesim
Kokix Tonofore
Kokix Torafoval
Kokix Vulikus
Kokix Zaso
Kokufalor Lomitukus
Kokufalor Lulirisar
Kokufalor Mitemafom
Kokufalor Mufum
Kokufalor Muros
Kokufalor Pufakom
Kokufalor Ratefix
Kokufalor Tazazan
Kokufalor Tetopefan
Kokufalor Zabu
Kokufalor Zokivel
Kolebo Lapenom
Kolebo Mitim
Kolebo Movifos
Kolebo Pigamomis
Kolebo Rakezavar
Kolebo Reraruvol
Kolebo Sasadon
Kolebo Timokax
Kolebo Valobebel
Kolebo Zobasin
Komil Luzarepus
Komil Megevinas
Komil Mufepil
Komil Mupekupor
Komil Nedikar
Komil Nepen
Komil Nepime
Komil Nikunupe
Komil Nopivopen
Komil Pusil
Komil Refas
Komil Rofun
Komil Telunufom
Komil Tidozilen
Komil Timokax
Komil Tukaven
Komil Vemidi
Komil Zumos
Komitas Mesen
Komitas Metibemis
Komitas Nemobovi
Komitas Renekix
Komitas Sagape
Komitas Sezorudis
Komitas Zusupiger
Komor Kotatavux
Komor Lapenom
Komor Ledugerel
Komor Mavolugur
Komor Mozisugos
Komor Nanopas
Komor Nenimilul
Komor Pafotex
Komor Pogenagis
Komor Rozefen
Komor Sikal
Komor Vibuneves
Komor Zorisel
Komotoven Kotux
Komotoven Ladobir
Komotoven Linon
Komotoven Metires
Komotoven Mibamer
Komotoven Paduvux
Komotoven Ponum
Komotoven Rilas
Komotoven Rugam
Komotoven Siga
Komotoven Sufer
Komotoven Varugefol
Komus Mekalux
Komus Nalosim
Komus Nusom
Komus Ridobufel
Komus Rusix
Komus Tagalobox
Komus Tifidir
Komus Zaratezis
Kopusem Lupas
Kopusem Popomutom
Kopusem Sebibax
Kopusem Sibiso
Kopusem Silol
Kopusem Soneras
Kopusem Vukepis
Kopusem Zaduful
Koragepin Kurikomel
Koragepin Lemirogon
Koragepin Posibedol
Koragepin Pufepares
Koragepin Satazor
Koragepin Tezul
Koragepin Venum
Koragepin Vilivukir
Koragepin Vuluvivem
Koragepin Zesor
Koragepin Zobasin
Korapifum Kula
Korapifum Ledelu
Korapifum Logezin
Korapifum Muvimodin
Korapifum Neruzax
Korapifum Putum
Korapifum Siliren
Korapifum Temamor
Korapifum Tiragir
Korapifum Tiras
Korapifum Tosumidix
Korapifum Totizox
Korapifum Tugas
Korapifum Veres
Korapifum Vifom
Korapifum Volefam
Korapifum Zalilus
Korisa Ludan
Korisa Mogumimur
Korisa Nezix
Korisa Pezuzosa
Korisa Pona
Korisa Ribuzan
Korisa Sugex
Korisa Vinofor
Korisa Zelu
Kotatavux Lagus
Kotatavux Lezinokex
Kotatavux Losan
Kotatavux Lusilix
Kotatavux Mipipuke
Kotatavux Mokiborol
Kotatavux Pibos
Kotatavux Satazor
Kotatavux Sazon
Kotatavux Sinekokul
Kotatavux Vepezano
Kotatavux Vidigix
Koterin Kudiveman
Koterin Lamobavin
Koterin Lusegibir
Koterin Menufimim
Koterin Moretegin
Koterin Mufem
Koterin Muvan
Koterin Nizigox
Koterin Nusatipar
Koterin Reraturo
Koterin Sebokopon
Koterin Sese
Koterin Tudam
Koterin Vukepis
Koterin Vumon
Koterin Vuram
Kotux Kudiveman
Kotux Lenal
Kotux Logurar
Kotux Lubiposin
Kotux Lugodugom
Kotux Metakemi
Kotux Nuruludun
Kotux Rirom
Kotux Rugam
Kotux Sinavizem
Kotux Tabomunor
Kotux Zabanin
Kovesa Lapazux
Kovesa Lasam
Kovesa Lefavegon
Kovesa Leregirix
Kovesa Lesaser
Kovesa Nono
Kovesa Pusus
Kovesa Rifor
Kovesa Vosel
Kovesa Zabanin
Kovesa Zivopos
Kovesa Zumavaves
Kovonitem Legedifu
Kovonitem Losofom
Kovonitem Mabebam
Kovonitem Porusem
Kovonitem Saganoser
Kovonitem Satas
Kovonitem Sigivivom
Kovonitem Sonomoles
Kovonitem Suvo
Kovonitem Vemona
Kovonitem Vufil
Kovonitem Zikarigul
Koza Lanukiven
Koza Lefavegon
Koza Lemim
Koza Lozekogam
Koza Medupus
Koza Mefivegol
Koza Ponum
Koza Rigole
Koza Sanox
Koza Sovor
Koza Vofalisox
Koza Vopiden
Koza Zifom
Kozetem Ladobir
Kozetem Ledelu
Kozetem Male
Kozetem Noves
Kozetem Nukorabar
Kozetem Nupo
Kozetem Reduvana
Kozetem Solige
Kozetem Tebenul
Kozetem Telum
Kozetem Tiragir
Kozetem Vosel
Kozin Lanozives
Kozin Motuter
Kozin Mupeninux
Kozin Parelux
Kozin Remesum
Kozin Savemilim
Kozin Susun
Kubosafas Lilenis
Kubosafas Lotebalus
Kubosafas Merobil
Kubosafas Mipofodul
Kubosafas Nepen
Kubosafas Nivix
Kubosafas Nokububos
Kubosafas Nopugon
Kubosafas Nufadam
Kubosafas Sorilepor
Kubosafas Sumudubos
Kubosafas Tezul
Kubosafas Vopiden
Kubosafas Vuni
Kubosafas Zetedil
Kudibu Lofezex
Kudibu Mipipuke
Kudibu Moretegin
Kudibu Pebukas
Kudibu Pesarolen
Kudibu Pibos
Kudibu Ralokas
Kudibu Ribuzan
Kudibu Romaves
Kudibu Samogisum
Kudibu Sonomoles
Kudibu Tores
Kudiveman Mamekel
Kudiveman Mugax
Kudiveman Muvan
Kudiveman Muzex
Kudiveman Nuzox
Kudiveman Sivul
Kudiveman Tamefogus
Kudiveman Tolokulul
Kudiveman Vibel
Kudiveman Vonizar
Kudiveman Zitebim
Kudiveman Zokivel
Kudiveman Zudar
Kudodem Linon
Kudodem Makivim
Kudodem Milifobon
Kudodem Mivizusor
Kudodem Naserun
Kudodem Nazututos
Kudodem Nilifox
Kudodem Pagazosos
Kudodem Pagux
Kudodem Pesaruder
Kudodem Ropal
Kudodem Ruzekelox
Kudodem Tepemux
Kudodem Tirumim
Kudodem Vesaponil
Kudodem Vofalisox
Kudol Mabukoka
Kudol Meranun
Kudol Miduka
Kudol Mozani
Kudol Naposazox
Kudol Noser
Kudol Putafu
Kudol Sekaroson
Kudol Tavanum
Kudol Tirumim
Kudol Zanopis
Kudol Zesul
Kudol Ziligeges
Kufizikin Lamekal
Kufizikin Lasudepem
Kufizikin Menufimim
Kufizikin Minunemis
Kufizikin Nadamozos
Kufizikin Novipifim
Kufizikin Puzedo
Kufizikin Sedus
Kufizikin Vatipes
Kufizikin Vefes
Kufizikin Vekox
Kufizikin Zapama
Kufizikin Zapefas
Kufizikin Zefofofo
Kufizikin Zegevodux
Kufodil Kutalasol
Kufodil Nizin
Kufodil Rasidul
Kufodil Rulafor
Kufodil Ruvolalil
Kufodil Sovaban
Kufodil Tesupifel
Kufodil Totisovas
Kufodil Tugas
Kufodil Tugasazux
Kufodil Vunis
Kugakix Lales
Kugakix Retem
Kugakix Tusululin
Kugakix Vemorolol
Kugakix Zetorokus
Kugakix Zibugubi
Kugel Lusasa
Kugel Monutumu
Kugel Naral
Kugel Nopamopux
Kugel Resupum
Kugel Satas
Kugel Sinozivun
Kugel Tisomufol
Kugel Tonofore
Kugel Tuvor
Kugel Vazakesux
Kugel Vonizar
Kugel Zilerux
Kugel Zoker
Kugeven Lanox
Kugeven Pibos
Kugeven Pivur
Kugeven Posemizox
Kugeven Ribimazux
Kugeven Sezarovin
Kugeven Subu
Kugeven Telerux
Kugeven Vutor
Kugeven Zevox
Kugeven Zominam
Kugur Lanebux
Kugur Nagusom
Kugur Nuker
Kugur Piresem
Kugur Rorebul
Kugur Sagape
Kugur Vazikoma
Kugur Vemorolol
Kugur Zibu
Kugur Zurerupar
Kukukanir Ledim
Kukukanir Neluvo
Kukukanir Satas
Kukukanir Savil
Kukukanir Sulemas
Kukukanir Tamazir
Kukukanir Vazikoma
Kukukanir Zorevevir
Kukukanir Zukem
Kula Lemirogon
Kula Pazusuros
Kula Sepogoges
Kula Vesetonul
Kula Vizemin
Kula Zelu
Kupox Lanebux
Kupox Melufam
Kupox Mufepil
Kupox Nerum
Kupox Nubafimer
Kupox Ralozaba
Kupox Sinozivun
Kupox Sogax
Kupox Tubir
Kupox Vuvar
Kupox Zapin
Kupox Zelu
Kupulukol Levulegus
Kupulukol Mefivegol
Kupulukol Motuter
Kupulukol Ritos
Kupulukol Sevol
Kupulukol Zabivol
Kupulukol Zasuvuben
Kupunatu Lumokusir
Kupunatu Ponim
Kupunatu Varesem
Kupunatu Zibu
Kupunatu Zofelus
Kupunatu Zokanal
Kupunatu Zupesorox
Kurax Nusux
Kurax Porusem
Kurax Refumam
Kurax Ridobufel
Kurax Sivul
Kurax Tazax
Kurax Tekom
Kurax Zisis
Kurikomel Lasudepem
Kurikomel Limam
Kurikomel Mefivegol
Kurikomel Nukorabar
Kurikomel Parugen
Kurikomel Peka
Kurikomel Pidedem
Kurikomel Sirex
Kurikomel Soril
Kurikomel Sorilepor
Kurikomel Tetetomax
Kurikomel Varazesum
Kusin Mibix
Kusin Nezor
Kusin Pagux
Kusin Pipemubel
Kusin Reraruvol
Kusin Vivipabus
Kutalasol Logezin
Kutalasol Mozege
Kutalasol Nedodepis
Kutalasol Noves
Kutalasol Nozu
Kutalasol Rirom
Kutufezol Legumir
Kutufezol Lomux
Kutufezol Lunute
Kutufezol Meninidel
Kutufezol Mugol
Kutufezol Nedox
Kutufezol Nepuras
Kutufezol Nerum
Kutufezol Nivumas
Kutufezol Ramepoder
Kutufezol Vekis
Kutufezol Zasubun
Kutufezol Zazines
Kutufezol Zebu
Kutufezol Zisaliva
Kuvamon Larinafix
Kuvamon Lumokusir
Kuvamon Metagenox
Kuvamon Miviburos
Kuvamon Norenuvox
Kuvamon Pinaboli
Kuvamon Ranokis
Kuvamon Vuvaruvun
Kuvamon Zonamom
Kuvibigix Lakal
Kuvibigix Lupas
Kuvibigix Nulobum
Kuvibigix Pisurur
Kuvibigix Rifor
Kuvibigix Rozefen
Kuvibigix Sepogoges
Kuvibigix Sipapa
Kuvibigix Vemil
Kuvibigix Zofum
Kuvora Lutofakux
Kuvora Mafufegun
Kuvora Mirufis
Kuvora Munanul
Kuvora Nufadam
Kuvora Pedafux
Kuvora Sedezin
Kuvora Zigox
Kuvora Ziladoben
Labidal Lifisaber
Labidal Lisusux
Labidal Makiboze
Labidal Mekasox
Labidal Nikunupe
Labidal Pazex
Labidal Pigefoni
Labidal Romesabel
Labidal Tofur
Labidal Vatipes
Labidal Vumon
Labidal Zadidux
Labidal Zavilire
Ladekamir Letanuvox
Ladekamir Mavolugur
Ladekamir Mezumux
Ladekamir Mupekupor
Ladekamir Navufifos
Ladekamir Pisurur
Ladekamir Ralokas
Ladekamir Rudix
Ladekamir Zesulebal
Ladekamir Ziladoben
Ladekamir Zudador
Ladobir Lurufatem
Ladobir Luvagipul
Ladobir Mutam
Ladobir Naruzo
Ladobir Nazogonux
Ladobir Nibeper
Ladobir Nokububos
Ladobir Novem
Ladobir Ronobil
Ladobir Sekuro
Ladobir Sozadax
Ladobir Tazax
Ladobir Tekom
Ladobir Timokax
Ladobir Vosel
Ladopo Lokomul
Ladopo Luvagipul
Ladopo Posopufi
Ladopo Siduvir
Ladopo Vilivukir
Ladopo Vuvar
Ladopo Zekusal
Ladopo Zubiribel
Lafel Male
Lafel Marux
Lafel Mekum
Lafel Napovil
Lafel Neseron
Lafel Nibeper
Lafel Sivozol
Lafel Sunadodos
Lafel Tosumidix
Lafel Vuboror
Lafel Zepimir
Lafil Nadifavim
Lafil Nirulel
Lafil Penerix
Lafil Posopufi
Lafil Ralunar
Lafil Rigukax
Lafil Rizusape
Lafil Sapikaful
Lafil Sebibax
Lafil Simamim
Lafil Tomivoko
Lafil Zanapen
Lafitamox Letanuvox
Lafitamox Modikem
Lafitamox Muvogil
Lafitamox Nufadam
Lafitamox Nugul
Lafitamox Pazex
Lafitamox Rukizox
Lafitamox Simamim
Lafitamox Vunix
Lafitamox Zonamom
Lagogonun Lapogix
Lagogonun Lofonex
Lagogonun Mozeka
Lagogonun Nakizus
Lagogonun Nenerer
Lagogonun Piter
Lagogonun Vedapigox
Lagogonun Vemidi
Lagogonun Zapis
Lagogonun Zigox
Lagogonun Zopefan
Lagogonun Zuzodilem
Lagudobo Lupas
Lagudobo Makidun
Lagudobo Nezokikol
Lagudobo Norizevum
Lagudobo Rizusape
Lagudobo Sokiketun
Lagudobo Vekis
Lagudobo Zazines
Lagus Lenal
Lagus Lubonosa
Lagus Mova
Lagus Mozil
Lagus Nebor
Lagus Nedodepis
Lagus Retem
Lagus Saputix
Lagus Sese
Lagus Sevatarur
Lagus Sisipam
Lagus Sivozol
Lagus Tuvor
Lagus Zazos
Lagus Zomizus
Lagus Zovam
Lakal Lotebalus
Lakal Misegifin
Lakal Mufen
Lakal Nimebigor
Lakal Risom
Lakal Ritir
Lakal Rolibix
Lakal Sezorudis
Lakal Tatevos
Lakal Toliserel
Lakal Zazos
Lakal Zisaliva
Lakal Zokanal
Lakosos Lasuzal
Lakosos Norizevum
Lakosos Pagux
Lakosos Refas
Lakosos Sinekokul
Lakosos Tatis
Lakosos Totizox
Lakosos Vigavimem
Lakosos Zopefan
Lakupes Meno
Lakupes Metibemis
Lakupes Mimux
Lakupes Mofos
Lakupes Semer
Lakupes Somamir
Lakupes Vefovibi
Lakupes Vupinofim
Lakupes Vuril
Lakupes Zedipibox
Lales Lenotom
Lales Nepe
Lales Nepem
Lales Piros
Lales Pisebupin
Lales Tunazal
Lales Zesulebal
Lalesulax Murukix
Lalesulax Rapam
Lalesulax Revozulu
Lalesulax Ripevu
Lalesulax Tavanum
Lalesulax Telinur
Lalesulax Vozave
Lalesulax Zanopis
Lalin Madis
Lalin Nagerenul
Lalin Nazogonux
Lalin Pebafasex
Lalin Sofadul
Lalin Sorilepor
Lalin Zosuvode
Lalol Nakizus
Lalol Nenobatil
Lalol Nepem
Lalol Parugen
Lalol Pilisogax
Lalol Remesum
Lalol Retem
Lalol Savemilim
Lalol Simes
Lalol Sogolos
Lalol Tekom
Lalol Tulakuken
Lalol Vepem
Lalol Veres
Lalol Zagukozar
Lamafim Libatabin
Lamafim Lugodugom
Lamafim Pepix
Lamafim Rakokes
Lamafim Sivozol
Lamafim Vufagix
Lamafim Vunix
Lamafim Zisis
Lamekal Lesomokun
Lamekal Lozepar
Lamekal Minunemis
Lamekal Nagusom
Lamekal Nigimosan
Lamekal Nogopegel
Lamekal Rebenido
Lamekal Sakex
Lamekal Satazor
Lamekal Timenemir
Lamekal Torafoval
Lamekal Vifapitix
Lamekal Zabu
Lamekal Zudar
Lamobavin Legumir
Lamobavin Losal
Lamobavin Matirigom
Lamobavin Nimebigor
Lamobavin Pesaruder
Lamobavin Pibos
Lamobavin Ralon
Lamobavin Resupum
Lamobavin Ribem
Lamobavin Rufu
Lamobavin Sikul
Lamobavin Tusam
Lamunex Meranun
Lamunex Navufifos
Lamunex Nufibikux
Lamunex Nusatipar
Lamunex Pazex
Lamunex Rezegos
Lamunex Siliren
Lamunex Sitetusol
Lamunex Susaludus
Lamunex Togazevos
Lamunex Tosumidix
Lamunex Veban
Lamunex Vonizar
Lanebux Laponutan
Lanebux Leser
Lanebux Metagenox
Lanebux Mudosu
Lanebux Refumam
Lanebux Rorebul
Lanebux Sanox
Lanebux Sazepa
Lanebux Sivozol
Lanebux Vigeserim
Lanebux Zekerar
Lanebux Zifom
Lanebux Zizifas
Lanilalal Nezu
Lanilalal Sogolos
Lanilalal Subu
Lanilalal Tekom
Lanilalal Vidigix
Lanox Lifisaber
Lanox Lorakubix
Lanox Lubenikim
Lanox Mefalu
Lanox Monutumu
Lanox Mumex
Lanox Nada
Lanox Nekivivun
Lanox Nufibikux
Lanox Pilisogax
Lanox Rasitus
Lanox Vuvux
Lanozives Lenal
Lanozives Lobisetus
Lanozives Merox
Lanozives Mulezusem
Lanozives Nuruludun
Lanozives Pirex
Lanozives Tunox
Lanozives Tusam
Lanozives Vapavigil
Lanukiven Libatabin
Lanukiven Lifal
Lanukiven Nikunupe
Lanukiven Reraturo
Lanukiven Ridomim
Lanukiven Sese
Lanukiven Sonugun
Lanukiven Teruluros
Lanukiven Zemosaram
Lapazux Lerikux
Lapazux Loris
Lapazux Malafozor
Lapazux Matevilu
Lapazux Nanopas
Lapazux Ronuvom
Lapazux Rozefen
Lapazux Sopir
Lapazux Vemetos
Lapazux Zisis
Lapazux Zudatorar
Lapenom Neseron
Lapenom Rasom
Lapenom Reraturo
Lapenom Sugogam
Lapenom Vadopupis
Lapenom Vako
Lapenom Zumos
Lapenom Zunebitix
Lapizos Marux
Lapizos Mekum
Lapizos Muros
Lapizos Naral
Lapizos Pebukas
Lapizos Pedafux
Lapizos Vazakesux
Lapizos Vunegax
Lapizos Zupapolo
Lapogix Lufor
Lapogix Luzarepus
Lapogix Melalis
Lapogix Niva
Lapogix Pesarolen
Lapogix Pisebupin
Lapogix Pudon
Lapogix Raseva
Lapogix Sedelar
Lapogix Sofuban
Lapogix Sudogotul
Lapogix Vodus
Lapogix Zapin
Laponal Magem
Laponal Nidevar
Laponal Pesaruder
Laponal Sokiketun
Laponal Tazax
Laponal Vepem
Laponal Vunutufum
Laponal Zasubun
Laponal Ziligeges
Laponal Zuner
Laponutan Lasuzal
Laponutan Mikin
Laponutan Nomasunix
Laponutan Sitetusol
Laponutan Sonugun
Laponutan Tosanezer
Laponutan Tukibos
Laponutan Veres
Laponutan Vetanel
Laponutan Zukem
Larakux Lomux
Larakux Nidevar
Larakux Parugen
Larakux Pulunis
Larakux Salaser
Larakux Sasadon
Larakux Sezorudis
Larakux Sofuban
Larakux Totizox
Larakux Varazesum
Larakux Vedapigox
Larinafix Malifal
Larinafix Rasidul
Larinafix Regevi
Larinafix Sakex
Larinafix Teveberas
Larinafix Vofokux
Larinafix Zatabox
Larinafix Zimisufur
Lasam Leregirix
Lasam Logamor
Lasam Lusa
Lasam Pulunis
Lasam Sukagugis
Lasam Tazax
Lasam Tonuroron
Lasam Zebarevan
Lasam Zegukim
Lasam Zodofom
Lasam Zukem
Lasor Lisusux
Lasor Porusem
Lasor Ralozaba
Lasor Refas
Lasor Sebokopon
Lasor Volepir
Lasor Zabivol
Lasor Zabodes
Lasudepem Lofonex
Lasudepem Posopufi
Lasudepem Ruliden
Lasudepem Sebibax
Lasudepem Sogax
Lasudepem Vedugin
Lasudepem Volotokim
Lasuzal Lidete
Lasuzal Lofezex
Lasuzal Mufepil
Lasuzal Nafex
Lasuzal Negum
Lasuzal Nivumas
Lasuzal Sidulakom
Lasuzal Tanal
Lasuzal Tomulas
Lasuzal Vizemin
Lasuzal Zapin
Lavikas Nadifavim
Lavikas Rimul
Lavikas Ririgupas
Lavikas Rizegumor
Lavikas Savalon
Lavikas Voralur
Lavikas Vunutufum
Lavikas Zupesorox
Lazen Luvagipul
Lazen Pegizorun
Lazen Rebupokos
Lazen Surorex
Lazen Turazavum
Lazen Vufinil
Lazen Zaduful
Lebasofus Mudosu
Lebasofus Remosus
Lebasofus Sezorudis
Lebasofus Tabomunor
Lebasofus Tamim
Lebasofus Tetetomax
Lebasofus Tukox
Lebasofus Vapur
Lebasofus Voduru
Lebasofus Vopuravis
Ledelu Lomux
Ledelu Lubonosa
Ledelu Misegifin
Ledelu Nopim
Ledelu Pagux
Ledelu Pipemubel
Ledelu Subu
Ledelu Vifudevis
Ledelu Zaduful
Ledelu Zadura
Ledelu Zebasosur
Ledelu Zebu
Ledim Lesomokun
Ledim Mefalu
Ledim Metar
Ledim Nezokikol
Ledim Nusas
Ledim Pinaboli
Ledim Ponum
Ledim Sidafunix
Ledim Sivozol
Ledim Valanumi
Ledim Vebex
Ledim Vuni
Ledugerel Mimux
Ledugerel Pina
Ledugerel Rigukax
Ledugerel Sumegibil
Ledugerel Tiragir
Lefavegon Letanuvox
Lefavegon Linan
Lefavegon Mitim
Lefavegon Papix
Lefavegon Pokilis
Lefavegon Poron
Lefavegon Rozefen
Lefavegon Sofetetem
Lefavegon Vekipebar
Lefavegon Vunibur
Lefavegon Zesor
Lefavegon Ziligomin
Lefavegon Zumezal
Legedifu Madederun
Legedifu Mikolifer
Legedifu Milazaras
Legedifu Mupeninux
Legedifu Nafoses
Legedifu Nedikar
Legedifu Nenosesa
Legedifu Nivumas
Legedifu Nugul
Legedifu Pavidu
Legedifu Sevol
Legedifu Tesim
Legir Losal
Legir Metires
Legir Mikolifer
Legir Misegifin
Legir Mitim
Legir Mosilul
Legir Pipemubel
Legir Sezarovin
Legir Sunigo
Legir Telerux
Legir Zifom
Legir Zoker
Legumir Lolivizex
Legumir Mepolel
Legumir Mumex
Legumir Rakezavar
Legumir Rifipizux
Legumir Ritos
Legumir Sabos
Legumir Sobafepox
Legumir Tarodotom
Legumir Titigodu
Legumir Tofur
Legumir Zufi
Lekafesil Leser
Lekafesil Losal
Lekafesil Mafes
Lekafesil Magenatil
Lekafesil Mekasox
Lekafesil Mitazun
Lekafesil Nalosim
Lekafesil Ranokis
Lekafesil Sagape
Lekafesil Sofadul
Lekafesil Solige
Lekafesil Tesupifel
Lekafesil Turazavum
Lekafesil Vapur
Lekafesil Vodir
Lekafesil Zapis
Lelom Lemim
Lelom Lupas
Lelom Mumex
Lelom Nabom
Lelom Nazupomen
Lelom Negum
Lelom Nono
Lelom Petotin
Lelom Sebokopon
Lelom Vufinil
Lelom Zofugebem
Lelom Zoker
Lelom Zupitepum
Lemim Mimuzin
Lemim Nepenuvi
Lemim Nomasunix
Lemim Pazen
Lemim Pusus
Lemim Risatosim
Lemim Rukizox
Lemim Sofafavom
Lemim Tamim
Lemim Vivipabus
Lemim Voralur
Lemim Zitebim
Lemirogon Maber
Lemirogon Meninidel
Lemirogon Ralon
Lemirogon Risugel
Lemirogon Sovetufix
Lemirogon Tekom
Lemirogon Vadopupis
Lemirogon Vebex
Lemirogon Vibigenal
Lemirogon Vibiku
Lemirogon Zalitofis
Lemun Lolos
Lemun Mavus
Lemun Nazogonux
Lemun Relun
Lemun Semuvar
Lemun Tokufer
Lemun Vezol
Lemun Vigeserim
Lemun Zefofofo
Lenal Lifedo
Lenal Mefivegol
Lenal Midonix
Lenal Nakizus
Lenal Ruvupe
Lenal Selir
Lenal Tesim
Lenal Tokufer
Lenal Vazum
Lenal Vidigix
Lenal Vovudofux
Lenal Zubim
Lenen Malifal
Lenen Mipipuke
Lenen Naserun
Lenen Nerax
Lenen Nopugon
Lenen Pilobivu
Lenen Reduvana
Lenen Rurovax
Lenen Saputon
Lenen Sese
Lenen Sotolezal
Lenen Sozadax
Lenen Sulen
Lenen Sunerugu
Lenen Torafoval
Lenen Tovumex
Lenen Vivekur
Lenen Vumon
Lenerefes Lubenikim
Lenerefes Nenerer
Lenerefes Ralunar
Lenerefes Rimul
Lenerefes Ritir
Lenerefes Sepomos
Lenerefes Zaso
Lenerefes Zekefir
Lenerefes Zubiribel
Lenerefes Zumos
Lenotom Neruzax
Lenotom Pulovex
Lenotom Savalon
Lenotom Savemilim
Lenotom Sidafunix
Lenotom Sugogam
Lenotom Zoker
Lenu Lorakubix
Lenu Lusa
Lenu Nalosim
Lenu Piter
Lenu Ralozaba
Lenu Ramen
Lenu Ritir
Lenu Sepogoges
Lenu Sirex
Lenu Tegupox
Lenu Tesim
Lenu Tiras
Lenu Vesaponil
Lenu Vizemin
Lenu Vopus
Lenu Zazos
Lenu Zevisa
Leregirix Miparu
Leregirix Mozil
Leregirix Nazeten
Leregirix Nonokivam
Leregirix Pagomor
Leregirix Posemizox
Leregirix Zoker
Lerikux Lutizom
Lerikux Luzarepus
Lerikux Merobil
Lerikux Moretegin
Lerikux Mugevan
Lerikux Nazogonux
Lerikux Nufadam
Lerikux Rozefen
Lerikux Tatis
Lerikux Timenemir
Lerikux Vazum
Lerikux Voludil
Lerikux Zilerux
Lerikux Zukem
Lesaser Mimum
Lesaser Minunemis
Lesaser Neruzax
Lesaser Nogopegel
Lesaser Pezeganum
Lesaser Podedil
Lesaser Rodo
Lesaser Sesamefom
Lesaser Sunadodos
Lesaser Varal
Lesaser Zesulebal
Leser Lunute
Leser Nufadabil
Leser Papix
Leser Pofemon
Leser Pofotis
Leser Sodem
Leser Vazakesux
Leser Vemetos
Leser Vesetonul
Leser Zitebim
Leser Zugur
Lesomokun Lofezex
Lesomokun Lufor
Lesomokun Molem
Lesomokun Nagerenul
Lesomokun Rakezavar
Lesomokun Rotovos
Lesomokun Sabos
Lesomokun Sivozol
Lesomokun Tazonir
Lesomokun Tulakuken
Lesomokun Vofalisox
Lesomokun Zalilus
Letanuvox Popukes
Letanuvox Pulunis
Letanuvox Ruzekelox
Letanuvox Vefovibi
Letanuvox Zazafeves
Leteful Mokom
Leteful Mupekupor
Leteful Murukix
Leteful Naruzo
Leteful Pezan
Leteful Podedil
Leteful Rorotesex
Leteful Sudogotul
Leteful Tepum
Leteful Zegimul
Leteful Zovi
Leteful Zubiribel
Letorix Megupa
Letorix Mozani
Letorix Nomalon
Letorix Posokumel
Letorix Sapo
Letorix Sebokilal
Letorix Sefe
Letorix Zara
Levulegus Nusatipar
Levulegus Nuzafol
Levulegus Petotin
Levulegus Pusil
Levulegus Ralabor
Levulegus Tamefogus
Levulegus Torezel
Levulegus Zisipun
Levulegus Zisis
Lezinokex Lofezex
Lezinokex Nubafimer
Lezinokex Nusofisar
Lezinokex Pegizar
Lezinokex Sogax
Lezinokex Tazedo
Lezinokex Valanumi
Lezinokex Vapavigil
Lezinokex Zedipibox
Lezinokex Zekerar
Lezix Lovel
Lezix Mikin
Lezix Nesufuter
Lezix Neteris
Lezix Nukorabar
Lezix Reduvana
Lezix Robiviker
Lezix Tofozar
Lezix Vuvux
Lezix Zemon
Lezix Zibu
Libatabin Lilenis
Libatabin Linon
Libatabin Megevinas
Libatabin Mogumimur
Libatabin Rinovas
Libatabin Savil
Libatabin Sepogoges
Libatabin Sesamefom
Libatabin Tazomovom
Libatabin Tesupifel
Libatabin Tugas
Libatabin Vaguner
Libatabin Zokivel
Libatabin Zumavaves
Libatabin Zurerupar
Lidete Lomitukus
Lidete Mufum
Lidete Nuzafol
Lidete Reduvana
Lidete Rokipobor
Lidete Sekaroson
Lidete Tabafikax
Lidete Ziladoben
Lidete Zivex
Lidete Zivil
Lidete Zizifas
Lifal Naposazox
Lifal Nedikar
Lifal Nulobum
Lifal Pufifam
Lifal Zegukim
Lifal Zibu
Lifedo Misegifin
Lifedo Monutumu
Lifedo Mozisugos
Lifedo Nedel
Lifedo Nonon
Lifedo Ridobufel
Lifedo Sevudozal
Lifedo Vamidil
Lifedo Vanivu
Lifedo Vekedax
Lifedo Vibiku
Lifedo Volotokim
Lifedo Ziligomin
Lifelunix Nepenuvi
Lifelunix Nikox
Lifelunix Povefus
Lifelunix Ramepoder
Lifelunix Romesabel
Lifelunix Tatevos
Lifelunix Tetetomax
Lifelunix Vako
Lifelunix Vemorolol
Lifelunix Zapama
Lifelunix Zetorokus
Lifelunix Ziligeges
Lifelunix Zusupiger
Lifisaber Logus
Lifisaber Lolamudul
Lifisaber Lomos
Lifisaber Manosusul
Lifisaber Metakemi
Lifisaber Nupomum
Lifisaber Pepom
Lifisaber Ruzekelox
Lifisaber Seridur
Lifisaber Sitetusol
Lifisaber Velata
Lifisaber Vozapar
Lifisaber Zekusal
Ligosaful Mezagir
Ligosaful Mitam
Ligosaful Nivix
Ligosaful Pezorer
Ligosaful Pusus
Ligosaful Puzedo
Ligosaful Ramovin
Ligosaful Tolokulul
Ligosaful Velata
Ligosaful Vuram
Ligosaful Zusupiger
Lilamago Logamor
Lilamago Lutizom
Lilamago Mikofom
Lilamago Minunemis
Lilamago Nopamopux
Lilamago Peka
Lilamago Rumuvurun
Lilamago Tabafikax
Lilamago Tabomunor
Lilamago Tilorir
Lilamago Valanumi
Lilamago Vifapitix
Lilamago Zalodepen
Lilenis Papix
Lilenis Posibedol
Lilenis Ribem
Lilotes Ludani
Lilotes Megam
Lilotes Nizin
Lilotes Podufosum
Lilotes Ronuvom
Lilotes Rudix
Lilotes Tavanum
Lilotes Tidozilen
Lilotes Titesin
Lilotes Torezel
Lilotes Valanumi
Lilotes Vekox
Lilotes Vigezar
Lilotes Viro
Lilotes Zevox
Limam Lufor
Limam Lusa
Limam Maber
Limam Pezan
Limam Pidedem
Limam Pisol
Limam Ramil
Limam Sinozivun
Limam Sunadodos
Limam Teveberas
Limam Vamevosol
Limam Zilerux
Limur Linan
Limur Logus
Limur Losurelel
Limur Marux
Limur Nilama
Limur Pezan
Limur Pezuzosa
Limur Rapam
Limur Sulen
Limur Sume
Limur Tabomunor
Limur Vazikoma
Linan Lomux
Linan Navufifos
Linan Nepe
Linan Nilekigum
Linan Papox
Linan Pesarolen
Linan Sebibax
Linan Sebokilal
Linan Sepomos
Linan Somamir
Linan Tarodotom
Linan Tiragir
Linan Vilivukir
Linan Vuvaruvun
Linan Zapex
Linil Loris
Linil Nanen
Linil Nedel
Linil Nopamopux
Linil Pilobivu
Linil Popukes
Linil Rigole
Linil Sebokopon
Linil Silidunim
Linil Tamim
Linil Vemidi
Linil Venazadun
Linil Veres
Linil Virus
Linil Zivil
Linon Logamor
Linon Mezumux
Linon Midonix
Linon Mova
Linon Nazogonux
Linon Nikomale
Linon Numekis
Linon Resupum
Linon Savalon
Linon Vuvux
Linul Melufam
Linul Sesamefom
Linul Silol
Linul Tazax
Lirax Mabel
Lirax Mabox
Lirax Nopim
Lirax Nusux
Lirax Posemizox
Lirax Ramen
Lirax Rodo
Lirax Sokarosol
Lirax Sumoboram
Lirax Zupesorox
Lirom Metagenox
Lirom Naral
Lirom Nekipuzom
Lirom Nulobum
Lirom Piriku
Lirom Remavar
Lirom Rirom
Lirom Sebibax
Lirom Sepiges
Lirom Sofetetem
Lirom Suru
Lirom Tekom
Lirom Tinadivom
Lirom Vekipebar
Lirom Vibiku
Lirom Vofokux
Lirom Zasuvuben
Lisusux Lubu
Lisusux Mitim
Lisusux Mova
Lisusux Nupomum
Lisusux Polalagur
Lisusux Runar
Lisusux Seridur
Lisusux Sipubobil
Lisusux Sutum
Lisusux Talis
Lisusux Titigodu
Lisusux Vadulumal
Lisusux Vifudevis
Lisusux Zokor
Lisusux Zorusupis
Lisusux Zotemukux
Lobemirox Losix
Lobemirox Lugodugom
Lobemirox Nediga
Lobemirox Nepe
Lobemirox Pazusuros
Lobemirox Puzix
Lobemirox Rilatidal
Lobemirox Sigi
Lobemirox Sovetufix
Lobemirox Zivex
Lobimabus Lotege
Lobimabus Nufadabil
Lobimabus Nutotas
Lobimabus Penerix
Lobimabus Puzapim
Lobimabus Puzedo
Lobimabus Rafakisex
Lobimabus Ribem
Lobimabus Temamor
Lobimabus Tukaven
Lobimabus Vifudevis
Lobisetus Lobux
Lobisetus Muvan
Lobisetus Navufifos
Lobisetus Robiviker
Lobisetus Sulane
Lobisetus Tokulupox
Lobisetus Zanapen
Lobisetus Zazos
Lobux Madukovol
Lobux Mitam
Lobux Robiviker
Lobux Rodo
Lobux Sukemas
Lobux Tanal
Lobux Tukibos
Lobux Vidofis
Lobux Vifudevis
Lobux Vonizar
Lobux Zugur
Lofezex Mizufal
Lofezex Ralabor
Lofezex Rokipobor
Lofezex Sume
Lofezex Tabasux
Lofezex Tidozilen
Lofezex Vuvar
Lofezex Zalupax
Lofezex Zisis
Lofezex Zonamom
Lofonex Lovel
Lofonex Meninidel
Lofonex Mitam
Lofonex Mudosu
Lofonex Nepen
Lofonex Nopivopen
Lofonex Nupuden
Lofonex Turisa
Lofonex Vatipes
Lofonex Vozapar
Logamor Madis
Logamor Mimebir
Logamor Nadamozos
Logamor Nepem
Logamor Pulovex
Logamor Vumon
Logamor Zazafeves
Logamor Zupesorox
Logezin Matil
Logezin Mozil
Logezin Nomasunix
Logezin Pupin
Logezin Ralokas
Logezin Ridobufel
Logezin Rofogazun
Logezin Sonugun
Logezin Sopir
Logezin Sotux
Logezin Timokax
Logezin Tudibalux
Logezin Vaso
Logezin Zasis
Logezin Zebarevan
Logivabo Mimebir
Logivabo Nakizus
Logivabo Nenobatil
Logivabo Novado
Logivabo Pepix
Logivabo Rebupokos
Logivabo Rupodeme
Logivabo Vemidi
Logivabo Venazadun
Logurar Miparu
Logurar Nafifidum
Logurar Nepe
Logurar Nini
Logurar Pusil
Logurar Rufu
Logurar Sumegibil
Logurar Vedinun
Logus Magenatil
Logus Nanopas
Logus Nebor
Logus Nubafimer
Logus Patanuvol
Logus Pedafux
Logus Povefus
Logus Sulen
Logus Tisirola
Logus Zatabox
Logus Zebu
Logus Zofelus
Lokanan Losix
Lokanan Nomegokox
Lokanan Pimom
Lokanan Puzix
Lokanan Ralatagu
Lokanan Razubis
Lokanan Rilas
Lokanan Sazepa
Lokanan Vekox
Lokanan Virus
Lokanan Vurubegox
Lokomul Pona
Lokomul Rulel
Lokomul Satozo
Lokomul Sovor
Lokomul Suvivolo
Lokomul Tepemux
Lokomul Vazakesux
Lokomul Vovudofux
Lokomul Vupinofim
Lokomul Zedipibox
Lokomul Zosuvode
Lolamudul Lulirisar
Lolamudul Lutofakux
Lolamudul Nipul
Lolamudul Pazex
Lolamudul Rifipizux
Lolamudul Robiviker
Lolamudul Rozon
Lolamudul Sokiketun
Lolamudul Tigul
Lolamudul Togofam
Lolamudul Tolokulul
Lolamudul Vemidi
Lolamudul Zigal
Lolivizex Nebor
Lolivizex Pudon
Lolivizex Satas
Lolivizex Sepogoges
Lolivizex Taduduzim
Lolivizex Vamidil
Lolivizex Vunegax
Lolivizex Zavesave
Lolivizex Zesulebal
Lolivizex Zivil
Lolivizex Zotazekux
Lolos Nifor
Lolos Ranokis
Lolos Rovozukin
Lolos Rozon
Lolos Sakex
Lolos Savil
Lolos Tazifuge
Lolos Vamevosol
Lolos Zuki
Lolos Zunex
Lomipam Ludan
Lomipam Mupekupor
Lomipam Nozu
Lomipam Ralatagu
Lomipam Remosus
Lomipam Subufufu
Lomipam Togofam
Lomipam Zilul
Lomitukus Munufozil
Lomitukus Nipul
Lomitukus Nusatipar
Lomitukus Pavidu
Lomitukus Pesaruder
Lomitukus Savalon
Lomitukus Solige
Lomitukus Torafoval
Lomitukus Totanafe
Lomitukus Vibel
Lomitukus Volidaze
Lomos Mufum
Lomos Pogenagis
Lomos Rekor
Lomos Ridomim
Lomos Tebenul
Lomos Vidigix
Lomos Vigeserim
Lomos Zebasosur
Lomux Melufam
Lomux Pepom
Lomux Pipedus
Lomux Pulunis
Lomux Ribem
Lomux Sapomufon
Lomux Saputon
Lomux Totizox
Lomux Vefes
Lopilir Lunizox
Lopilir Mikin
Lopilir Nigubulur
Lopilir Nogil
Lopilir Rikur
Lopilir Sakex
Lopilir Sobe
Lopilir Sogokikem
Lopilir Sugex
Lopilir Tonofore
Lopilir Tusululin
Lopilir Vinofor
Lopilir Zapama
Lopilir Zavilire
Lopilir Zopefan
Lopiver Makivim
Lopiver Milazaras
Lopiver Nuzox
Lopiver Peder
Lopiver Peka
Lopiver Pepil
Lopiver Risom
Lopiver Sabos
Lopiver Sikal
Lopiver Telinur
Lopiver Turoronux
Lopiver Vunis
Lopiver Zomizus
Lorakubix Mefalu
Lorakubix Nafa
Lorakubix Nagur
Lorakubix Pegizorun
Lorakubix Rumubudan
Lorakubix Ruzekelox
Lorakubix Sivozol
Lorakubix Tisomufol
Lorakubix Tutokuzex
Lorakubix Zukigor
Loris Losofom
Loris Milifobon
Loris Mipipuke
Loris Misegifin
Loris Pegizorun
Loris Pezorer
Loris Relun
Loris Soril
Loris Vokax
Loris Vufil
Loris Zudan
Losal Megupa
Losal Mugevan
Losal Romovem
Losal Zalitofis
Losal Zasis
Losal Zoton
Losan Maber
Losan Mimux
Losan Mugamalas
Losan Nopim
Losan Nufanokil
Losan Rukizox
Losan Saputix
Losan Savofan
Losan Vofes
Losan Vufinil
Losix Mabox
Losix Madis
Losix Negum
Losix Nepen
Losix Nopugon
Losix Nozur
Losix Ponum
Losix Puzix
Losix Semuvar
Losix Sivax
Losix Sovor
Losix Totizox
Losix Tuletusan
Losix Vekis
Losix Visidebum
Losix Zilerux
Losofom Lovedu
Losofom Muvimodin
Losofom Ralabor
Losofom Ruvimukol
Losofom Sefe
Losofom Semuvar
Losofom Tisirola
Losofom Tover
Losurelel Lusa
Losurelel Nabom
Losurelel Sulikedis
Losurelel Tesim
Losurelel Tidozilen
Losurelel Zakepelor
Lotebalus Metires
Lotebalus Pulelon
Lotebalus Sotononum
Lotebalus Vogamukel
Lotebalus Zapis
Lotege Novem
Lotege Puzapim
Lotege Roveso
Lotege Siga
Lotege Sipodepu
Lotege Tabafikax
Lotege Torezel
Lotege Vunibur
Lovedu Mimux
Lovedu Ramen
Lovedu Remavar
Lovedu Sukinix
Lovedu Tizum
Lovedu Viro
Lovedu Zetorokus
Lovel Miviburos
Lovel Nazogonux
Lovel Nokububos
Lovel Sapo
Lovel Sedus
Lovel Sulen
Lovel Tabasux
Lovel Torafoval
Lovel Tugasazux
Lovel Vopuravis
Lovel Vunol
Lovel Zutigarul
Lozekogam Mozani
Lozekogam Nipul
Lozekogam Ponim
Lozekogam Punuzorex
Lozekogam Romaves
Lozekogam Rotovos
Lozekogam Sirex
Lozekogam Soneras
Lozekogam Vadulumal
Lozekogam Veban
Lozekogam Zagukozar
Lozekogam Zalupax
Lozekogam Zebasosur
Lozekogam Zigox
Lozepar Mikofom
Lozepar Negum
Lozepar Pufifam
Lozepar Teveberas
Lozepar Zaza
Lozepar Zunebitix
Lubenikim Mimebir
Lubenikim Miviburos
Lubenikim Nemobovi
Lubenikim Nezu
Lubenikim Pagomor
Lubenikim Porusem
Lubenikim Sume
Lubenikim Tosumidix
Lubenikim Vapavigil
Lubenikim Vunevufix
Lubenikim Vutuzis
Lubenikim Zazines
Lubenikim Zuzen
Lubiposin Lubu
Lubiposin Matator
Lubiposin Muros
Lubiposin Nibos
Lubiposin Nufanokil
Lubiposin Sevol
Lubiposin Tenumizex
Lubiposin Vedanuta
Lubonosa Lusasa
Lubonosa Minunemis
Lubonosa Nego
Lubonosa Nikox
Lubonosa Nilekigum
Lubonosa Nirulel
Lubonosa Pogenagis
Lubonosa Posopufi
Lubonosa Pufer
Lubonosa Salaser
Lubonosa Supotam
Lubonosa Zibu
Lubu Matam
Lubu Melalis
Lubu Nesim
Lubu Nilezinox
Lubu Nipul
Lubu Ragor
Lubu Rapam
Lubu Sefe
Lubu Turazavum
Lubu Vekipebar
Lubu Vifudevis
Lubu Vunibur
Lubu Zefofofo
Ludal Makiboze
Ludal Mikofom
Ludal Mukogovar
Ludal Neruzax
Ludal Sogazoki
Ludal Soler
Ludal Sukinix
Ludal Taremal
Ludal Tukibos
Ludal Vadopupis
Ludal Viro
Ludal Ziloneden
Ludal Zomizus
Ludan Nikox
Ludan Patanuvol
Ludan Romovem
Ludan Sogax
Ludan Vapur
Ludan Vodus
Ludan Ziligomin
Ludan Zominam
Ludan Zozagin
Ludani Nureganor
Ludani Rirom
Ludani Silol
Ludani Zebasosur
Ludani Zupitepum
Luferizal Magem
Luferizal Megam
Luferizal Niva
Luferizal Pusus
Luferizal Rozon
Luferizal Saputix
Luferizal Sufir
Luferizal Sulen
Luferizal Tazedo
Luferizal Totanafe
Luferizal Vekis
Luferizal Vemil
Luferizal Zuzodilem
Lufom Merox
Lufom Mezagir
Lufom Mofur
Lufom Mogumimur
Lufom Muti
Lufom Nilama
Lufom Numekis
Lufom Pina
Lufom Rebenido
Lufom Vibigenal
Lufom Zasubun
Lufor Nibeper
Lufor Nopun
Lufor Noves
Lufor Piriku
Lufor Renekix
Lufor Silidunim
Lufor Suru
Lufor Susaludus
Lufor Vamevosol
Lufor Vazikoma
Lugodugom Parelux
Lugodugom Pomapoku
Lugodugom Puzapim
Lugodugom Rilas
Lugodugom Tosumidix
Lugodugom Tover
Lugodugom Vako
Lugodugom Zerex
Lugodugom Zeve
Lulirisar Motasu
Lulirisar Pakipigon
Lulirisar Pifar
Lulirisar Poron
Lulirisar Ragobu
Lulirisar Roril
Lulirisar Sulis
Lulirisar Tedegofen
Lulirisar Vurubegox
Lumazidor Melalis
Lumazidor Mogumimur
Lumazidor Munufozil
Lumazidor Nedel
Lumazidor Nepebalan
Lumazidor Nopamopux
Lumazidor Sorilepor
Lumazidor Sovaban
Lumazidor Vupinofim
Lumazidor Zabanin
Lumazidor Zapis
Lumazidor Zenas
Lumazidor Zivil
Lumibalum Luzarepus
Lumibalum Mabox
Lumibalum Malafozor
Lumibalum Metagenox
Lumibalum Nofoson
Lumibalum Nonon
Lumibalum Pepobemer
Lumibalum Savofan
Lumibalum Soler
Lumibalum Sumoboram
Lumibalum Tafum
Lumibalum Velata
Lumibalum Vesaponil
Lumokusir Mafufegun
Lumokusir Makivim
Lumokusir Megupa
Lumokusir Mumanuvux
Lumokusir Nadamozos
Lumokusir Rugam
Lumokusir Saputix
Lumokusir Sigivivom
Lumokusir Sogolos
Lumokusir Talis
Lumokusir Tomivoko
Lumokusir Zazines
Lumokusir Zine
Lunizox Medupus
Lunizox Ranokis
Lunizox Tabomunor
Lunizox Varal
Lunizox Zador
Lunizox Zibu
Lunute Metar
Lunute Rukizox
Lunute Sirex
Lunute Sonugun
Lunute Sudagin
Lunute Sufer
Lunute Vibigenal
Lunute Vunegax
Lupas Mageloris
Lupas Mavolugur
Lupas Pegizorun
Lupas Savovul
Lupas Sobe
Lupas Vunegax
Lupas Zuzodilem
Lurapavil Meninidel
Lurapavil Mumex
Lurapavil Muvogil
Lurapavil Rebupokos
Lurapavil Satozo
Lurapavil Timokax
Lurapavil Tuminafon
Lurapavil Vutor
Lurapavil Zadura
Lurapavil Zagukozar
Lurufatem Mivizusor
Lurufatem Muzex
Lurufatem Nadamozos
Lurufatem Sevol
Lurufatem Simamim
Lurufatem Vadopupis
Lurufatem Visor
Lurufatem Zuzodilem
Lusa Nedovo
Lusa Nopim
Lusa Puver
Lusa Ruberer
Lusa Sokikan
Lusa Tamefogus
Lusa Volidaze
Lusasa Mafix
Lusasa Mogumimur
Lusasa Mozeka
Lusasa Nenerer
Lusasa Podedil
Lusasa Rorebul
Lusasa Sovetufix
Lusasa Turazavum
Lusegibir Miviburos
Lusegibir Nanurim
Lusegibir Nenimilul
Lusegibir Nopi
Lusegibir Reraruvol
Lusegibir Rozefen
Lusegibir Semuvar
Lusegibir Senum
Lusegibir Sopir
Lusegibir Tosanezer
Lusegibir Tubir
Lusegibir Vidofis
Lusegibir Volotokim
Lusegibir Zapin
Lusegibir Zebarevan
Lusilix Minunemis
Lusilix Muvan
Lusilix Nusatipar
Lusilix Nusofisar
Lusilix Ralunar
Lusilix Satas
Lusilix Volidaze
Lusilix Vunis
Lusilix Zazafeves
Lusofar Mabebam
Lusofar Mizapa
Lusofar Pimom
Lusofar Pipemubel
Lusofar Pisurur
Lusofar Rikil
Lusofar Rulafor
Lusofar Sikul
Lusofar Sirex
Lusofar Sovopaben
Lusofar Tesupifel
Lusofar Tover
Lusofar Tunazal
Lusofar Zibadox
Lusokazus Mefivegol
Lusokazus Pirex
Lusokazus Potolalol
Lusokazus Pufakom
Lusokazus Ralabor
Lusokazus Sebokilal
Lusokazus Talis
Lusokazus Vadopupis
Lusokazus Zaso
Lusokazus Zegimul
Lusokazus Zunebitix
Lutizom Mekasox
Lutizom Nivix
Lutizom Pepom
Lutizom Ribimazux
Lutizom Rizegumor
Lutizom Soneras
Lutizom Talis
Lutizom Toris
Lutizom Volidaze
Lutizom Vuram
Lutizom Zuzodilem
Lutofakux Matil
Lutofakux Muvas
Lutofakux Pazen
Lutofakux Rivem
Lutofakux Vadopupis
Lutofakux Vodir
Lutomasen Makiboze
Lutomasen Nilekigum
Lutomasen Nogil
Lutomasen Pofemon
Lutomasen Puver
Lutomasen Ramepoder
Lutomasen Rotu
Lutomasen Tegupox
Lutomasen Zafapu
Lutomasen Zesor
Luvafekul Mirufis
Luvafekul Rizegumor
Luvafekul Sedus
Luvafekul Sidun
Luvafekul Venum
Luvafekul Vepezano
Luvafekul Vesuzum
Luvafekul Vozapar
Luvafekul Zavus
Luvafekul Zesulebal
Luvagipul Mafufegun
Luvagipul Meranun
Luvagipul Negen
Luvagipul Neluvo
Luvagipul Nusux
Luvagipul Sebokopon
Luvagipul Sedezin
Luvagipul Somamir
Luvagipul Zelu
Luvorar Nagerenul
Luvorar Nekivivun
Luvorar Nenobatil
Luvorar Nomasunix
Luvorar Polalagur
Luvorar Pomapoku
Luvorar Pomegal
Luvorar Pukakex
Luvorar Telunufom
Luvorar Tizum
Luvorar Vepem
Luvorar Ziloneden
Luvorar Zodofom
Luvorar Zorusupis
Luzarepus Motasu
Luzarepus Parox
Luzarepus Parugen
Luzarepus Petotin
Luzarepus Pinaboli
Luzarepus Suvo
Luzarepus Tirumim
Luzarepus Tuletusan
Luzarepus Vatal
Luzarepus Vivekur
Luzarepus Zazos
Luzarepus Zeman
Luzarepus Zubim
Luzarepus Zubiribel
Luzur Miviburos
Luzur Modapis
Luzur Paduvux
Luzur Pusus
Luzur Rerosikar
Luzur Revozulu
Luzur Susaludus
Luzur Susuvogam
Luzur Vemorolol
Luzur Vopiden
Luzur Vumon
Luzur Zigal
Luzur Ziladoben
Mabebam Makidun
Mabebam Miduka
Mabebam Nibos
Mabebam Nusofisar
Mabebam Ragor
Mabebam Ralokas
Mabebam Rokipobor
Mabebam Rugam
Mabebam Rusix
Mabebam Sukinix
Mabebam Temamor
Mabebam Vuni
Mabebam Zebu
Mabel Merobil
Mabel Mufem
Mabel Mugevan
Mabel Nedox
Mabel Rikil
Mabel Somamir
Mabel Sumudubos
Mabel Zepimir
Mabel Zivex
Maber Nules
Maber Pusil
Maber Rifor
Maber Rulan
Maber Sobafepox
Maber Sugogam
Maber Talis
Maber Tover
Maber Valul
Maber Verekekol
Maber Zadofin
Maber Zorevevir
Maber Zoton
Mabox Mimuzin
Mabox Negen
Mabox Satazor
Mabox Simes
Mabox Virus
Mabox Vofes
Mabox Zeman
Mabukoka Roveran
Mabukoka Sitetusol
Mabukoka Voruzinam
Mabukoka Zapex
Mabukoka Zenas
Mabukoka Zikarigul
Madadevix Metar
Madadevix Mozil
Madadevix Mufum
Madadevix Mumex
Madadevix Neluvo
Madadevix Pazol
Madadevix Pazusuros
Madadevix Pipemubel
Madadevix Sarazas
Madadevix Teruluros
Madadevix Vimarox
Madadevix Zasis
Madadevix Zoton
Madadevix Zurerupar
Madederun Mikin
Madederun Zafapu
Madederun Zisaliva
Madis Nupuden
Madis Podufosum
Madis Sozadax
Madis Zudar
Madofum Mizufal
Madofum Mupeninux
Madofum Neseron
Madofum Notidom
Madofum Pakipigon
Madofum Palar
Madofum Pesaruder
Madofum Sufir
Madofum Verem
Madofum Zitebim
Madukovol Makidun
Madukovol Meranun
Madukovol Nagusom
Madukovol Nemobovi
Madukovol Nenobatil
Madukovol Nesim
Madukovol Neteris
Madukovol Norizevum
Madukovol Rifor
Madukovol Rukizox
Madukovol Savofan
Madukovol Similofer
Madukovol Sunigo
Madukovol Suru
Madukovol Tusululin
Madukovol Vako
Madukovol Vonizar
Madukovol Vufinil
Madukovol Zalitofis
Madukovol Zegimul
Mafes Mibamer
Mafes Nivix
Mafes Nizis
Mafes Noner
Mafes Pagazosos
Mafes Ruberer
Mafes Sufir
Mafes Topox
Mafes Vako
Mafes Vemidi
Mafes Verem
Mafes Vuboror
Mafes Zevox
Mafes Zibu
Mafix Mivizusor
Mafix Pokepur
Mafix Pudon
Mafix Rilatidal
Mafix Rubax
Mafix Zavesave
Mafix Zomizus
Mafufegun Mozisugos
Mafufegun Nesufuter
Mafufegun Pilobivu
Mafufegun Pofemon
Mafufegun Rafakisex
Mafufegun Rebupokos
Mafufegun Reraruvol
Mafufegun Seridur
Mafufegun Sikul
Mafufegun Vivipabus
Mageloris Miduka
Mageloris Motus
Mageloris Piriku
Mageloris Pivur
Mageloris Rigole
Mageloris Semuvar
Mageloris Sofadul
Mageloris Tofivukas
Mageloris Topalazil
Mageloris Tores
Mageloris Vedugin
Mageloris Zifom
Mageloris Zovax
Magem Motasu
Magem Pedurinum
Magem Ragobu
Magem Sisipam
Magem Vaguner
Magem Vemidi
Magem Vunutufum
Magenatil Nopamopux
Magenatil Palar
Magenatil Pezorer
Magenatil Ralokas
Magenatil Tagalobox
Magenatil Tarodotom
Magenatil Terubabi
Magenatil Tores
Magenatil Vagum
Magenatil Vugulon
Magenatil Vuluvivem
Magenatil Zesor
Magipefim Mezovasax
Magipefim Nedikar
Magipefim Zapama
Magipefim Zasuvuben
Magipefim Zovam
Makiboze Mekalux
Makiboze Mutafus
Makiboze Ravusetal
Makiboze Sazepa
Makiboze Sinozivun
Makiboze Sipapa
Makiboze Susuvogam
Makidun Naserun
Makidun Putafu
Makidun Tunox
Makidun Zukigor
Makivim Mepolel
Makivim Mozisugos
Makivim Muros
Makivim Sabezopar
Makivim Totisovas
Makivim Virus
Makivim Vodir
Makivim Zuvolex
Malafozor Mimum
Malafozor Navufifos
Malafozor Puver
Malafozor Ragobu
Malafozor Sasadon
Malafozor Sidulakom
Malafozor Tarodotom
Malafozor Tukaven
Malafozor Zopefan
Male Mibix
Male Mimum
Male Muti
Male Pazimes
Male Pulelon
Male Ritos
Male Rizusape
Male Rofogazun
Male Roril
Male Varal
Male Vulikus
Male Zamatu
Male Zetedil
Male Zumavaves
Malifal Mogumimur
Malifal Nebor
Malifal Piter
Malifal Resovom
Malifal Rirom
Malifal Rolul
Mamekel Miviburos
Mamekel Munufozil
Mamekel Nenimilul
Mamekel Nuvobem
Mamekel Sizapure
Mamekel Sugux
Mamekel Terubabi
Mamekel Vuluvivem
Mamekel Vupis
Mamekel Zibadox
Manosusul Menu
Manosusul Mumoses
Manosusul Nomasunix
Manosusul Nonon
Manosusul Nuzafol
Manosusul Sanox
Manosusul Sotolezal
Manosusul Tatevos
Manosusul Tekom
Manosusul Zifom
Manosusul Zomizus
Maran Mitim
Maran Nufanokil
Maran Ramepoder
Maran Silol
Maran Sumen
Maran Zaza
Marux Misegifin
Marux Navufifos
Marux Sivinofam
Marux Vofalisox
Marux Voruzinam
Matam Mofur
Matam Molen
Matam Motus
Matam Nulobum
Matam Susuvogam
Matam Talis
Matam Vedapigox
Matam Zipovoros
Matator Mitam
Matator Rulel
Matator Rurovax
Matator Senum
Matator Sokikan
Matator Tedegofen
Matator Vedanuta
Matator Vepezano
Matator Zapis
Matator Zisaliva
Matevilu Mepa
Matevilu Mitivazor
Matevilu Pigamomis
Matevilu Pufer
Matevilu Rilatidal
Matevilu Rolibix
Matevilu Rorebul
Matevilu Rozefen
Matevilu Silur
Matevilu Tazax
Matevilu Topox
Matevilu Turazavum
Matil Nebor
Matil Pazimes
Matil Pebafasex
Matil Pudon
Matil Pusus
Matil Putum
Matil Savofan
Matil Sopir
Matil Totisovas
Matil Zefofofo
Matil Zipovoros
Matirigom Metakemi
Matirigom Mikes
Matirigom Munanul
Matirigom Nusux
Matirigom Paduvux
Matirigom Sitetusol
Matirigom Zanapen
Mavagan Nada
Mavagan Reraturo
Mavagan Retem
Mavagan Rutodim
Mavagan Savovul
Mavagan Tarodotom
Mavagan Timenemir
Mavagan Vepem
Mavagan Virus
Mavagan Vuvar
Mavolugur Piter
Mavolugur Rakezavar
Mavolugur Savalon
Mavolugur Selir
Mavolugur Vigavimem
Mavus Nigubulur
Mavus Nulenutox
Mavus Pagux
Mavus Savofan
Mavus Sezarovin
Mavus Varugefol
Mavus Vepem
Mavus Zebu
Mavus Zesor
Mavus Zisipun
Mavus Zudan
Mededes Mosova
Mededes Mugol
Mededes Nerax
Mededes Nopivopen
Mededes Pune
Mededes Siduvir
Mededes Sobefola
Mededes Sotononum
Mededes Vepezano
Mededes Zonamom
Medupus Namubim
Medupus Nubozil
Medupus Numekis
Medupus Satas
Medupus Sumen
Medupus Zokor
Mefalu Nafex
Mefalu Ritir
Mefalu Ritos
Mefalu Sepomos
Mefalu Topalazil
Mefalu Zotazekux
Mefivegol Risom
Mefivegol Rutetam
Megam Mikes
Megam Nabom
Megam Sinekokul
Megam Sogolos
Megam Varesem
Megam Zumezal
Megevinas Pogenagis
Megevinas Rokal
Megevinas Selir
Megevinas Toris
Megevinas Tunox
Megevinas Vinofor
Megevinas Vulatada
Megevinas Vunol
Megevinas Zizifas
Megupa Metires
Megupa Nenerer
Megupa Nubafimer
Megupa Resupum
Megupa Rugam
Megupa Vufagix
Mekalux Mimum
Mekalux Mozil
Mekalux Nilama
Mekalux Nozu
Mekalux Nuzafol
Mekalux Paravax
Mekalux Petotin
Mekalux Pokilis
Mekalux Ralozaba
Mekalux Rolibix
Mekalux Tudam
Mekalux Zodofom
Mekasox Mibix
Mekasox Papix
Mekasox Pulelon
Mekasox Reduvana
Mekasox Soluva
Mekasox Vidofis
Mekasox Voludil
Mekum Mofos
Mekum Navufifos
Mekum Nirulel
Mekum Ralon
Mekum Rozefen
Mekum Sanox
Mekum Sasadon
Mekum Sulemas
Mekum Tosumidix
Mekum Zakix
Mekum Zapex
Mekum Zudan
Melalis Mosova
Melalis Nego
Melalis Nezu
Melalis Parugen
Melalis Pomegal
Melalis Ramon
Melalis Ronuvom
Melalis Satazor
Melalis Vivekur
Melalis Vukarisex
Melalis Vulikus
Melalis Zavesave
Melalis Zebu
Melufam Nedox
Melufam Rebenido
Melufam Tematumor
Melufam Totizox
Melufam Vosel
Melufam Zekefir
Melufam Zesor
Melufam Ziladoben
Meninidel Navufifos
Meninidel Nilekigum
Meninidel Nupo
Meninidel Rumubudan
Meninidel Sanox
Meninidel Sogax
Meninidel Sumen
Meninidel Tenis
Meninidel Tigon
Meninidel Tuvor
Meninidel Vovudofux
Meninidel Vozapar
Meninidel Zemosaram
Meno Mezagir
Meno Mipipuke
Meno Mopise
Meno Nopugon
Meno Pabutudex
Meno Rasitus
Meno Sotux
Meno Vaso
Meno Zapis
Menu Miduka
Menu Modapis
Menu Nakizus
Menu Nasasigan
Menu Resupum
Menu Rukizox
Menu Runonemin
Menu Sivozol
Menu Tusululin
Menu Vepem
Menu Vifom
Menu Visidebum
Menu Zasuvuben
Menufimim Mirufis
Menufimim Mofos
Menufimim Nefal
Menufimim Nikomale
Menufimim Nogil
Menufimim Rikil
Menufimim Robiviker
Menufimim Somamir
Menufimim Tirumim
Menufimim Vunutufum
Menufimim Zivex
Menufimim Zudador
Menufimim Zusupiger
Mepa Nufadabil
Mepa Nufuzuril
Mepa Patanuvol
Mepa Pigusikur
Mepa Ragisen
Mepa Sonugun
Mepa Torafoval
Mepa Zovam
Mepolel Rukizox
Mepolel Rumuvurun
Mepolel Sogazoki
Mepolel Tegupox
Mepolel Tudibalux
Mepolel Vekedax
Mepolel Zadidux
Meranun Pufifam
Meranun Pulovex
Meranun Rafakisex
Meranun Sosidefar
Meranun Subufufu
Meranun Sunerugu
Meranun Vaso
Meranun Zegukim
Merobil Munufozil
Merobil Piter
Merobil Remetobon
Merobil Sevol
Merobil Sigi
Merobil Sinekokul
Merobil Sonomoles
Merobil Soril
Merobil Sudogotul
Merobil Sugex
Merobil Topalazil
Merobil Vekipebar
Merobil Vesetonul
Merobil Zigal
Merox Molem
Merox Penerix
Merox Porusem
Merox Reduvana
Merox Romovem
Merox Rusix
Merox Tomivoko
Merox Tunox
Merox Vofes
Merox Volepir
Mesen Motasu
Mesen Mozil
Mesen Putum
Mesen Puver
Mesen Savofan
Mesen Sidulakom
Mesen Sudogotul
Mesen Sunigo
Mesen Temamor
Mesen Zegimul
Mesen Zibadox
Metagenox Sinavizem
Metagenox Sivinofam
Metagenox Tavanum
Metagenox Voruzinam
Metakemi Nagerenul
Metakemi Popomutom
Metakemi Remetobon
Metakemi Sofafavom
Metakemi Tematumor
Metakemi Vovudofux
Metakemi Zusupiger
Metar Mimuzin
Metar Mosova
Metar Nigimosan
Metar Poron
Metar Pusus
Metar Soneras
Metar Sunadodos
Metibemis Mokom
Metibemis Nopim
Metibemis Paduvux
Metibemis Podedil
Metibemis Pufepares
Metibemis Raseva
Metibemis Tulex
Metibemis Vopus
Metires Murukix
Metires Nemux
Metires Nigimosan
Metires Parugen
Metires Pilobivu
Metires Pufepares
Metires Rafakisex
Metires Ragex
Metires Sarazas
Metires Totar
Metires Tudibalux
Metires Vofes
Metires Vokax
Metires Zapin
Mezagir Nopivopen
Mezagir Notidom
Mezagir Pokepur
Mezagir Rinovas
Mezagir Vazikoma
Mezovasax Pebafasex
Mezovasax Risom
Mezovasax Rufu
Mezovasax Sinekokul
Mezovasax Toliserel
Mezovasax Zetorokus
Mezovasax Zizifas
Mezumux Muvas
Mezumux Muzex
Mezumux Noremer
Mezumux Novilel
Mezumux Remavar
Mezumux Rizax
Mezumux Tamim
Mezumux Teveberas
Mezumux Tokulupox
Mezumux Zofelus
Mibamer Nesufuter
Mibamer Petotin
Mibamer Sugux
Mibamer Tanal
Mibamer Tiror
Mibamer Vetanel
Mibamer Zapama
Mibamer Zotemukux
Mibamer Zunex
Mibix Sevol
Mibix Tiras
Mibix Vedanuta
Mibix Zamatu
Midonix Minunemis
Midonix Nafifidum
Midonix Noner
Midonix Nulenutox
Midonix Pezorer
Midonix Pomapoku
Midonix Rebenido
Midonix Resupum
Midonix Suvo
Midonix Zelu
Miduka Nopim
Miduka Nuzox
Miduka Piros
Miduka Rugika
Miduka Tolonofal
Miduka Vonutapor
Miduka Zenas
Miduka Zutigarul
Mikes Netul
Mikes Nikunupe
Mikes Nizurex
Mikes Nusofisar
Mikes Pepobemer
Mikes Relun
Mikes Tarodotom
Mikes Zipovoros
Mikes Zofelus
Mikezol Nizis
Mikezol Novilel
Mikezol Nupomum
Mikezol Subufufu
Mikezol Tilorir
Mikezol Torafoval
Mikezol Zegimul
Mikezol Zenas
Mikezol Zupitepum
Mikin Rotovos
Mikin Savalon
Mikin Timenemir
Mikin Todix
Mikin Tolonofal
Mikin Vedinun
Mikin Vesaponil
Mikin Vilivukir
Mikofom Mukogovar
Mikofom Norizevum
Mikofom Noves
Mikofom Refas
Mikofom Regevi
Mikofom Rovozukin
Mikofom Sezorudis
Mikofom Sosoger
Mikofom Teven
Mikofom Vutuzis
Mikofom Zogovolim
Mikolifer Rebupokos
Mikolifer Tagalobox
Mikolifer Zokanal
Milazaras Neteris
Milazaras Pimom
Milazaras Ralokas
Milazaras Sipapa
Milazaras Tokufer
Milazaras Tukaven
Milazaras Vazum
Milazaras Vukarisex
Milazaras Zador
Milazaras Zaduful
Milazaras Zubim
Milifobon Nivix
Milifobon Pusus
Milifobon Puzedo
Milifobon Risatosim
Milifobon Sugex
Milifobon Tutokuzex
Milifobon Vazum
Milifobon Volotokim
Milifobon Vudofom
Milifobon Ziligomin
Milifobon Zonan
Mimebir Nabom
Mimebir Pepezines
Mimebir Pulunis
Mimebir Puver
Mimebir Sanox
Mimebir Seludisas
Mimebir Susuvogam
Mimebir Tagalobox
Mimum Nagusom
Mimum Naposazox
Mimum Pesarolen
Mimum Pigamomis
Mimum Ramovin
Mimum Sinavizem
Mimum Sivozol
Mimum Sokiketun
Mimum Sukagugis
Mimum Tanal
Mimum Varepirem
Mimum Vedapigox
Mimum Vogamukel
Mimum Zine
Mimum Zobasin
Mimux Nemux
Mimux Nesufuter
Mimux Nuker
Mimux Panivirus
Mimux Rivem
Mimux Romaves
Mimux Romesabel
Mimux Sebokopon
Mimux Sevol
Mimux Sukinix
Mimux Venum
Mimuzin Misegifin
Mimuzin Mozege
Mimuzin Mufum
Mimuzin Nanurim
Mimuzin Ragisen
Mimuzin Rapam
Mimuzin Sorilepor
Mimuzin Suru
Mimuzin Zapefas
Mimuzin Zivopos
Mimuzin Zoker
Mimuzin Zupitepum
Minunemis Nanen
Minunemis Nebor
Minunemis Ponum
Minunemis Rakezavar
Minunemis Romaves
Minunemis Sese
Minunemis Sozadax
Minunemis Tititan
Minunemis Verem
Minunemis Vidofis
Minunemis Vofes
Minunemis Zara
Minunemis Zasis
Minunemis Zumavaves
Minunemis Zuzodilem
Minusa Mirepus
Minusa Miviburos
Minusa Pazimes
Minusa Rasitus
Minusa Sese
Minusa Sivax
Minusa Sodem
Minusa Tukaven
Minusa Vemona
Minusa Vofokux
Miparu Nufuzuril
Miparu Pufepares
Miparu Pulunis
Miparu Rekor
Miparu Rulan
Miparu Vesetonul
Miparu Vidigix
Miparu Zetedil
Miparu Zevisa
Miparu Zogovolim
Miparu Zotazekux
Mipipuke Negen
Mipipuke Nizigox
Mipipuke Rirom
Mipipuke Silol
Mipipuke Tigul
Mipipuke Togofam
Mipipuke Vifapitix
Mipipuke Voduru
Mipofodul Nipul
Mipofodul Piriku
Mipofodul Satazor
Mipofodul Sokikan
Mipofodul Sume
Mipofodul Zegevodux
Mipofodul Zumezal
Mirepus Muvimodin
Mirepus Nedovo
Mirepus Nozu
Mirepus Piros
Mirepus Sekaroson
Mirepus Sikal
Mirepus Sulen
Mirepus Vivipabus
Mirepus Zagor
Mirepus Zorevevir
Mirufis Neruzax
Mirufis Nupuden
Mirufis Sakex
Mirufis Simamim
Mirufis Tabasux
Mirufis Tetopefan
Mirufis Tulakuken
Mirufis Zovi
Misegifin Nizurex
Misegifin Nubafimer
Misegifin Parox
Misegifin Sepogoges
Misegifin Sese
Misegifin Sogazoki
Misegifin Soluva
Misegifin Sovapusox
Misegifin Tofozar
Misegifin Vugulon
Misegifin Zazos
Misegifin Zubiribel
Misegifin Zuzen
Mitam Nelitabex
Mitam Pukakex
Mitam Sobefola
Mitam Sugux
Mitam Voralur
Mitam Zapex
Mitazun Nepen
Mitazun Nezu
Mitazun Numekis
Mitazun Podedil
Mitazun Refumam
Mitazun Rumuvurun
Mitazun Sigi
Mitazun Susun
Mitazun Tabasux
Mitazun Tesim
Mitazun Vukarisex
Mitazun Zapin
Mitazun Zomizus
Mitemafom Nopivopen
Mitemafom Norenuvox
Mitemafom Pevor
Mitemafom Turazavum
Mitemafom Vekis
Mitemafom Ziligeges
Mitemafom Zotemukux
Mitim Risatosim
Mitim Sipubobil
Mitim Solige
Mitim Tedegofen
Mitim Vedanuta
Mitim Vekox
Mitim Velata
Mitim Zasuvuben
Mitim Zilex
Mitivazor Neteris
Mitivazor Nogopegel
Mitivazor Pedafux
Mitivazor Reraruvol
Mitivazor Vigem
Mitivazor Zavus
Mitivazor Zekusal
Mitivazor Ziligeges
Miviburos Nepe
Miviburos Nodidel
Miviburos Resovom
Miviburos Sebibax
Miviburos Sivozol
Miviburos Timenemir
Mivizusor Nomegokox
Mivizusor Nurikam
Mivizusor Rudix
Mivizusor Zafapu
Mivizusor Zipovoros
Mivizusor Zokor
Mizapa Nafevipem
Mizapa Naral
Mizapa Nazeten
Mizapa Sogax
Mizapa Terubabi
Mizapa Vutor
Mizufal Pirex
Mizufal Risugel
Mizufal Savofan
Mizufal Sumegibil
Mizufal Tovumex
Mizufal Tuletusan
Mizufal Vekedax
Mizufal Vepezano
Mobason Monutumu
Mobason Mozisugos
Mobason Novado
Mobason Pazen
Mobason Piresem
Mobason Teven
Mobason Togazevos
Modapis Mumoses
Modapis Pigefoni
Modapis Razubis
Modapis Rotovos
Modapis Tomivoko
Modapis Tonuroron
Modapis Zetorokus
Modikem Mosilul
Modikem Nedodepis
Modikem Niva
Modikem Peder
Modikem Rebupokos
Modikem Tofur
Modikem Zapis
Modikem Zilex
Mofos Nepuras
Mofos Podedil
Mofos Sudasun
Mofos Tudibalux
Mofos Tumalider
Mofos Vemetos
Mofos Vigem
Mofos Votulalol
Mofos Zoton
Mofur Nimebigor
Mofur Relun
Mofur Rugika
Mofur Sofafavom
Mofur Sulen
Mofur Vifapitix
Mogumimur Muduzi
Mogumimur Nizin
Mogumimur Nopi
Mogumimur Nopim
Mogumimur Pokilis
Mogumimur Rigukax
Mogumimur Rinovas
Mogumimur Ruberer
Mogumimur Rufu
Mogumimur Rugam
Mogumimur Simamim
Mogumimur Tebenul
Mogumimur Tinadivom
Mogumimur Vefes
Mogumimur Venebibam
Mogumimur Vopuravis
Mogumimur Zopefan
Mogumimur Zorusupis
Mogumimur Zovam
Mokiborol Motuter
Mokiborol Nezor
Mokiborol Nofoson
Mokiborol Nuvobem
Mokiborol Papox
Mokiborol Pepobemer
Mokiborol Rufu
Mokiborol Siga
Mokiborol Simes
Mokiborol Tetopefan
Mokiborol Zipovoros
Mokiborol Zoker
Mokom Nurex
Mokom Pulovex
Mokom Roveso
Mokom Ruberer
Mokom Supan
Mokom Vemil
Mokom Verem
Mokom Zitebim
Mokom Zudatorar
Molem Nefal
Molem Rasom
Molem Sebokilal
Molem Tosumidix
Molem Tuminafon
Molen Mosilul
Molen Nego
Molen Noses
Molen Ponum
Molen Remosus
Molen Sanox
Molen Sasadon
Molen Tirumim
Molen Tolokulul
Molen Vadulumal
Molen Vedapigox
Molen Voruzinam
Molen Vulatada
Molen Zalitofis
Molen Zebasosur
Molen Zesulebal
Molipagal Nozu
Molipagal Semer
Molipagal Tiragir
Molipagal Vapur
Molipagal Zefofofo
Molireman Mova
Molireman Nanen
Molireman Nivix
Molireman Ritir
Molireman Tifidir
Molireman Turazavum
Molireman Vefovibi
Molireman Venazadun
Molireman Zabu
Molireman Ziligeges
Monutumu Mumanuvux
Monutumu Nizin
Monutumu Nuvobem
Monutumu Parelux
Monutumu Pepom
Monutumu Pesaruder
Monutumu Ridobufel
Monutumu Tabomunor
Monutumu Tokulupox
Monutumu Toliserel
Monutumu Vako
Monutumu Vimarox
Mopise Mufen
Mopise Mukogovar
Mopise Nepenuvi
Mopise Pagux
Mopise Peka
Mopise Rifor
Mopise Sekaroson
Mopise Susuvogam
Mopise Tamefogus
Mopise Vovudofux
Mopise Ziloneden
Mopise Zodofom
Moretegin Pimom
Moretegin Ponum
Moretegin Poron
Moretegin Ralon
Moretegin Rivem
Moretegin Rizegumor
Moretegin Rulel
Moretegin Siduvir
Moretegin Sofetetem
Moretegin Tugin
Moretegin Vifapitix
Moretegin Zeman
Moretegin Zevox
Mosilul Nepe
Mosilul Nigimosan
Mosilul Noses
Mosilul Pinaboli
Mosilul Pona
Mosilul Pune
Mosilul Rezegos
Mosilul Ruvolalil
Mosilul Tabomunor
Mosilul Toliserel
Mosilul Tomivoko
Mosilul Zesul
Mosilul Zivex
Mosilul Zudar
Mosova Nagerenul
Mosova Nogopegel
Mosova Nonon
Mosova Raluger
Mosova Rutetam
Mosova Sumoboram
Mosova Vapavigil
Mosova Visor
Mosova Vivipabus
Mosova Zilerux
Mosova Zosuvode
Motasu Nesim
Motasu Nimebigor
Motasu Popomutom
Motasu Ramen
Motasu Rutodim
Motasu Tuletusan
Motasu Varal
Motasu Zedipibox
Motasu Zefus
Motasu Zominam
Motus Motuter
Motus Nanurim
Motus Pagomor
Motus Tavanum
Motus Totanafe
Motus Velata
Motus Votulalol
Motuter Nedox
Motuter Nenobatil
Motuter Nidevar
Motuter Posokumel
Motuter Sekaroson
Motuter Sezorudis
Motuter Taremal
Motuter Valul
Motuter Vesetonul
Motuter Vovudofux
Motuter Zafapu
Motuter Zubim
Mova Pinaboli
Mova Ribem
Mova Rotovos
Mova Tanal
Mova Vibuneves
Mova Vurudu
Movifos Nololun
Movifos Pepobemer
Movifos Ponim
Movifos Pune
Movifos Puzux
Movifos Sofuban
Movifos Zaduful
Movifos Zitebim
Mozani Nopugon
Mozani Pedafux
Mozani Pofemon
Mozani Renekix
Mozani Seludisas
Mozani Senum
Mozani Sisipam
Mozani Sovaban
Mozani Tazifuge
Mozani Tiras
Mozani Tizum
Mozani Tudam
Mozani Volotokim
Mozani Vozave
Mozege Nizigox
Mozege Telum
Mozege Tisepen
Mozege Tomulas
Mozege Vefes
Mozege Vekipebar
Mozege Vurubegox
Mozege Zoker
Mozeka Nedel
Mozeka Nopun
Mozeka Salaser
Mozeka Siga
Mozeka Sopir
Mozeka Sudogotul
Mozeka Tirumim
Mozil Nepenuvi
Mozil Nibeper
Mozil Pagazosos
Mozil Rotu
Mozil Satazor
Mozil Sesamefom
Mozil Silidunim
Mozil Tezul
Mozisugos Mumoses
Mozisugos Pakipigon
Mozisugos Piter
Mozisugos Ririgupas
Mozisugos Ruvupe
Mozisugos Tigul
Mozisugos Torafoval
Mozisugos Zivopos
Mozisugos Zokivel
Mudosu Nanurim
Mudosu Nizis
Mudosu Paduvux
Mudosu Pivomox
Mudosu Taduduzim
Mudosu Terubabi
Mudosu Vedugin
Mudosu Zazos
Mudosu Zesul
Mudosu Zizifas
Muduzi Netul
Muduzi Pepezines
Muduzi Sigivivom
Muduzi Sulane
Muduzi Tofivukas
Muduzi Tonuroron
Muduzi Vuzazelir
Muduzi Zine
Mufem Mugax
Mufem Mulezusem
Mufem Nomasunix
Mufem Nusatipar
Mufem Pigefoni
Mufem Rukex
Mufem Sebokilal
Mufem Simax
Mufem Sugogam
Mufem Tukibos
Mufem Vadopupis
Mufem Zamatu
Mufem Zitebim
Mufen Popukes
Mufen Risugel
Mufen Sivutubis
Mufen Vunegax
Mufen Zabanin
Mufen Zisipun
Mufen Zokor
Mufepil Vigavimem
Mufepil Zedipibox
Mufum Pezorer
Mufum Tatevos
Mugamalas Piriku
Mugamalas Refas
Mugamalas Rumubudan
Mugamalas Ruzekelox
Mugamalas Tonuroron
Mugax Naral
Mugax Vatipes
Mugax Vunevufix
Mugevan Pusus
Mugevan Timi
Mugevan Velata
Mugevan Zalodepen
Mugol Nedodepis
Mugol Rikur
Mugol Sonugun
Mugol Valobebel
Mukazu Nedikar
Mukazu Nufibikux
Mukazu Porusem
Mukazu Sevudozal
Mukazu Sukemas
Mukazu Tamazir
Mukazu Vadopupis
Mukazu Vedugin
Mukazu Zakix
Mukazu Zunebitix
Mukogovar Mupekupor
Mukogovar Mutam
Mukogovar Nizis
Mukogovar Paran
Mukogovar Potolalol
Mukogovar Sogokikem
Mukogovar Sokarosol
Mukogovar Sumen
Mukogovar Tanal
Mukogovar Tifidir
Mukogovar Tiror
Mukogovar Zotemukux
Mukogovar Zutanusul
Mulezusem Nagur
Mulezusem Nagusom
Mulezusem Pigusikur
Mulezusem Sivinofam
Mulezusem Sivotifim
Mulezusem Sovetufix
Mulezusem Vedugin
Mumanuvux Munufozil
Mumanuvux Pokepur
Mumanuvux Porusem
Mumanuvux Ragor
Mumanuvux Reraruvol
Mumanuvux Tokufer
Mumanuvux Vinofor
Mumanuvux Zaduful
Mumanuvux Zudador
Mumex Nagerenul
Mumex Nufuzuril
Mumex Pepezines
Mumex Remavar
Mumex Remosus
Mumex Rovozukin
Mumex Sukinix
Mumex Tatevos
Mumex Torafoval
Mumex Toris
Mumex Virefugis
Mumex Zaratezis
Mumoses Nakizus
Mumoses Nilekigum
Mumoses Nuzafol
Mumoses Rutodim
Mumoses Sebisodis
Mumoses Sepiges
Mumoses Serogamux
Mumoses Sukemas
Mumoses Zivopos
Munanul Naral
Munanul Paravax
Munanul Pezeganum
Munanul Rikil
Munanul Sekuro
Munanul Sivozol
Munanul Totanos
Munanul Tuletusan
Munanul Vedanuta
Munanul Zasis
Munufozil Nenimilul
Munufozil Pazol
Munufozil Simes
Munufozil Vetanel
Munufozil Vozikegem
Munufozil Zevox
Munufozil Zoton
Mupekupor Nedox
Mupekupor Nepem
Mupekupor Nugir
Mupekupor Pufepares
Mupekupor Pulovex
Mupekupor Retem
Mupekupor Sasadon
Mupekupor Voruzinam
Mupekupor Zagor
Mupekupor Zumezal
Mupeninux Nololun
Mupeninux Rebupokos
Mupeninux Roveso
Mupeninux Ruvupe
Mupeninux Sofuban
Mupeninux Sunigo
Mupeninux Tagalobox
Mupeninux Tanitopon
Mupeninux Tunazal
Mupeninux Vedanuta
Mupeninux Voduru
Mupeninux Vuloban
Muros Nusux
Muros Pezeganum
Muros Tigon
Muros Tititan
Muros Tusam
Muros Virefugis
Murukix Naral
Murukix Pofemon
Murukix Rulafor
Murukix Silur
Murukix Zugur
Mutafus Nimebigor
Mutafus Nomasunix
Mutafus Pisebupin
Mutafus Rilatidal
Mutafus Ronobil
Mutafus Ruvupe
Mutafus Telunufom
Mutafus Tematumor
Mutam Nilama
Mutam Pufifam
Mutam Sekuro
Mutam Tenumizex
Mutam Tover
Mutam Vopiden
Mutam Zesor
Muti Nenerer
Muti Nilezinox
Muti Pagux
Muti Pakipigon
Muti Pofotis
Muti Potolalol
Muti Tamazir
Muti Tukaven
Muti Volefam
Muti Zibu
Muti Zizifas
Muvan Neluvo
Muvan Pilisogax
Muvan Sozadax
Muvan Subufufu
Muvan Vadopupis
Muvas Nazeten
Muvas Nediga
Muvas Refas
Muvas Vifudevis
Muvas Zekerar
Muvas Zotazekux
Muvimodin Nedikar
Muvimodin Nilekigum
Muvimodin Peder
Muvimodin Pezorer
Muvimodin Pisurur
Muvimodin Soneras
Muvimodin Vugulon
Muvimodin Zefus
Muvogil Nenerer
Muvogil Nirulel
Muvogil Nulobum
Muvogil Pofemon
Muvogil Rilatidal
Muvogil Ruvolalil
Muvogil Sebisodis
Muvogil Sofetetem
Muvogil Vukalalux
Muzex Seridur
Muzex Sugogam
Muzex Tafum
Muzex Tomivoko
Muzex Vagatokir
Muzex Zine
Nabom Nopivopen
Nabom Pomegal
Nabom Seludisas
Nabom Simamim
Nabom Tazazan
Nabom Zibu
Nabom Zoker
Nabom Zorisel
Nabom Zukigor
Nada Nafa
Nada Nivumas
Nada Poven
Nada Rebupokos
Nada Sotononum
Nada Susaludus
Nada Tubir
Nada Vuvaruvun
Nada Zazafeves
Nadamozos Nagur
Nadamozos Paduvux
Nadamozos Ribem
Nadamozos Selir
Nadamozos Vefovibi
Nadamozos Vonizar
Nadamozos Zasis
Nadamozos Zorusupis
Nadamozos Zovam
Nadefux Nupo
Nadefux Rotu
Nadefux Sevol
Nadefux Verekekol
Nadefux Zamatu
Nadifavim Ronux
Nadifavim Rulafor
Nadifavim Sokiketun
Nadifavim Tizum
Nadifavim Vamevosol
Nadifavim Vofokux
Nadifavim Zipovoros
Nadifavim Zorisel
Nadifavim Zurerupar
Nafa Nini
Nafa Nuruludun
Nafa Pibuzar
Nafa Refumam
Nafa Rigukax
Nafa Ruzekelox
Nafa Sonomoles
Nafa Sonugun
Nafa Tenis
Nafa Tukaven
Nafa Tuvor
Nafa Vurubegox
Nafa Zedipibox
Nafevipem Nomasunix
Nafevipem Pagux
Nafevipem Tonofore
Nafevipem Vuluvivem
Nafevipem Zavesave
Nafevipem Zokor
Nafex Nalosim
Nafex Navimus
Nafex Panivirus
Nafex Rekor
Nafex Rovozukin
Nafex Varal
Nafex Zumos
Nafifidum Notidom
Nafifidum Posokumel
Nafifidum Zoker
Nafoses Nagur
Nafoses Nemux
Nafoses Nidevar
Nafoses Pazol
Nafoses Pinaboli
Nafoses Pisebupin
Nafoses Pufifam
Nafoses Razubis
Nafoses Rokal
Nafoses Sobefola
Nafoses Sosem
Nafoses Tamim
Nafoses Tegupox
Nafoses Vekedax
Nafoses Vukepis
Nafoses Zegukim
Nafoses Zine
Nagerenul Nesufuter
Nagerenul Pune
Nagerenul Rikil
Nagerenul Rokal
Nagerenul Suvo
Nagerenul Vapavigil
Nagerenul Vugulon
Nagerenul Zapama
Nagerenul Zasuvuben
Nagerenul Zikarigul
Nagur Noves
Nagur Pabutudex
Nagur Penerix
Nagur Pulovex
Nagur Sepogoges
Nagur Tetugogon
Nagur Tiragir
Nagur Vesetonul
Nagur Zalilus
Nagusom Runonemin
Nagusom Soril
Nagusom Tifidir
Nagusom Zalupax
Nakapul Nazupomen
Nakapul Nidevar
Nakapul Rugam
Nakapul Rumubudan
Nakapul Silidunim
Nakapul Simes
Nakapul Sovopaben
Nakapul Tavanum
Nakapul Tebenul
Nakapul Tisomufol
Nakapul Tonofore
Nakapul Tugas
Nakizus Navufifos
Nakizus Nekivivun
Nakizus Nezu
Nakizus Nopugon
Nakizus Poron
Nakizus Rotu
Nakizus Saputon
Nakizus Semer
Nakizus Similofer
Nakizus Togofam
Nakizus Varepirem
Nalosim Namubim
Nalosim Rumuvurun
Nalosim Somamir
Nalosim Sovapusox
Nalosim Sunadodos
Nalosim Tabafikax
Nalosim Tosumidix
Nalosim Varal
Nalosim Venazadun
Nalosim Vuzazelir
Nalosim Zaza
Namubim Pufer
Namubim Ramen
Namubim Ripevu
Namubim Surorex
Namubim Tekom
Namubim Vemorolol
Namubim Venum
Namubim Vunol
Namubim Zador
Namubim Zivopos
Namubim Zofelus
Nanen Pipemubel
Nanen Sesamefom
Nanen Susun
Nanen Zazines
Nanopas Nilezinox
Nanopas Nopivopen
Nanopas Nufadabil
Nanopas Pezan
Nanopas Ralabor
Nanopas Sopir
Nanopas Tonofore
Nanopas Torafoval
Nanopas Zasusix
Nanurim Polalagur
Nanurim Ribem
Nanurim Sesamefom
Nanurim Sivozol
Nanurim Soneras
Nanurim Subufufu
Nanurim Tetetomax
Nanurim Vukarisex
Nanurim Zadidux
Nanurim Zapefas
Nanurim Zumezal
Naposazox Nuvobem
Naposazox Sarazas
Naposazox Zetedil
Naposazox Zusupiger
Napovil Navimus
Napovil Nofoson
Napovil Novem
Napovil Ponum
Napovil Remosus
Napovil Rokal
Napovil Rulel
Napovil Tazifuge
Napovil Zabu
Napovil Zebu
Napovil Zuki
Naral Nopim
Naral Punuzorex
Naral Ziligeges
Naruzo Nodidel
Naruzo Noser
Naruzo Paduvux
Naruzo Pirex
Naruzo Polalagur
Naruzo Popukes
Naruzo Posokumel
Naruzo Pulovex
Naruzo Sukemas
Naruzo Topalazil
Naruzo Totisovas
Naruzo Veres
Naruzo Vuram
Naruzo Zopefan
Nasasigan Nupomum
Nasasigan Nuruludun
Nasasigan Pagazosos
Nasasigan Rugam
Nasasigan Sazon
Nasasigan Sesamefom
Nasasigan Sinavizem
Nasasigan Zevisa
Naserun Nenimilul
Naserun Pazex
Naserun Ramil
Naserun Rovozukin
Naserun Rufu
Naserun Sovor
Naserun Susuvogam
Naserun Zara
Navimus Nedel
Navimus Negen
Navimus Nupomum
Navimus Risugel
Navimus Vezol
Navimus Ziligeges
Navozigur Sebokilal
Navozigur Sinozivun
Navozigur Sokiketun
Navozigur Vetanel
Navozigur Vutuzis
Navozigur Zebasosur
Navufifos Nilifox
Navufifos Nupomum
Navufifos Pebafasex
Navufifos Pilobivu
Navufifos Posopufi
Navufifos Supotam
Navufifos Velata
Navufifos Zudar
Nazeten Pofotis
Nazeten Punuzorex
Nazeten Puver
Nazeten Sagape
Nazeten Sulikedis
Nazeten Tigon
Nazeten Vonizar
Nazeten Zaso
Nazeten Zudador
Nazeten Zusupiger
Nazogonux Nuzox
Nazogonux Pisurur
Nazogonux Ranokis
Nazogonux Ravusetal
Nazogonux Sofuban
Nazogonux Sonomoles
Nazogonux Sumutun
Nazogonux Tumalider
Nazogonux Vapur
Nazogonux Zetedil
Nazupomen Sabos
Nazupomen Sogolos
Nazupomen Solige
Nazupomen Tiras
Nazupomen Tomivoko
Nazupomen Vadopupis
Nazupomen Vavum
Nazututos Razubis
Nazututos Ritir
Nazututos Rolul
Nazututos Rutodim
Nazututos Serogamux
Nebor Nezix
Nebor Nini
Nebor Nodidel
Nebor Nopamopux
Nebor Novipifim
Nebor Nurex
Nebor Punuzorex
Nebor Ralunar
Nebor Soluva
Nebor Vigavimem
Nebor Zulol
Nedel Risom
Nedel Sefe
Nedel Sidulakom
Nedel Sogokikem
Nedel Sulen
Nedel Tepemux
Nedel Tiror
Nedel Vazakesux
Nedel Vukepis
Nedel Zunex
Nediga Pilobivu
Nediga Ruliden
Nediga Savil
Nediga Tebenul
Nediga Vazikoma
Nediga Zalilus
Nediga Zeve
Nediga Zozagin
Nedikar Popukes
Nedikar Pudon
Nedikar Sobefola
Nedikar Sutum
Nedikar Tonom
Nedikar Torezel
Nedikar Zabu
Nedinuzam Notidom
Nedinuzam Pivur
Nedinuzam Popomutom
Nedinuzam Sobafepox
Nedinuzam Soril
Nedinuzam Tomulas
Nedinuzam Venebibam
Nedinuzam Zalitofis
Nedodepis Penerix
Nedodepis Pidedem
Nedodepis Pina
Nedodepis Polalagur
Nedodepis Rasitus
Nedodepis Regevi
Nedodepis Retem
Nedodepis Rorotesex
Nedodepis Sukinix
Nedodepis Vesaponil
Nedodepis Vukepis
Nedodepis Zetedil
Nedodepis Zubiribel
Nedovo Nezu
Nedovo Peka
Nedovo Risatosim
Nedovo Rozefen
Nedovo Zabu
Nedox Nezor
Nedox Novilel
Nedox Pulunis
Nedox Rafakisex
Nedox Romesabel
Nedox Ruvolalil
Nedox Telinur
Nedox Visidebum
Nefal Puzux
Nefal Ronux
Nefal Serogamux
Nefal Suvivolo
Nefal Teveberas
Nefal Zotazekux
Negen Nuzox
Negen Pepobemer
Negen Ranokis
Negen Rezegos
Negen Sapo
Negen Sokiketun
Negen Tomulas
Nego Sisipam
Nego Sofetetem
Nego Telerux
Nego Teruluros
Nego Veres
Nego Zasubun
Negum Nikox
Negum Vatipes
Negum Vesetonul
Negum Vigem
Negum Vufinil
Negum Ziligeges
Nekinax Nezokikol
Nekinax Pulelon
Nekinax Savalon
Nekinax Somamir
Nekinax Vidofis
Nekipuzom Neluvo
Nekipuzom Nizigox
Nekipuzom Nokububos
Nekipuzom Rakokes
Nekipuzom Ramen
Nekipuzom Soneras
Nekipuzom Tegupox
Nekipuzom Varazesum
Nekipuzom Vizemin
Nekipuzom Vudofom
Nekipuzom Vukarisex
Nekivivun Novilel
Nekivivun Nusux
Nekivivun Pinaboli
Nekivivun Simax
Nekivivun Taduduzim
Nekivivun Telum
Nekivivun Tugasazux
Nelis Povefus
Nelis Remetobon
Nelis Suvo
Nelis Zebasosur
Nelitabex Nomalon
Nelitabex Nopamopux
Nelitabex Reraruvol
Nelitabex Ronobil
Nelitabex Vifapitix
Nelitabex Visidebum
Nelitabex Vofokux
Neluvo Nopivopen
Neluvo Ribem
Neluvo Situfones
Neluvo Sofetetem
Neluvo Tidozilen
Neluvo Vuluvivem
Neluvo Zabodes
Neluvo Zetedil
Neluvo Zobasin
Neluvo Zudar
Neluvo Zunebitix
Nemobovi Nenobatil
Nemobovi Nepime
Nemobovi Nozur
Nemobovi Pipemubel
Nemobovi Pokilis
Nemobovi Sese
Nemux Nerax
Nemux Norenuvox
Nemux Refas
Nemux Rolul
Nemux Rozefen
Nemux Tabafikax
Nemux Tesupifel
Nemux Tugasazux
Nemux Varazesum
Nemux Zatabox
Nemux Zupapolo
Nenerer Neruzax
Nenerer Rudix
Nenerer Sekaroson
Nenerer Zabanin
Nenerer Zibu
Nenimilul Nutotas
Nenimilul Ralunar
Nenimilul Tukaven
Nenimilul Zemosaram
Nenimilul Zorevevir
Nenobatil Nibos
Nenobatil Rakezavar
Nenobatil Sikal
Nenobatil Talalubun
Nenobatil Tezul
Nenobatil Vazakesux
Nenobatil Vimarox
Nenobatil Visor
Nenobatil Vurubegox
Nenobatil Zasubun
Nenosesa Niva
Nenosesa Nizin
Nenosesa Pipemubel
Nenosesa Refas
Nenosesa Rikur
Nenosesa Sinozivun
Nenosesa Zekusal
Nepe Nurex
Nepe Pilobivu
Nepe Popukes
Nepe Rikil
Nepe Ropol
Nepe Sidulakom
Nepe Sobafepox
Nepe Tabasux
Nepe Valobebel
Nepe Vuni
Nepe Zalitofis
Nepe Zivopos
Nepebalan Netul
Nepebalan Nizin
Nepebalan Novilel
Nepebalan Sagape
Nepebalan Vetanel
Nepebalan Zadofin
Nepebalan Zibu
Nepem Pazol
Nepem Petotin
Nepem Pidedem
Nepem Rotu
Nepem Rukex
Nepem Savemilim
Nepem Tanitopon
Nepem Tebenul
Nepem Tesupifel
Nepem Tukibos
Nepem Vadopupis
Nepem Vekedax
Nepem Vekis
Nepem Zevisa
Nepem Zozo
Nepen Pokilis
Nepen Sivotifim
Nepen Tagalobox
Nepen Zusupiger
Nepenuvi Rebenido
Nepenuvi Rusix
Nepenuvi Sigi
Nepenuvi Sinekokul
Nepenuvi Vazus
Nepenuvi Zekerar
Nepenuvi Zozo
Nepenuvi Zurerupar
Nepime Nepuras
Nepime Nopun
Nepime Pagux
Nepime Rumuvurun
Nepime Taduduzim
Nepuras Pofemon
Nepuras Sitetusol
Nepuras Sovetufix
Nepuras Telum
Nepuras Vuloban
Nepuras Zatabox
Nepuras Zedipibox
Nepux Rizusape
Nerax Nezu
Nerax Novipifim
Nerax Nugul
Nerax Pisol
Nerax Podedil
Nerax Ruberer
Nerax Saputon
Nerax Tatis
Nerax Tunox
Nerax Volidaze
Nerum Nuker
Nerum Parelux
Nerum Pusil
Nerum Ramovin
Nerum Rizusape
Nerum Sazon
Nerum Seludisas
Nerum Sorilepor
Nerum Supotam
Nerum Tatis
Nerum Vigem
Neruzax Nufuzuril
Neruzax Panivirus
Neruzax Sapikaful
Neruzax Satozo
Neruzax Savemilim
Neruzax Silur
Neruzax Zitebim
Neruzax Zovi
Neseron Nogopegel
Neseron Pazen
Neseron Sobe
Neseron Tarodotom
Neseron Vedinun
Neseron Vigil
Neseron Vosel
Nesim Nusas
Nesim Punuzorex
Nesim Rebenido
Nesim Rinovas
Nesim Sevatarur
Nesim Tores
Nesim Zaza
Nesufuter Podufosum
Nesufuter Posopufi
Nesufuter Zazos
Neteris Ralabor
Neteris Rebupokos
Neteris Togofam
Neteris Vuvar
Neteris Zubim
Netul Nupo
Netul Ragex
Netul Tulex
Netul Varazesum
Netul Vuvaruvun
Netul Zivil
Nezix Nololun
Nezix Ralatagu
Nezix Ramepoder
Nezix Sudogotul
Nezix Sumutun
Nezix Sutum
Nezix Vagatokir
Nezix Zavus
Nezokikol Ralozaba
Nezokikol Ribuzan
Nezokikol Toris
Nezokikol Vekedax
Nezokikol Vosel
Nezokikol Zofum
Nezor Nigubulur
Nezor Romovem
Nezor Telinur
Nezor Zibugubi
Nezor Zisaliva
Nezu Pusil
Nezu Situfones
Nezu Sofadul
Nezu Vekis
Nezu Vetanel
Nezu Vunibur
Nibeper Punebego
Nibeper Putafu
Nibeper Romovem
Nibeper Rubax
Nibeper Sovor
Nibeper Tazifuge
Nibeper Tonofore
Nibeper Vaguner
Nibeper Vapavigil
Nibeper Vofalisox
Nibeper Zonan
Nibeper Zoton
Nibos Palar
Nibos Ropipel
Nibos Saganoser
Nibos Subu
Nibos Sulane
Nibos Sunadodos
Nibos Tabomunor
Nibos Vozave
Nibos Vufil
Nibugopis Pilisogax
Nibugopis Ragex
Nibugopis Ribem
Nibugopis Ruzekelox
Nibugopis Sovaban
Nibugopis Tores
Nibugopis Vanivu
Nibugopis Vibigenal
Nibugopis Vumon
Nibugopis Zapama
Nidevar Palar
Nidevar Puzapim
Nidevar Ralatagu
Nidevar Relun
Nidevar Semuvar
Nidevar Sidafunix
Nidevar Taduduzim
Nidevar Zimisufur
Nifor Nilama
Nifor Nukorabar
Nifor Popomutom
Nifor Salaser
Nifor Sebokopon
Nifor Sepogoges
Nifor Sikal
Nifor Subufufu
Nifor Zutigarul
Nigasos Piresem
Nigasos Punuzorex
Nigasos Sagape
Nigasos Sazon
Nigasos Sugex
Nigasos Sukagugis
Nigasos Toliserel
Nigasos Zominam
Nigasos Zovam
Nigasos Zunex
Nigimosan Simax
Nigimosan Tetetomax
Nigimosan Teven
Nigimosan Varugefol
Nigimosan Vunegax
Nigimosan Zeve
Nigubulur Sidafunix
Nigubulur Sukagugis
Nigubulur Tepemux
Nikomale Pedafux
Nikomale Pegizar
Nikomale Pezorer
Nikomale Reduvana
Nikomale Rizax
Nikomale Rorebul
Nikomale Tamim
Nikomale Vavum
Nikomale Zakix
Nikomale Zasubun
Nikox Sobefola
Nikox Sofetetem
Nikox Tamim
Nikox Tazifuge
Nikox Tetobu
Nikox Tuvor
Nikox Zasubun
Nikox Zavus
Nikunupe Novilel
Nikunupe Pimom
Nikunupe Povefus
Nikunupe Ragobu
Nikunupe Rirom
Nikunupe Robiviker
Nikunupe Rugam
Nikunupe Siliren
Nikunupe Sovor
Nikunupe Sunerugu
Nikunupe Tuminafon
Nikunupe Vuvar
Nikunupe Zorusupis
Nilama Sugex
Nilama Vesuzum
Nilama Zilex
Nilama Zudador
Nilekigum Nukorabar
Nilekigum Runar
Nilekigum Sakex
Nilekigum Sese
Nilekigum Sudagin
Nilekigum Tores
Nilezinox Sipubobil
Nilezinox Vanivu
Nilezinox Varazesum
Nilezinox Vekis
Nilezinox Vunol
Nilezinox Zemosaram
Nilifox Pepobemer
Nilifox Romesabel
Nilifox Sigivivom
Nilifox Sufer
Nilifox Sulikedis
Nilifox Tesim
Nilifox Varazesum
Nilifox Vuril
Nilifox Zerex
Nilifox Zetorokus
Nilifox Zodofom
Niloril Nomegokox
Niloril Noner
Niloril Potolalol
Niloril Ridobufel
Niloril Ruliden
Niloril Sevudozal
Niloril Sinavizem
Niloril Tidozilen
Niloril Vesetonul
Niloril Vokax
Niloril Volefam
Niloril Voruzinam
Niloril Zivex
Nimebigor Norizevum
Nimebigor Ragor
Nimebigor Ririgupas
Nimebigor Rokal
Nimebigor Sigivivom
Nimebigor Sonugun
Nimebigor Sovor
Nimebigor Tabomunor
Nimebigor Tepemux
Nimebigor Tetugogon
Nimebigor Togofam
Nimebigor Vizemin
Nimebigor Vokax
Nimebigor Zomizus
Nini Puzux
Nini Ralatagu
Nini Rizax
Nini Rurovax
Nini Sakex
Nini Sapikaful
Nini Simamim
Nini Tamim
Nini Telunufom
Nini Voruzinam
Nini Zaso
Nini Ziladoben
Nini Zotekul
Ninimovas Ralon
Ninimovas Rolul
Ninimovas Tetobu
Ninimovas Vidofis
Ninimovas Zebasosur
Nipul Nizurex
Nipul Nomasunix
Nipul Pesaruder
Nipul Pipedus
Nipul Refas
Nipul Romaves
Nipul Senum
Nipul Sisipam
Nipul Susaludus
Nipul Veres
Nipul Zapin
Nipul Zaza
Nipul Zebasosur
Nipul Zofelus
Nirulel Pulovex
Nirulel Rovozukin
Nirulel Supan
Nirulel Tafum
Nirulel Timenemir
Nirulel Tugas
Nirulel Valul
Nirulel Zudatorar
Niva Nufuzuril
Niva Pidedem
Niva Ramon
Niva Sebisodis
Niva Simes
Niva Tabomunor
Niva Tukox
Niva Vifudevis
Niva Vozave
Niva Zovax
Nivix Pomapoku
Nivix Remosus
Nivix Revuvol
Nivix Ruvolalil
Nivix Suru
Nivix Volepir
Nivix Zunebitix
Nivumas Nonon
Nivumas Nopamopux
Nivumas Pavogor
Nivumas Pulunis
Nivumas Ralozaba
Nivumas Remetobon
Nivumas Sagape
Nivumas Sovapusox
Nivumas Tusam
Nivumas Vidigix
Nivumas Zapama
Nizigox Savemilim
Nizigox Sogazoki
Nizigox Sogolos
Nizigox Subufufu
Nizigox Sugogam
Nizigox Tenis
Nizigox Zebarevan
Nizigox Zoper
Nizin Noses
Nizin Piresem
Nizin Ravusetal
Nizin Rurovax
Nizin Sibiso
Nizin Sumoboram
Nizin Taremal
Nizin Topalazil
Nizin Vagum
Nizin Zovi
Nizis Pavidu
Nizis Rivem
Nizis Sogokikem
Nizis Verem
Nizis Ziladoben
Nizis Zizifas
Nizis Zurerupar
Nizurex Papix
Nizurex Pisol
Nizurex Ridomim
Nizurex Sesamefom
Nizurex Siga
Nizurex Sumudubos
Nizurex Varal
Nizurex Vonizar
Nodidel Saganoser
Nodidel Timokax
Nodidel Toliserel
Nodidel Vefovibi
Nodidel Vozave
Nodidel Vudofom
Nodidel Vukepis
Nodidel Zamatu
Nodidel Zisipun
Nodidel Zofugebem
Nodidel Zogovolim
Nofoson Ragobu
Nofoson Sulane
Nofoson Tafum
Nofoson Tebenul
Nofoson Varal
Nogil Nogopegel
Nogil Nubozil
Nogil Sokiketun
Nogil Sudogotul
Nogil Tamim
Nogil Zibugubi
Nogopegel Pavus
Nogopegel Ruliden
Nogopegel Supan
Nogopegel Tuletusan
Nogopegel Zevisa
Nokububos Nuker
Nokububos Titigodu
Nokububos Vedugin
Nokububos Vekox
Nokububos Virefugis
Nokububos Viro
Nokububos Vopiden
Nokububos Zimisufur
Nololun Nurikam
Nololun Piresem
Nololun Pulelon
Nololun Ramepoder
Nololun Ropol
Nololun Roril
Nololun Rozefen
Nololun Satazor
Nololun Sivul
Nololun Sunadodos
Nololun Tilorir
Nololun Tofivukas
Nololun Vazikoma
Nololun Vesuzum
Nomalon Panivirus
Nomalon Pedurinum
Nomalon Ravusato
Nomalon Satazor
Nomalon Sazepa
Nomalon Verem
Nomalon Vibuneves
Nomalon Vopus
Nomasunix Paduvux
Nomasunix Sezorudis
Nomasunix Sovaban
Nomasunix Sovopaben
Nomasunix Suvivolo
Nomasunix Tolokulul
Nomasunix Tumalider
Nomasunix Vibiku
Nomasunix Zapin
Nomegokox Nono
Nomegokox Pilobivu
Nomegokox Punebego
Nomegokox Ribivazox
Nomegokox Rutodim
Nomegokox Ruvupe
Nomegokox Savofan
Nomegokox Tazazan
Nomegokox Tegupox
Nomegokox Telunufom
Nomegokox Voralur
Nomegokox Zulol
Noner Nurex
Noner Rorotesex
Noner Sepiges
Noner Sivotifim
Noner Soril
Noner Teven
Noner Tugas
Noner Vivekur
Noner Volefam
Nono Pogenagis
Nono Posemizox
Nono Rasom
Nono Sodem
Nono Soler
Nono Sukemas
Nono Sumen
Nono Tabafikax
Nono Tomulas
Nono Tudam
Nono Tukaven
Nonokivam Pipedus
Nonokivam Roveso
Nonokivam Sidafunix
Nonokivam Titigodu
Nonokivam Zibu
Nonon Puzapim
Nonon Ravusetal
Nonon Simamim
Nonon Sipodepu
Nonon Tolokulul
Nonon Tubir
Nonon Tudibalux
Nonon Vesuzum
Nonon Zesul
Nopamopux Novilel
Nopamopux Nupo
Nopamopux Romesabel
Nopamopux Similofer
Nopamopux Tukaven
Nopamopux Varesem
Nopamopux Vinofor
Nopamopux Votevam
Nopamopux Zaso
Nopamopux Zuzen
Nopi Pipemubel
Nopi Posemizox
Nopi Ruvolalil
Nopi Sinekokul
Nopi Vifapitix
Nopi Zibu
Nopi Zukigor
Nopim Sugen
Nopim Vedapigox
Nopivopen Piter
Nopivopen Ririgupas
Nopivopen Sumen
Nopivopen Teven
Nopivopen Zavesave
Nopugon Noremer
Nopugon Sisipam
Nopugon Soluva
Nopugon Tabasux
Nopugon Turazavum
Nopugon Zivopos
Nopugon Zovam
Nopun Sefe
Nopun Sokarosol
Nopun Sudasun
Nopun Tazonir
Nopun Tulakuken
Nopun Zebasosur
Nopun Zobasin
Noremer Savofan
Noremer Sigi
Noremer Sufer
Noremer Talis
Noremer Tolokulul
Noremer Venum
Noremer Vibel
Noremer Vifapitix
Noremer Zutanusul
Norenuvox Penerix
Norenuvox Punuzorex
Norenuvox Sedelar
Norenuvox Sipapa
Norenuvox Sudogotul
Norenuvox Vofalisox
Norenuvox Zalilus
Norizevum Rufu
Norizevum Sukagugis
Norizevum Zebarevan
Norizevum Zefofofo
Norizevum Zizifas
Noser Seludisas
Noser Tolokulul
Noser Valobebel
Noser Vatipes
Noser Venebibam
Noser Zebarevan
Noses Pebafasex
Noses Posibedol
Noses Rudix
Noses Savil
Noses Silidunim
Noses Sizapure
Noses Zotazekux
Notidom Pepom
Notidom Raluger
Notidom Sabos
Notidom Silur
Notidom Sovor
Notidom Tafum
Notidom Tepemux
Notidom Timenemir
Notidom Venum
Novado Nufuzuril
Novado Pakipigon
Novado Piriku
Novado Pivur
Novado Pufakom
Novado Ririgupas
Novado Rusix
Novado Savemilim
Novado Vedugin
Novado Vofalisox
Novado Zivopos
Novem Rivopal
Novem Tanitopon
Novem Tiror
Novem Zevox
Novem Zurerupar
Noves Nufanokil
Noves Parelux
Noves Pazusuros
Noves Raseva
Noves Simamim
Noves Sufer
Noves Tatevos
Noves Varazesum
Noves Voralur
Noves Zotazekux
Novilel Rirom
Novilel Sabos
Novilel Tepemux
Novilel Vazakesux
Novilel Vezol
Novilel Virefugis
Novilel Zozo
Novipifim Pipedus
Novipifim Sezarovin
Novipifim Siga
Novipifim Tamefogus
Novipifim Tititan
Novipifim Zizifas
Nozu Pazex
Nozu Sakex
Nozu Savofan
Nozu Siga
Nozu Tolokulul
Nozu Valobebel
Nozu Vefotibir
Nozu Vunevufix
Nozur Refas
Nozur Saputix
Nozur Vinofor
Nozur Zinunin
Nozur Zoton
Nubafimer Rimul
Nubafimer Vaso
Nubozil Nusas
Nubozil Rizax
Nubozil Seridur
Nubozil Vifapitix
Nubozil Vulatada
Nubozil Vutuzis
Nufadabil Nufadam
Nufadabil Putum
Nufadabil Puzedo
Nufadabil Situfones
Nufadabil Sobe
Nufadabil Tetugogon
Nufadabil Zudatorar
Nufadam Nupomum
Nufadam Pusil
Nufadam Ramepoder
Nufadam Saganoser
Nufadam Sipodepu
Nufadam Tunazal
Nufadam Turoronux
Nufadam Volidaze
Nufadam Zilerux
Nufanokil Nuruludun
Nufanokil Rubax
Nufanokil Sapikaful
Nufanokil Tedegofen
Nufanokil Tegupox
Nufanokil Tirumim
Nufanokil Tisirola
Nufibikux Pibuzar
Nufibikux Selir
Nufibikux Simax
Nufibikux Tabomunor
Nufibikux Volepir
Nufibikux Zigox
Nufibikux Zomizus
Nufuzuril Pepin
Nufuzuril Rozon
Nufuzuril Sunigo
Nufuzuril Temamor
Nufuzuril Vesaponil
Nufuzuril Vesuzum
Nufuzuril Voludil
Nufuzuril Vopiden
Nugir Remesum
Nugir Tabomunor
Nugir Turazavum
Nugir Zikarigul
Nugul Pazol
Nugul Ramovin
Nugul Rapam
Nugul Refumam
Nugul Susuvogam
Nugul Tamefogus
Nugul Telinur
Nugul Vazakesux
Nugul Zepimir
Nugul Zumer
Nuker Povefus
Nuker Sofetetem
Nuker Sonugun
Nuker Ziligomin
Nukorabar Remetobon
Nukorabar Roveso
Nukorabar Rozefen
Nukorabar Ruvimukol
Nukorabar Vemorolol
Nukorabar Zakix
Nukorabar Zominam
Nukorabar Zonan
Nulenutox Nuvobem
Nulenutox Pagazosos
Nulenutox Rulel
Nulenutox Vidigix
Nulenutox Vigil
Nulenutox Zuvolex
Nules Palar
Nules Pifar
Nules Ritir
Nules Sedelar
Nules Sivutubis
Nules Tofur
Nules Tutokuzex
Nules Zorusupis
Nulobum Pigusikur
Nulobum Satas
Nulobum Tofivukas
Nulobum Vudofom
Nulobum Zesul
Numekis Ribimazux
Numekis Sese
Numekis Sovetufix
Numekis Supan
Numekis Tifidir
Numekis Tizum
Numekis Zapis
Numekis Zimisufur
Nupo Nusas
Nupo Pogenagis
Nupo Razubis
Nupo Ruvolalil
Nupo Zalupax
Nupomum Nupuden
Nupomum Pezorer
Nupomum Podufosum
Nupomum Pufifam
Nupomum Runar
Nupomum Sogolos
Nupomum Telunufom
Nupomum Verekekol
Nupomum Voralur
Nupomum Zukigor
Nupuden Ribimazux
Nupuden Vamidil
Nupuden Varepirem
Nupuden Vaso
Nupuden Venum
Nupuden Zukem
Nureganor Pedurinum
Nureganor Pipemubel
Nureganor Sebisodis
Nureganor Tulex
Nureganor Tuminafon
Nurex Pigamomis
Nurex Pufakom
Nurex Sugogam
Nurex Vunis
Nurikam Poron
Nurikam Resupum
Nurikam Savovul
Nurikam Vokax
Nurikam Zorisel
Nuruludun Penerix
Nuruludun Popukes
Nuruludun Tatis
Nuruludun Tulex
Nuruludun Vukepis
Nuruludun Vutuzis
Nuruludun Zedipibox
Nuruludun Zegimul
Nuruludun Zotazekux
Nusas Rumuvurun
Nusas Vemorolol
Nusas Vuvaruvun
Nusatipar Pevor
Nusatipar Toliserel
Nusatipar Vidofis
Nusatipar Vudofom
Nusatipar Vukepis
Nusatipar Vupis
Nusatipar Vuram
Nusofisar Peka
Nusofisar Rilas
Nusofisar Rusix
Nusofisar Timokax
Nusofisar Tokufer
Nusofisar Tover
Nusofisar Vozapar
Nusofisar Zivex
Nusom Pina
Nusom Romovem
Nusom Ruzekelox
Nusom Surorex
Nusom Togazevos
Nusux Putafu
Nusux Subufufu
Nusux Tudam
Nusux Vofes
Nusux Zibugubi
Nutotas Punuzorex
Nutotas Ramil
Nutotas Resovom
Nutotas Sepomos
Nutotas Telum
Nutotas Vufagix
Nutotas Zuvolex
Nuvobem Sasadon
Nuvobem Sobafepox
Nuvobem Tenis
Nuvobem Tunox
Nuvobem Zasuvuben
Nuvobem Zeman
Nuvobem Zitebim
Nuzafol Pazimes
Nuzafol Pisebupin
Nuzafol Sakex
Nuzafol Valobebel
Nuzafol Vuzazelir
Nuzafol Zibadox
Nuzafol Zinunin
Nuzox Zaza
Nuzox Zokanal
Nuzox Zudatorar
Pabutudex Piresem
Pabutudex Pomegal
Pabutudex Rasom
Pabutudex Sunadodos
Pabutudex Tirumim
Pabutudex Vigeserim
Pabutudex Zibugubi
Paduvux Sasadon
Paduvux Savemilim
Paduvux Sipapa
Paduvux Tenis
Paduvux Tofivukas
Paduvux Tulex
Paduvux Vedapigox
Paduvux Zapama
Paduvux Zonan
Pafotex Ragobu
Pafotex Satazor
Pafotex Sevol
Pafotex Sovetufix
Pafotex Tuminafon
Pafotex Zorisel
Pafotex Zukigor
Pagazosos Tomivoko
Pagazosos Volepir
Pagazosos Vunegax
Pagazosos Zapex
Pagazosos Zesul
Pagomor Pedurinum
Pagomor Podedil
Pagomor Pudon
Pagomor Reraturo
Pagomor Sonomoles
Pagomor Supotam
Pagomor Tabasux
Pagomor Vavum
Pagomor Veban
Pagomor Vidofis
Pagomor Vuboror
Pagux Puzedo
Pagux Ragisen
Pagux Sukemas
Pagux Tazifuge
Pagux Tomivoko
Pagux Zebasosur
Pakipigon Palar
Pakipigon Piriku
Pakipigon Ramen
Pakipigon Sakex
Pakipigon Sovapusox
Pakipigon Sufir
Pakipigon Tetugogon
Pakipigon Vigavimem
Palar Poven
Palar Zominam
Panivirus Reduvana
Panivirus Sikal
Panivirus Sogolos
Panivirus Tazedo
Panivirus Vavum
Papix Roveso
Papix Taremal
Papix Virus
Papix Vukarisex
Papix Vuzazelir
Papix Zitebim
Papix Zofugebem
Papix Zotazekux
Papox Pusil
Papox Sudasun
Papox Terubabi
Papox Varepirem
Papox Varugefol
Papox Vukalalux
Paran Pomegal
Paran Reduvana
Paran Retem
Paran Sepiges
Paran Soluva
Paran Venebibam
Paran Vulikus
Paravax Puver
Paravax Puzedo
Paravax Ruzin
Paravax Sekuro
Paravax Somamir
Paravax Titigodu
Paravax Togofam
Parelux Sivozol
Parelux Sume
Parelux Tiras
Parelux Tofozar
Parelux Zapin
Parelux Zebu
Parelux Zemosaram
Parox Pebukas
Parox Posibedol
Parox Ranokis
Parox Similofer
Parox Sotononum
Parox Zoker
Parox Zuvolex
Parugen Rulafor
Parugen Silol
Parugen Sulikedis
Parugen Tatevos
Parugen Tugin
Parugen Vigil
Parugen Zigox
Patanuvol Peder
Patanuvol Resovom
Patanuvol Revozulu
Patanuvol Sevudozal
Pavidu Pipemubel
Pavidu Rozon
Pavidu Sarazas
Pavidu Satas
Pavidu Vagum
Pavidu Vibigenal
Pavidu Vopuravis
Pavidu Vozapar
Pavidu Zonan
Pavogor Peka
Pavogor Pezorer
Pavogor Pulelon
Pavogor Rorotesex
Pavogor Sedelar
Pavogor Suvo
Pavogor Tovumex
Pavogor Tulex
Pavogor Tusam
Pavus Ribimazux
Pavus Rizegumor
Pavus Sebisodis
Pavus Tomivoko
Pavus Venazadun
Pavus Zalodepen
Pazen Pona
Pazen Tubir
Pazex Sofafavom
Pazex Sokarosol
Pazex Sunigo
Pazex Tamim
Pazimes Pesaruder
Pazimes Rotu
Pazimes Rulel
Pazimes Sotononum
Pazimes Tepemux
Pazimes Topalazil
Pazimes Torafoval
Pazimes Tumalider
Pazimes Verekekol
Pazimes Vulikus
Pazimes Zunex
Pazol Pedafux
Pazol Pirex
Pazol Pomegal
Pazol Reraruvol
Pazol Romaves
Pazol Totanafe
Pazol Vuboror
Pazol Zudan
Pazusuros Pezeganum
Pazusuros Rifor
Pazusuros Rumuvurun
Pazusuros Sidafunix
Pazusuros Tizem
Pazusuros Zurerupar
Pebafasex Sivul
Pebukas Pifetem
Pebukas Pomapoku
Pebukas Putafu
Pebukas Rofun
Pebukas Sapomufon
Pebukas Sulen
Pebukas Tiragir
Pebukas Topox
Pebukas Vibigenal
Pebukas Vofalisox
Pebukas Zusupiger
Pedafux Pivomox
Pedafux Rakezavar
Pedafux Risatosim
Pedafux Sivinofam
Pedafux Tesupifel
Pedafux Tonuroron
Pedafux Torafoval
Pedafux Vapur
Pedafux Vemetos
Pedafux Vugulon
Pedafux Zotazekux
Peder Pezuzosa
Peder Pipedus
Peder Rilas
Peder Saputon
Peder Tabafikax
Peder Vigem
Peder Zabu
Pedurinum Sapomufon
Pedurinum Sedezin
Pedurinum Totisovas
Pedurinum Tulex
Pedurinum Vepem
Pedurinum Vibuneves
Pedurinum Viro
Pedurinum Vozikegem
Pedurinum Zubiribel
Pegizar Pepobemer
Pegizar Sipodepu
Pegizar Tudibalux
Pegizar Tunazal
Pegizar Vedinun
Pegizar Zazos
Pegizar Zupapolo
Pegizorun Ravusato
Pegizorun Sibiso
Pegizorun Sinavizem
Pegizorun Totar
Pegizorun Tugasazux
Peka Rubax
Peka Tetopefan
Peka Volefam
Peka Volidaze
Peka Vopus
Peka Zadidux
Peka Zodofom
Peka Zominam
Penerix Rerosikar
Penerix Sezorudis
Penerix Soneras
Penerix Velata
Penerix Vepezano
Penerix Zazos
Penerix Zetedil
Pepezines Satazor
Pepezines Sokikan
Pepezines Tanal
Pepezines Vibel
Pepezines Zesulebal
Pepezines Zozo
Pepil Ririgupas
Pepil Risatosim
Pepil Sibiso
Pepil Sunadodos
Pepil Supotam
Pepil Terubabi
Pepil Tetopefan
Pepil Valul
Pepin Tamim
Pepin Vadopupis
Pepin Varesem
Pepin Zekusal
Pepin Zinunin
Pepin Zobasin
Pepin Zofum
Pepin Zumos
Pepix Piresem
Pepix Sonomoles
Pepix Sufir
Pepix Tazomovom
Pepix Tubir
Pepix Varugefol
Pepix Vibuneves
Pepix Vifapitix
Pepix Zebasosur
Pepobemer Pevor
Pepobemer Pina
Pepobemer Pudon
Pepobemer Saputon
Pepobemer Vuloban
Pepom Posibedol
Pepom Rotovos
Pepom Sosoger
Pepom Sotux
Pepom Tokulupox
Pepom Vunibur
Pepom Zorusupis
Pesarolen Pusus
Pesarolen Sarazas
Pesarolen Semuvar
Pesarolen Totar
Pesarolen Vapur
Pesarolen Visor
Pesarolen Zaso
Pesarolen Ziligeges
Pesaruder Pufifam
Pesaruder Puzapim
Pesaruder Tiragir
Pesaruder Vefovibi
Pesaruder Vetanel
Pesaruder Vurubegox
Pesaruder Ziligeges
Petotin Savemilim
Petotin Sazepa
Petotin Sobafepox
Petotin Tabomunor
Petotin Tudam
Petotin Vifapitix
Petotin Virefugis
Petotin Virus
Petotin Vufinil
Petotin Zaso
Petotin Zedipibox
Petotin Ziloneden
Petotin Zisis
Pevor Pogenagis
Pevor Sosoger
Pevor Tunox
Pevor Zabodes
Pevor Zumos
Pezan Rofun
Pezan Satozo
Pezan Sivozol
Pezan Tesupifel
Pezan Tetopefan
Pezeganum Porusem
Pezeganum Sokarosol
Pezeganum Somegabax
Pezeganum Sukemas
Pezeganum Sulikedis
Pezeganum Titigodu
Pezeganum Tudibalux
Pezeganum Vulikus
Pezorer Pidedem
Pezorer Ronux
Pezorer Zogovolim
Pezuzosa Pibuzar
Pezuzosa Sosoger
Pezuzosa Telum
Pezuzosa Vedugin
Pezuzosa Zabodes
Pibos Sulane
Pibos Sume
Pibos Vilivukir
Pibos Zaza
Pibuzar Sezorudis
Pibuzar Somegabax
Pibuzar Sufir
Pibuzar Tunox
Pibuzar Voralur
Pibuzar Zonan
Pibuzar Zorusupis
Pidedem Sizapure
Pidedem Zodofom
Pifar Pimirum
Pifar Pogenagis
Pifar Pufepares
Pifar Punebego
Pifar Ruvimukol
Pifar Selir
Pifar Tizum
Pifar Vavum
Pifar Vosel
Pifetem Satazor
Pifetem Vidigix
Pifetem Virefugis
Pifetem Vokax
Pifetem Zalodepen
Pifetem Zorevevir
Pigamomis Sedus
Pigamomis Sobe
Pigamomis Vigavimem
Pigamomis Zemon
Pigamomis Zilex
Pigamomis Zoker
Pigefoni Rikil
Pigefoni Risom
Pigefoni Ruvupe
Pigefoni Sekaroson
Pigefoni Varepirem
Pigefoni Vetanel
Pigefoni Vuvar
Pigefoni Vuvux
Pigusikur Ralokas
Pigusikur Rusix
Pigusikur Tagalobox
Pigusikur Tamefogus
Pilisogax Risatosim
Pilisogax Tegupox
Pilisogax Tematumor
Pilisogax Timenemir
Pilisogax Tofivukas
Pilisogax Vefotibir
Pilobivu Reduvana
Pilobivu Sasadon
Pilobivu Tudam
Pilobivu Verem
Pilobivu Zaduful
Pilobivu Zazines
Pilobivu Zodofom
Pilobivu Zokivel
Pimirum Pune
Pimirum Resovom
Pimirum Totanos
Pimirum Vuram
Pimirum Zapama
Pimirum Zitebim
Pimirum Zopefan
Pimirum Zudador
Pimom Rifipizux
Pimom Ririgupas
Pimom Seludisas
Pimom Sezarovin
Pimom Sivul
Pimom Taremal
Pimom Teven
Pimom Zapama
Pimom Zumer
Pina Pivomox
Pina Rupodeme
Pina Tomulas
Pina Topalazil
Pina Vunis
Pinaboli Razubis
Pinaboli Sedus
Pinaboli Teven
Pinaboli Tofozar
Pinaboli Vunol
Pinaboli Zegevodux
Pipedus Pirex
Pipedus Ragisen
Pipedus Sinavizem
Pipedus Vofalisox
Pipedus Vukepis
Pipemubel Rizegumor
Pipemubel Roveran
Pipemubel Ruvimukol
Pipemubel Sidafunix
Pipemubel Tabomunor
Pipemubel Visor
Pipemubel Vurudu
Piresem Punebego
Piresem Remetobon
Piresem Risugel
Piresem Savalon
Piresem Tores
Piresem Zipovoros
Pirex Rasidul
Pirex Rolibix
Pirex Ropol
Pirex Rulan
Pirex Rulel
Pirex Suru
Pirex Titesin
Pirex Vemona
Pirex Vilivukir
Piriku Pona
Piriku Rugam
Piriku Silol
Piriku Zupitepum
Piros Robiviker
Piros Vemidi
Piros Vifom
Piros Vovudofux
Piros Vutor
Piros Zurerupar
Pisebupin Potolalol
Pisebupin Rumuvurun
Pisebupin Semer
Pisebupin Sinozivun
Pisebupin Supan
Pisebupin Tavanum
Pisebupin Toliserel
Pisebupin Tuminafon
Pisebupin Zagukozar
Pisebupin Zavus
Pisebupin Zunex
Pisol Puzux
Pisol Reduvana
Pisol Sodem
Pisol Tukibos
Pisol Vofalisox
Pisol Zaratezis
Pisol Zekerar
Pisurur Ralatagu
Pisurur Sazepa
Pisurur Sebokilal
Pisurur Supotam
Pisurur Vepem
Pisurur Vivekur
Pisurur Zunebitix
Piter Rakezavar
Piter Rugika
Piter Senum
Piter Sogokikem
Piter Vamevosol
Piter Zibadox
Piter Zosuvode
Pivomox Rirom
Pivomox Sabezopar
Pivomox Sagape
Pivomox Sepogoges
Pivomox Sosidefar
Pivomox Tuvor
Pivomox Vadulumal
Pivomox Vurudu
Pivur Sigivivom
Pivur Sufer
Pivur Tilorir
Pivur Zapin
Pivur Zepimir
Pivur Zomizus
Podedil Ronux
Podedil Rulel
Podedil Sogazoki
Podedil Vuram
Podedil Ziligeges
Podedil Zomizus
Podufosum Pulovex
Podufosum Somegabax
Podufosum Tutokuzex
Podufosum Vemorolol
Podufosum Zuzodilem
Pofemon Ramepoder
Pofemon Rikil
Pofemon Teven
Pofemon Vako
Pofemon Zufi
Pofotis Ratefix
Pofotis Tudibalux
Pofotis Zerex
Pofotis Ziladoben
Pogenagis Robiviker
Pogenagis Rutodim
Pogenagis Sekuro
Pogenagis Sofetetem
Pogenagis Taremal
Pogenagis Vadopupis
Pokepur Posopufi
Pokepur Ralunar
Pokepur Sumen
Pokilis Talis
Pokilis Tidozilen
Pokilis Totanafe
Pokilis Varal
Pokilis Vukarisex
Pokilis Ziloneden
Pokilis Zutanusul
Polalagur Sunadodos
Polalagur Tesupifel
Polalagur Vulikus
Polalagur Vurubegox
Pomapoku Rasidul
Pomapoku Rasom
Pomapoku Regevi
Pomapoku Tover
Pomapoku Voludil
Pomapoku Zaratezis
Pomapoku Zeman
Pomegal Ramil
Pomegal Rifor
Pomegal Sokiketun
Pomegal Tolonofal
Pomegal Torezel
Pomegal Vazakesux
Pomegal Ziligomin
Pona Putafu
Pona Sosidefar
Pona Sosoger
Pona Tores
Pona Zagor
Pona Zozagin
Pona Zugur
Ponim Pulunis
Ponim Ralatagu
Ponim Sivax
Ponim Ziloneden
Ponum Tegupox
Ponum Tuletusan
Ponum Vunegax
Ponum Zemosaram
Popomutom Pusil
Popomutom Puzapim
Popomutom Ralabor
Popomutom Ralokas
Popomutom Tiras
Popomutom Tudam
Popomutom Vesetonul
Popomutom Zasusix
Popukes Putum
Popukes Sipubobil
Popukes Sodem
Poron Porusem
Poron Posibedol
Poron Rutodim
Poron Soril
Poron Taremal
Poron Tonom
Poron Turisa
Poron Zegukim
Poron Zevisa
Porusem Sinozivun
Porusem Sobefola
Porusem Vonutapor
Porusem Vugulon
Porusem Zafapu
Porusem Zedipibox
Posemizox Rifor
Posemizox Rilas
Posemizox Savil
Posemizox Tetugogon
Posemizox Vapavigil
Posemizox Zonan
Posibedol Sapo
Posibedol Sigivivom
Posibedol Zunebitix
Posokumel Risom
Posokumel Simamim
Posokumel Sivutubis
Posokumel Sukinix
Posokumel Telunufom
Posokumel Tetobu
Posopufi Rorotesex
Posopufi Sapikaful
Posopufi Sezorudis
Posopufi Tarodotom
Posopufi Vanivu
Posopufi Volotokim
Posopufi Zekefir
Potolalol Ragisen
Potolalol Resupum
Potolalol Tuminafon
Potolalol Turisa
Potolalol Zabodes
Potolalol Zatabox
Potolalol Zebasosur
Potolalol Zekerar
Povefus Pusus
Povefus Sibiso
Povefus Sipapa
Povefus Vepezano
Povefus Vidofis
Povefus Vufil
Povefus Zamatu
Povefus Zapex
Poven Renekix
Poven Tafum
Poven Tulex
Poven Vekis
Poven Vemorolol
Poven Zobasin
Pudon Sekaroson
Pudon Serogamux
Pudon Sufir
Pudon Tulex
Pudon Vuluvivem
Pudon Zovax
Pufakom Revozulu
Pufakom Rezegos
Pufakom Rotu
Pufakom Tirumim
Pufakom Zesul
Pufepares Renekix
Pufepares Susuvogam
Pufepares Tugin
Pufepares Ziligeges
Pufepares Zozagin
Pufer Sakex
Pufer Sigivivom
Pufer Sotolezal
Pufer Tosumidix
Pufer Vizemin
Pufer Zeve
Pufifam Pulovex
Pufifam Sapikaful
Pufifam Sipapa
Pufifam Temamor
Pufifam Tenis
Pufifam Valobebel
Pufifam Vedanuta
Pufifam Vefovibi
Pufifam Vutuzis
Pufifam Zasis
Pukakex Rubax
Pukakex Teven
Pukakex Vuluvivem
Pukakex Zara
Pukakex Zemosaram
Pukakex Zodofom
Pukakex Zumavaves
Pukakex Zuzen
Pulelon Tuletusan
Pulelon Vidigix
Pulelon Zivopos
Pulelon Zunex
Pulovex Sizapure
Pulovex Sobefola
Pulovex Tonuroron
Pulovex Vebex
Pulovex Votulalol
Pulovex Zeman
Pulunis Vepem
Pulunis Zasis
Pune Ridomim
Pune Tetugogon
Pune Tolokulul
Pune Vedapigox
Pune Vimarox
Pune Zapefas
Punebego Tetobu
Punebego Torafoval
Punebego Zupapolo
Punuzorex Ragisen
Punuzorex Ragobu
Punuzorex Rasom
Punuzorex Rikil
Punuzorex Rozefen
Punuzorex Tovumex
Punuzorex Vibigenal
Punuzorex Vivekur
Pupin Ragisen
Pupin Reduvana
Pupin Ridomim
Pupin Sakex
Pupin Sivul
Pupin Teven
Pupin Tomulas
Pupin Vebex
Pupin Zalodepen
Pusil Puzapim
Pusil Rerosikar
Pusil Rulel
Pusil Sufir
Pusil Tetopefan
Pusil Vimarox
Pusil Virefugis
Pusil Zasubun
Pusil Zebasosur
Pusil Zivopos
Pusus Ribuzan
Pusus Sidun
Pusus Zilex
Pusus Zutigarul
Putafu Rikur
Putafu Savovul
Putafu Tonofore
Putafu Vinofor
Putum Refumam
Putum Regevi
Putum Rukex
Putum Ruliden
Putum Tebenul
Putum Vemorolol
Putum Zedipibox
Putum Zofum
Puver Ropipel
Puver Ruvupe
Puver Sezorudis
Puver Sozadax
Puver Sufir
Puver Sunigo
Puver Virefugis
Puver Zumer
Puzapim Sivozol
Puzapim Tafum
Puzapim Timi
Puzapim Tiras
Puzapim Tokufer
Puzapim Vebex
Puzapim Zesul
Puzedo Rozon
Puzedo Rumubudan
Puzedo Zumavaves
Puzix Sufir
Puzix Sunigo
Puzix Tamim
Puzix Tokulupox
Puzix Zabanin
Puzix Zasis
Puzux Ragisen
Puzux Sivutubis
Puzux Zudan
Rafakisex Rovozukin
Rafakisex Sotononum
Rafakisex Sulen
Rafakisex Totisovas
Rafakisex Tover
Rafakisex Zemon
Rafakisex Zigal
Ragex Rubax
Ragex Volotokim
Ragex Zakepelor
Ragex Zupesorox
Ragisen Tiragir
Ragisen Tokulupox
Ragisen Visor
Ragisen Zapefas
Ragisen Zegimul
Ragobu Sopir
Ragobu Togofam
Ragobu Verem
Ragobu Zazafeves
Ragor Ririgupas
Ragor Similofer
Ragor Vagum
Ragor Zapama
Rakezavar Subufufu
Rakezavar Tamim
Rakezavar Vunix
Rakezavar Vuvux
Rakezavar Zegimul
Rakezavar Zukigor
Rakokes Remavar
Rakokes Reraruvol
Rakokes Runonemin
Rakokes Tepemux
Rakokes Timokax
Rakokes Vofalisox
Rakokes Zapama
Ralatagu Surorex
Ralatagu Tudibalux
Ralatagu Vekedax
Ralatagu Zimisufur
Ralatagu Zine
Ralokas Ropal
Ralokas Rutetam
Ralokas Sivul
Ralokas Vesuzum
Ralokas Vukarisex
Ralokas Zekusal
Ralokas Zozagin
Ralon Risom
Ralon Rizax
Ralon Sasadon
Ralon Sipapa
Ralon Timi
Ralon Vulatada
Ralon Zaso
Ralon Zutanusul
Ralozaba Sepogoges
Ralozaba Sobafepox
Ralozaba Vapavigil
Ralozaba Vibel
Ralozaba Zonan
Raluger Romovem
Raluger Sidulakom
Raluger Sobe
Raluger Sogolos
Raluger Venum
Raluger Ziligomin
Raluger Zubim
Ralunar Tafum
Ralunar Tepum
Ralunar Venum
Ralunar Vibigenal
Ralunar Vosel
Ralunar Vunevufix
Ramen Rigukax
Ramen Rodo
Ramen Rufu
Ramen Tulakuken
Ramen Venebibam
Ramepoder Sumegibil
Ramepoder Vigem
Ramepoder Zuner
Ramil Ronux
Ramil Tekom
Ramil Zalilus
Ramil Zusupiger
Ramon Ranokis
Ramon Ribuzan
Ramon Sofuban
Ramon Tabafikax
Ramon Tukaven
Ramovin Retem
Ramovin Rezegos
Ramovin Ribem
Ramovin Rufu
Ramovin Sazon
Ramovin Sebisodis
Ramovin Sidun
Ramovin Tofozar
Ramovin Zakix
Ramovin Ziligomin
Ranokis Resovom
Ranokis Rokal
Ranokis Rukex
Ranokis Sumudubos
Ranokis Valanumi
Ranokis Vifapitix
Ranokis Zasuvuben
Ranokis Zotazekux
Ranokis Zudador
Rapam Ribem
Rapam Ridobufel
Rapam Salaser
Rapam Tuvor
Rapam Veban
Rapam Vesaponil
Rapam Vesetonul
Rapam Zilerux
Raseva Ribivazox
Raseva Ritos
Raseva Sapikaful
Raseva Sumen
Raseva Sumudubos
Raseva Zadofin
Raseva Zebasosur
Raseva Zodofom
Raseva Zupesorox
Rasidul Silol
Rasidul Sogolos
Rasidul Sugux
Rasidul Suvivolo
Rasidul Vigeserim
Rasidul Vorox
Rasidul Zabodes
Rasidul Zadidux
Rasidul Zakepelor
Rasidul Zegevodux
Rasitus Soneras
Rasitus Sotolezal
Rasitus Varazesum
Rasitus Vedugin
Rasom Rivopal
Rasom Vefotibir
Rasom Zorevevir
Ratefix Sebokopon
Ratefix Tuletusan
Ratefix Zasusix
Ratefix Zoton
Ravusato Savil
Ravusato Zadofin
Ravusetal Rikur
Ravusetal Rofun
Ravusetal Rupodeme
Ravusetal Sugen
Ravusetal Sumudubos
Ravusetal Vedapigox
Ravusetal Vosel
Ravusetal Zotekul
Ravusetal Zuvolex
Razubis Sepogoges
Razubis Tuletusan
Razubis Zapin
Rebenido Sevudozal
Rebenido Sulikedis
Rebenido Tofur
Rebenido Tovumex
Rebenido Vurudu
Rebupokos Remesum
Rebupokos Saganoser
Rebupokos Silidunim
Rebupokos Vibiku
Rebupokos Zuzodilem
Reduvana Robiviker
Reduvana Zivex
Refas Ribem
Refas Sese
Refas Silidunim
Refas Tititan
Refas Vulikus
Refas Zusupiger
Refumam Rukizox
Refumam Varesem
Refumam Vivipabus
Refumam Vuvux
Refumam Zudar
Regevi Satas
Regevi Savalon
Regevi Sukagugis
Regevi Sukinix
Regevi Tetugogon
Regevi Togazevos
Regevi Vinofor
Regevi Zekusal
Regevi Zonamom
Regevi Zupitepum
Rekor Senum
Rekor Sivotifim
Rekor Sovor
Rekor Supan
Rekor Taduduzim
Rekor Tegupox
Rekor Zekusal
Relun Ridomim
Relun Rimul
Relun Siga
Relun Valul
Relun Vamevosol
Relun Vunegax
Relun Zaso
Relun Zavilire
Remavar Reraturo
Remavar Rovozukin
Remavar Sabos
Remavar Sikul
Remavar Tenumizex
Remavar Tiragir
Remavar Zilul
Remavar Zorusupis
Remesum Sepomos
Remesum Sezorudis
Remesum Vadulumal
Remesum Vedapigox
Remesum Vunevufix
Remesum Zuzodilem
Remetobon Rizegumor
Remetobon Tomivoko
Remetobon Tovumex
Remetobon Zapama
Remetobon Zasuvuben
Remetobon Zibugubi
Reminasin Ruzin
Reminasin Sobafepox
Reminasin Varepirem
Reminasin Vatipes
Reminasin Zudar
Remosus Ropol
Remosus Sigivivom
Remosus Topalazil
Remosus Vidigix
Remosus Zabodes
Renekix Sasadon
Renekix Sonomoles
Renekix Tisomufol
Renekix Tizem
Renekix Vekipebar
Renekix Vivipabus
Renekix Volotokim
Reraruvol Rofun
Reraruvol Rozon
Reraruvol Tazazan
Reraruvol Tumalider
Reraturo Sepomos
Reraturo Simamim
Reraturo Tutokuzex
Reraturo Vedinun
Reraturo Vonutapor
Reraturo Vunis
Rerosikar Retem
Rerosikar Rotovos
Rerosikar Semer
Resovom Rikil
Resovom Rorebul
Resovom Ruvolalil
Resovom Sidafunix
Resovom Vadulumal
Resovom Vurudu
Resovom Zegevodux
Resupum Runar
Resupum Sumegibil
Resupum Vamidil
Resupum Vazum
Resupum Venebibam
Resupum Vofes
Retem Sukinix
Retem Tores
Retem Vepem
Retem Vesuzum
Retem Zisis
Retem Zorevevir
Retem Zumezal
Revozulu Ribivazox
Revozulu Sezorudis
Revozulu Silidunim
Revuvol Rolul
Revuvol Rutodim
Revuvol Tazonir
Revuvol Tomivoko
Revuvol Topox
Rezegos Romesabel
Rezegos Tofur
Rezegos Vanivu
Rezegos Virefugis
Rezegos Viro
Rezegos Vufagix
Rezegos Vufil
Rezegos Zavus
Rezegos Zipovoros
Rezegos Zuvolex
Ribem Semuvar
Ribem Sezorudis
Ribem Zulol
Ribimazux Senum
Ribimazux Valanumi
Ribimazux Vulikus
Ribimazux Vutuzis
Ribimazux Zebu
Ribivazox Situfones
Ribivazox Sosoger
Ribivazox Supotam
Ribivazox Tamazir
Ribivazox Tazax
Ribivazox Vepezano
Ribivazox Zemon
Ribivazox Zepimir
Ribivazox Zogovolim
Ribuzan Rulafor
Ribuzan Runonemin
Ribuzan Rutodim
Ribuzan Sikul
Ribuzan Tisirola
Ribuzan Tisomufol
Ribuzan Toris
Ribuzan Tuvor
Ribuzan Vamevosol
Ribuzan Vulikus
Ribuzan Zine
Ribuzan Zivopos
Ridobufel Rulan
Ridobufel Tomulas
Ridobufel Zodofom
Ridomim Rirom
Ridomim Romovem
Ridomim Sukemas
Ridomim Vinofor
Ridomim Zamatu
Ridomim Zukem
Rifipizux Siga
Rifipizux Sipubobil
Rifipizux Tutokuzex
Rifipizux Veres
Rifor Sunerugu
Rifor Tepum
Rifor Tulex
Rifor Tusululin
Rifor Virefugis
Rifor Zogovolim
Rifor Zubiribel
Rigole Sazon
Rigole Sobefola
Rigole Sofadul
Rigole Topox
Rigole Vekox
Rigole Zibugubi
Rigole Zisis
Rigole Zuki
Rigukax Sarazas
Rigukax Sezorudis
Rigukax Sotolezal
Rigukax Tavanum
Rigukax Vepezano
Rigukax Zupitepum
Rikil Sisipam
Rikil Sumudubos
Rikil Tatis
Rikil Vagum
Rikil Vezol
Rikil Vufinil
Rikil Vuni
Rikur Rodo
Rikur Rugam
Rikur Samogisum
Rikur Similofer
Rikur Sudagin
Rikur Sulikedis
Rikur Suvivolo
Rikur Tanal
Rikur Tinadivom
Rikur Virefugis
Rikur Vofes
Rikur Volepir
Rikur Zabanin
Rikur Zavesave
Rikur Zebarevan
Rilas Ripevu
Rilas Ropipel
Rilas Sukemas
Rilas Teruluros
Rilas Turoronux
Rilas Varepirem
Rilas Verem
Rilatidal Ropipel
Rilatidal Tanitopon
Rilatidal Zopefan
Rimul Sekuro
Rimul Sokikan
Rimul Sotononum
Rimul Sovor
Rimul Subufufu
Rimul Sugen
Rimul Susuvogam
Rimul Vigavimem
Rimul Zavus
Rinovas Ruvupe
Rinovas Tebenul
Rinovas Tutokuzex
Rinovas Vedanuta
Ripevu Sugux
Ripevu Supan
Ripevu Verem
Ripevu Vibigenal
Ripevu Vufinil
Ripevu Zabodes
Ripevu Zadura
Ripevu Zalilus
Ripevu Zumos
Ririgupas Rizegumor
Ririgupas Sonomoles
Ririgupas Tekom
Ririgupas Tugas
Ririgupas Varazesum
Ririgupas Zefofofo
Rirom Romovem
Rirom Somamir
Rirom Vemorolol
Rirom Zamatu
Rirom Zobasin
Rirom Zunebitix
Risatosim Ruzekelox
Risatosim Solige
Risatosim Teruluros
Risatosim Vivipabus
Risatosim Zokanal
Risom Rugam
Risom Senum
Risom Tabasux
Risom Tafum
Risom Ziligeges
Risom Zufi
Risugel Ruvupe
Risugel Sasadon
Risugel Sonomoles
Risugel Sutum
Risugel Volefam
Risugel Voludil
Risugel Zodofom
Ritir Rukizox
Ritir Rumuvurun
Ritir Sukemas
Ritir Tepemux
Ritir Zavilire
Ritir Zazos
Ritir Zimisufur
Ritir Zutanusul
Ritos Ropipel
Ritos Togazevos
Ritos Vazakesux
Ritos Venebibam
Ritos Virus
Ritos Zadidux
Ritos Zasusix
Rivem Rozon
Rivem Selir
Rivem Sufer
Rivem Zemon
Rivem Zibu
Rivopal Siduvir
Rivopal Vibiku
Rivopal Zekefir
Rivopal Zekusal
Rizax Rofun
Rizax Rukizox
Rizax Silur
Rizax Tudam
Rizax Vaso
Rizax Zumos
Rizegumor Sigivivom
Rizegumor Vazus
Rizegumor Vepem
Rizegumor Vofokux
Rizegumor Vukalalux
Rizegumor Zalitofis
Rizegumor Zanopis
Rizegumor Zapis
Rizusape Sebisodis
Rizusape Totar
Rizusape Vagatokir
Rizusape Vopus
Robiviker Sufir
Robiviker Tofivukas
Robiviker Vidofis
Robiviker Zapefas
Rodo Rurovax
Rodo Tovumex
Rodo Vonizar
Rodo Vuluvivem
Rodo Zipovoros
Rofogazun Sebokopon
Rofogazun Zalupax
Rofun Sudogotul
Rofun Sunigo
Rofun Tanal
Rofun Vupinofim
Rofun Zilul
Rokal Virefugis
Rokipobor Sogax
Rokipobor Sudagin
Rokipobor Tomulas
Rokipobor Veres
Rolibix Susaludus
Rolibix Teven
Rolibix Tinadivom
Rolibix Vigavimem
Rolibix Zupitepum
Rolul Rugam
Rolul Sabezopar
Rolul Sese
Rolul Tatevos
Rolul Zemon
Rolul Zitebim
Rolul Zokivel
Romaves Rumubudan
Romaves Sekuro
Romaves Sibiso
Romaves Titigodu
Romaves Zubim
Romesabel Semer
Romesabel Vagatokir
Romesabel Vovudofux
Romesabel Vuram
Romovem Ropipel
Ronobil Tagalobox
Ronobil Tepum
Ronobil Tover
Ronobil Zekerar
Ronuvom Saputon
Ronuvom Verekekol
Ronuvom Zagukozar
Ronuvom Zibugubi
Ronuvom Zoper
Ronuvom Zoton
Ronux Sekuro
Ronux Sotononum
Ronux Zalitofis
Ropal Siga
Ropal Vatal
Ropal Vopuravis
Ropal Zasuvuben
Ropal Zotemukux
Ropipel Rozon
Ropipel Teven
Ropipel Tukox
Ropipel Vavum
Ropipel Volepir
Ropol Rumuvurun
Ropol Sofafavom
Ropol Tafum
Ropol Tarodotom
Ropol Zivopos
Rorebul Sidulakom
Rorebul Topalazil
Rorebul Zesor
Roril Toris
Roril Zevox
Roril Zumos
Rorotesex Sevudozal
Rorotesex Sosoger
Rorotesex Sotux
Rorotesex Tamazir
Rorotesex Zebu
Rorotesex Zigox
Rorotesex Zunex
Rotovos Runar
Rotovos Sidun
Rotovos Sumen
Rotovos Tavanum
Rotovos Vigeserim
Rotovos Zilerux
Rotovos Zukigor
Rotovos Zutanusul
Rotu Rumuvurun
Rotu Sepogoges
Rotu Tonom
Rotu Tugasazux
Rotu Vadopupis
Rotu Zibadox
Roveran Sosem
Roveran Tetopefan
Roveran Toliserel
Roveran Verem
Roveran Votevam
Roveran Zovax
Roveran Zuner
Roveso Sotononum
Roveso Tunox
Roveso Vedugin
Roveso Zibu
Rovozukin Tabasux
Rovozukin Tesupifel
Rovozukin Vazum
Rovozukin Vedapigox
Rovozukin Vuloban
Rovozukin Zudatorar
Rozefen Sipodepu
Rozefen Supan
Rozefen Zasuvuben
Rozon Sigivivom
Rozon Sulemas
Rozon Tetetomax
Rozon Tiragir
Rozon Valul
Rozon Varesem
Rozon Zelu
Rubax Sebibax
Rubax Simamim
Rubax Tizum
Rubax Tukox
Rubax Vepem
Rubax Vozapar
Rubax Vuboror
Rubax Zilerux
Ruberer Rulan
Ruberer Sugux
Ruberer Tabomunor
Ruberer Tirumim
Ruberer Tomivoko
Ruberer Zunebitix
Rudix Sulane
Rudix Vifapitix
Rudix Vofes
Rudix Zivil
Rufu Savofan
Rufu Timi
Rufu Titigodu
Rufu Vuvaruvun
Rufu Zadura
Rufu Zasis
Rugam Sivul
Rugam Sogazoki
Rugam Susaludus
Rugam Tuletusan
Rugam Vugulon
Rugika Silol
Rugika Telerux
Rugika Teveberas
Rugika Tover
Rugika Zalodepen
Rukex Sepiges
Rukex Temamor
Rukex Togofam
Rukex Zapex
Rukex Zesul
Rukex Zitebim
Rukizox Sobefola
Rukizox Vefotibir
Rukizox Votevam
Rukizox Zaduful
Rulafor Sikal
Rulafor Tepum
Rulafor Tofur
Rulafor Zekusal
Rulafor Zonan
Rulan Siliren
Rulan Tafum
Rulan Telerux
Rulan Varal
Rulan Zemosaram
Rulan Zotekul
Rulel Somegabax
Rulel Tamim
Rulel Vazikoma
Rulel Vivipabus
Rulel Votulalol
Ruliden Tamefogus
Ruliden Tazifuge
Ruliden Turazavum
Ruliden Vuluvivem
Ruliden Zetedil
Ruliden Zorevevir
Rumubudan Sebisodis
Rumubudan Turazavum
Rumubudan Vunutufum
Rumubudan Zadofin
Rumuvurun Tusam
Rumuvurun Vogamukel
Rumuvurun Zugur
Runar Sabezopar
Runar Sugen
Runar Sukinix
Runar Tegupox
Runar Tinadivom
Runar Tugin
Runar Vifapitix
Runar Vopus
Runar Vulikus
Runar Zebasosur
Runonemin Siga
Runonemin Somamir
Runonemin Tigon
Runonemin Vifom
Runonemin Visor
Runonemin Vurubegox
Rupodeme Rutodim
Rupodeme Situfones
Rupodeme Vavum
Rupodeme Vifudevis
Rupodeme Zedipibox
Rurovax Sikal
Rurovax Sipubobil
Rurovax Torezel
Rurovax Varazesum
Rurovax Vesaponil
Rurovax Zavilire
Rusix Sidun
Rusix Sumen
Rusix Tarodotom
Rusix Vavum
Rusix Vazus
Rusix Zafapu
Rusix Zudatorar
Rutetam Tokulupox
Rutetam Toliserel
Rutetam Zugur
Rutodim Sukinix
Rutodim Sulis
Rutodim Taduduzim
Rutodim Zelu
Rutodim Zoper
Rutodim Zosuvode
Ruvimukol Sekuro
Ruvimukol Serogamux
Ruvimukol Susaludus
Ruvimukol Taduduzim
Ruvimukol Vagum
Ruvimukol Vugulon
Ruvimukol Zakix
Ruvimukol Zufi
Ruvolalil Suvivolo
Ruvolalil Tepemux
Ruvolalil Tusam
Ruvolalil Vosel
Ruvolalil Zapin
Ruvolalil Zine
Ruvupe Teven
Ruvupe Totizox
Ruvupe Vamevosol
Ruvupe Varugefol
Ruvupe Veres
Ruvupe Vodir
Ruvupe Volotokim
Ruvupe Vukalalux
Ruvupe Zesor
Ruzekelox Sekaroson
Ruzekelox Sokiketun
Ruzekelox Sovor
Ruzekelox Sulane
Ruzekelox Teveberas
Ruzekelox Vazum
Ruzekelox Zenas
Ruzekelox Zibu
Ruzin Salaser
Ruzin Simamim
Ruzin Tabafikax
Ruzin Vamevosol
Ruzin Zara
Ruzin Zokivel
Sabezopar Sazon
Sabezopar Tabafikax
Sabos Sagape
Sabos Vuloban
Sabos Zulol
Saganoser Sepomos
Saganoser Tazazan
Saganoser Topalazil
Saganoser Vifapitix
Saganoser Zakepelor
Saganoser Zopefan
Sagape Valanumi
Sagape Vuboror
Sagape Vunegax
Sagape Zofugebem
Sakex Sesamefom
Sakex Silidunim
Sakex Sotux
Sakex Tokufer
Salaser Sovetufix
Salaser Supotam
Salaser Topalazil
Salaser Tumalider
Salaser Vedanuta
Salaser Zisis
Samogisum Semer
Samogisum Sorilepor
Samogisum Tinadivom
Samogisum Vavum
Samogisum Venum
Samogisum Vozave
Sanox Savemilim
Sanox Tomivoko
Sanox Vutuzis
Sanox Zavesave
Sanox Zisaliva
Sapikaful Supotam
Sapikaful Vedanuta
Sapikaful Zibu
Sapo Sesamefom
Sapo Soneras
Sapo Tetobu
Sapo Zibu
Sapomufon Sedus
Sapomufon Tiras
Sapomufon Tunazal
Sapomufon Zaza
Saputix Sofetetem
Saputix Tetobu
Saputix Totanos
Saputix Vopuravis
Saputix Voralur
Saputix Zebarevan
Saputix Zilul
Saputon Vibiku
Sarazas Savil
Sarazas Sidafunix
Sarazas Sudogotul
Sarazas Tatis
Sarazas Tetopefan
Sarazas Torafoval
Sarazas Tugin
Sarazas Vezol
Sarazas Vidigix
Sarazas Zebasosur
Sasadon Savil
Sasadon Subu
Sasadon Topalazil
Sasadon Tulakuken
Sasadon Vanivu
Sasadon Varazesum
Sasadon Zabu
Sasadon Zotazekux
Satas Talis
Satas Temamor
Satas Tukaven
Satas Vatal
Satas Virefugis
Satas Volepir
Satas Vorox
Satas Zalodepen
Satazor Tekom
Satazor Vamevosol
Satazor Vudofom
Satozo Sutum
Satozo Taduduzim
Satozo Ziladoben
Satozo Zilerux
Savalon Sezarovin
Savalon Sinavizem
Savalon Soneras
Savalon Tofozar
Savalon Vuril
Savalon Zebu
Savalon Zigal
Savemilim Simax
Savemilim Soluva
Savemilim Sulane
Savil Siduvir
Savil Timokax
Savil Varepirem
Savil Vefes
Savil Vofes
Savil Zapin
Savofan Sinavizem
Savofan Vosel
Savofan Zeve
Savofan Zobasin
Savofan Zutigarul
Savovul Tetetomax
Savovul Vapavigil
Savovul Velata
Savovul Vugulon
Savovul Zapex
Savovul Zeman
Savovul Zetorokus
Sazepa Tititan
Sazepa Vumon
Sazepa Zabanin
Sazepa Zurerupar
Sazon Tutokuzex
Sazon Vapavigil
Sazon Vozikegem
Sazon Zekerar
Sebibax Soneras
Sebibax Sulemas
Sebibax Sutum
Sebibax Tolokulul
Sebisodis Sugux
Sebisodis Togofam
Sebisodis Tugas
Sebisodis Vosel
Sebisodis Vupis
Sebisodis Zakepelor
Sebisodis Zomizus
Sebisodis Zumezal
Sebokilal Seludisas
Sebokilal Sipodepu
Sebokilal Tetugogon
Sebokilal Tigul
Sebokilal Turazavum
Sebokilal Zaratezis
Sebokilal Zudatorar
Sebokopon Zedipibox
Sedelar Sumutun
Sedelar Vamidil
Sedelar Vesetonul
Sedelar Zafapu
Sedelar Zigox
Sedezin Simes
Sedezin Timenemir
Sedezin Totanos
Sedezin Vivipabus
Sedus Tisomufol
Sedus Vesetonul
Sedus Vosel
Sedus Zesor
Sefe Sinavizem
Sefe Totizox
Sefe Vudofom
Sefe Vuvar
Sefe Zuki
Sekaroson Varesem
Sekaroson Vekipebar
Sekaroson Zeve
Sekaroson Zevisa
Sekaroson Ziladoben
Sekaroson Zonamom
Sekuro Semuvar
Sekuro Sikal
Sekuro Vebex
Sekuro Vekipebar
Sekuro Zoker
Selir Sukinix
Selir Turisa
Selir Vukarisex
Selir Zapefas
Seludisas Sevol
Seludisas Simax
Seludisas Sokiketun
Seludisas Susuvogam
Seludisas Tazax
Seludisas Zadidux
Semer Sikul
Semer Vifom
Semer Zazafeves
Semuvar Sisipam
Semuvar Somamir
Semuvar Tover
Semuvar Vosel
Semuvar Zekefir
Semuvar Zupapolo
Senum Togazevos
Senum Vurubegox
Sepiges Tigul
Sepiges Zipovoros
Sepogoges Sosoger
Sepogoges Vekis
Sepogoges Vuluvivem
Sepogoges Zaduful
Sepogoges Zedipibox
Sepogoges Zorevevir
Sepomos Tunox
Sepomos Zaduful
Sepomos Zefofofo
Sepomos Zeman
Sepomos Ziligomin
Seridur Subufufu
Seridur Tazomovom
Seridur Tiror
Seridur Tititan
Seridur Vekipebar
Seridur Zilex
Serogamux Sopir
Serogamux Vaso
Serogamux Vazus
Serogamux Vepem
Serogamux Vonutapor
Serogamux Zozagin
Sesamefom Sevatarur
Sesamefom Tolonofal
Sesamefom Vosel
Sesamefom Zevisa
Sesamefom Zudar
Sese Telerux
Sese Tidozilen
Sese Valanumi
Sese Vorox
Sevatarur Tonom
Sevatarur Vibiku
Sevol Vemorolol
Sevudozal Timi
Sezarovin Sutum
Sezarovin Tonofore
Sezorudis Sikul
Sezorudis Sofadul
Sezorudis Sotolezal
Sezorudis Tetetomax
Sezorudis Volotokim
Sezorudis Vuram
Sibiso Sudasun
Sibiso Sukemas
Sibiso Tesupifel
Sibiso Varepirem
Sibiso Vazakesux
Sibiso Vozave
Sibiso Zesul
Sibiso Zogovolim
Sidulakom Tinadivom
Sidulakom Tusam
Sidulakom Vapavigil
Sidulakom Vukalalux
Sidun Sitetusol
Sidun Varesem
Sidun Vemetos
Sidun Vemona
Sidun Zorusupis
Sidun Zotemukux
Siduvir Zegimul
Siduvir Zusupiger
Siga Zodofom
Sigi Sikal
Sigi Sovaban
Sigi Sumudubos
Sigi Tekom
Sigi Telinur
Sigi Todix
Sigi Vemorolol
Sigi Vofes
Sigi Zogovolim
Sigi Zorusupis
Sigi Zunebitix
Sigivivom Sivutubis
Sigivivom Volepir
Sigivivom Vunibur
Sigivivom Zavesave
Sikal Sodem
Sikal Tazedo
Sikal Vemorolol
Sikal Zivil
Sikul Sisipam
Sikul Tavanum
Sikul Tazax
Sikul Timokax
Sikul Todix
Sikul Toliserel
Silidunim Sumoboram
Silidunim Votulalol
Siliren Tamim
Siliren Tisomufol
Siliren Vesaponil
Siliren Zabodes
Siliren Zekusal
Siliren Zemon
Silol Tolokulul
Silol Totisovas
Silol Zovam
Silur Sudogotul
Silur Totanos
Silur Vaso
Silur Vuluvivem
Simamim Sofetetem
Simamim Vuzazelir
Simax Tematumor
Simax Tinadivom
Simax Tukaven
Simax Tulakuken
Simes Zodofom
Similofer Sovetufix
Similofer Tirumim
Similofer Zekefir
Similofer Zosuvode
Similofer Zuzodilem
Sinavizem Tepemux
Sinavizem Vibigenal
Sinavizem Zazos
Sinekokul Sumoboram
Sinekokul Tifidir
Sinekokul Turisa
Sinekokul Ziligomin
Sinozivun Vonizar
Sinozivun Vufil
Sinozivun Vukarisex
Sipapa Valobebel
Sipapa Vepezano
Sipapa Vozave
Sipapa Zanapen
Sipodepu Tazomovom
Sipodepu Teruluros
Sipodepu Vedanuta
Sipodepu Zanapen
Sipodepu Zaza
Sipodepu Zumezal
Sipubobil Tesim
Sipubobil Vibel
Sipubobil Zegevodux
Sisipam Supan
Sisipam Tabomunor
Sisipam Tafum
Sisipam Teveberas
Sisipam Volotokim
Sisipam Vonutapor
Sitetusol Tagalobox
Sitetusol Zilerux
Sitetusol Ziligomin
Sitetusol Zokor
Sitetusol Zudatorar
Situfones Solige
Situfones Tesim
Situfones Tovumex
Situfones Varugefol
Sivax Varepirem
Sivax Voralur
Sivax Vuluvivem
Sivinofam Sukagugis
Sivinofam Zabivol
Sivotifim Sivutubis
Sivozol Tegupox
Sivozol Tilorir
Sivozol Vuvar
Sivozol Zovax
Sivul Vigavimem
Sivul Vodir
Sivutubis Votulalol
Sivutubis Vufinil
Sivutubis Vuvaruvun
Sivutubis Zesulebal
Sizapure Vulikus
Sizapure Zorisel
Sobafepox Sukagugis
Sobafepox Vepezano
Sobafepox Vunis
Sobafepox Zebarevan
Sobafepox Zubiribel
Sobe Tazonir
Sobe Torafoval
Sobe Valobebel
Sobe Vemona
Sobe Vuvar
Sobe Zador
Sobe Zosuvode
Sobefola Vigil
Sobefola Vofalisox
Sobefola Vufil
Sobefola Zufi
Sodem Vodus
Sodem Vuvaruvun
Sodem Zepimir
Sodem Zupapolo
Sofadul Solige
Sofadul Soneras
Sofadul Tamim
Sofadul Tenumizex
Sofadul Tisepen
Sofadul Zasuvuben
Sofafavom Vunis
Sofafavom Zipovoros
Sofafavom Zupapolo
Sofafavom Zupitepum
Sofetetem Sovor
Sofetetem Tavanum
Sofetetem Vapavigil
Sofetetem Venebibam
Sofetetem Vifudevis
Sofetetem Zoper
Sofuban Sovapusox
Sofuban Tematumor
Sofuban Zapefas
Sogax Tolokulul
Sogax Tukibos
Sogax Valobebel
Sogax Vesuzum
Sogax Vunegax
Sogax Vunix
Sogazoki Sovetufix
Sogazoki Temamor
Sogazoki Tisomufol
Sogazoki Totisovas
Sogazoki Vonutapor
Sogazoki Vukarisex
Sogokikem Teruluros
Sogokikem Zavesave
Sogokikem Zinunin
Sogolos Sufir
Sogolos Teven
Sogolos Tonuroron
Sogolos Tuminafon
Sogolos Vibigenal
Sokarosol Tepemux
Sokarosol Tilorir
Sokarosol Voludil
Sokarosol Zerex
Sokarosol Zoper
Sokikan Zegukim
Sokiketun Tanal
Sokiketun Tugas
Sokiketun Turisa
Sokiketun Zagor
Soler Tifidir
Soler Vimarox
Soler Zanopis
Soler Zodofom
Soler Zuner
Solige Sudagin
Solige Sume
Solige Zobasin
Solige Zubim
Soluva Tukibos
Somamir Tetetomax
Somamir Turazavum
Somamir Zazines
Somamir Zopefan
Somegabax Tosanezer
Somegabax Vaso
Somegabax Vibigenal
Somegabax Zozo
Soneras Sugex
Soneras Temamor
Soneras Vukalalux
Soneras Zebu
Sonomoles Tatis
Sonomoles Tifidir
Sonomoles Tunox
Sonomoles Vuluvivem
Sopir Vuril
Soril Verekekol
Soril Zadura
Soril Zoton
Sorilepor Zopefan
Sorilepor Zotekul
Sorilepor Zuzodilem
Sosem Sumegibil
Sosem Tigul
Sosem Vebex
Sosem Vekipebar
Sosem Vopuravis
Sosidefar Sume
Sosidefar Tonofore
Sosidefar Ziligomin
Sosidefar Zivex
Sosidefar Zudador
Sosoger Tanitopon
Sosoger Tizem
Sosoger Tover
Sosoger Vutor
Sosoger Zamatu
Sotolezal Tigul
Sotolezal Zedipibox
Sotolezal Zunebitix
Sotononum Taremal
Sotononum Venazadun
Sotononum Zaduful
Sotononum Zelu
Sotux Sugen
Sotux Zimisufur
Sovaban Vopiden
Sovaban Vunegax
Sovapusox Suvivolo
Sovapusox Tebenul
Sovapusox Tugas
Sovapusox Vapavigil
Sovapusox Vunevufix
Sovapusox Zorisel
Sovetufix Vukarisex
Sovetufix Zebasosur
Sovetufix Zoton
Sovopaben Sumutun
Sovopaben Tubir
Sovopaben Tunazal
Sovopaben Vamidil
Sovopaben Volotokim
Sovopaben Vufagix
Sovor Totisovas
Sovor Vemil
Sovor Zine
Sozadax Voruzinam
Sozadax Vufinil
Sozadax Zazines
Sozadax Zovam
Subu Tanal
Subu Tatevos
Subu Vesetonul
Subu Vetanel
Subu Vukepis
Subu Zaduful
Subu Zubim
Subu Zufi
Subufufu Sulemas
Subufufu Tafum
Subufufu Tirumim
Subufufu Vamidil
Subufufu Vunevufix
Subufufu Zibadox
Sudagin Zakix
Sudagin Zorevevir
Sudagin Zudador
Sudasun Varesem
Sudasun Zabu
Sudasun Ziligomin
Sudogotul Sumutun
Sudogotul Sunadodos
Sudogotul Vogamukel
Sudogotul Vovudofux
Sudogotul Zabu
Sudogotul Zovi
Sufer Sugogam
Sufer Vebex
Sufer Vurudu
Sufer Zapama
Sufer Zapefas
Sufer Zasuvuben
Sufer Zuki
Sufir Suvivolo
Sufir Vunibur
Sufir Zapama
Sugen Tugin
Sugen Vulatada
Sugen Zadura
Sugen Zutanusul
Sugex Tazomovom
Sugex Vunutufum
Sugogam Supotam
Sugogam Tazifuge
Sugogam Tedegofen
Sugogam Tolonofal
Sugogam Vosel
Sugogam Vozapar
Sugogam Zutanusul
Sugux Tamazir
Sugux Tegupox
Sugux Tolokulul
Sukagugis Sumoboram
Sukagugis Teveberas
Sukagugis Zekusal
Sukemas Tazonir
Sukemas Vigil
Sukinix Tiragir
Sukinix Titigodu
Sukinix Topalazil
Sukinix Vamevosol
Sukinix Vulikus
Sukinix Zaduful
Sukinix Zesul
Sukinix Zunex
Sulane Sulis
Sulane Turazavum
Sulane Vorox
Sulane Vuloban
Sulane Zokor
Sulane Zuzodilem
Sulemas Tugasazux
Sulemas Turoronux
Sulemas Vidofis
Sulemas Vizemin
Sulen Tolonofal
Sulen Tunazal
Sulen Zoker
Sulikedis Susaludus
Sulikedis Taduduzim
Sulikedis Vefes
Sulis Suvivolo
Sulis Vapur
Sulis Zilex
Sulis Zorevevir
Sume Tedegofen
Sume Tiror
Sumegibil Vatipes
Sumegibil Vefes
Sumegibil Vuboror
Sumegibil Zapefas
Sumegibil Zazafeves
Sumegibil Zopefan
Sumen Suvivolo
Sumen Todix
Sumen Tulakuken
Sumen Volefam
Sumen Zofelus
Sumoboram Teveberas
Sumoboram Vozikegem
Sumoboram Zogovolim
Sumudubos Togofam
Sumutun Sunadodos
Sumutun Taremal
Sumutun Vedinun
Sumutun Zafapu
Sumutun Zesulebal
Sunerugu Sunigo
Sunerugu Tizem
Sunigo Tugas
Sunigo Vokax
Sunigo Zedipibox
Sunigo Zeman
Sunigo Zivex
Sunigo Zoper
Supan Tatis
Supan Vodus
Supan Vuboror
Supotam Vapur
Supotam Zibadox
Supotam Ziloneden
Supotam Zubiribel
Surorex Tekom
Surorex Tezul
Surorex Varal
Surorex Vezol
Surorex Voralur
Surorex Votevam
Surorex Vovudofux
Suru Temamor
Suru Ziloneden
Susaludus Temamor
Susaludus Vatal
Susaludus Vigil
Susaludus Zisipun
Susaludus Zotemukux
Susun Tamefogus
Susun Tatis
Susun Tuminafon
Susuvogam Telinur
Susuvogam Tilorir
Susuvogam Vamidil
Susuvogam Zabivol
Susuvogam Zagor
Susuvogam Zamatu
Susuvogam Zisaliva
Sutum Todix
Sutum Tunox
Sutum Vazum
Suvivolo Varazesum
Suvivolo Virus
Suvivolo Vonizar
Suvivolo Zukem
Suvo Valanumi
Suvo Venazadun
Suvo Zibugubi
Tabafikax Timi
Tabafikax Zigox
Tabafikax Zuki
Tabasux Zapefas
Tabasux Zonan
Tabomunor Tofozar
Tabomunor Vadopupis
Taduduzim Vatal
Taduduzim Vupinofim
Taduduzim Vuvar
Taduduzim Zabu
Taduduzim Zupesorox
Tafum Vulikus
Tafum Zapex
Tagalobox Tuletusan
Tagalobox Tusululin
Tagalobox Volepir
Tagalobox Zebu
Tagalobox Zizifas
Talalubun Tonuroron
Talalubun Vogamukel
Talalubun Zuzen
Talis Vadulumal
Talis Vigavimem
Talis Zalodepen
Talis Zilul
Talis Zuzodilem
Tamazir Tazonir
Tamazir Vibiku
Tamazir Zaza
Tamazir Zodofom
Tamefogus Vunevufix
Tamefogus Zabu
Tamefogus Zadofin
Tamefogus Zine
Tamim Zetedil
Tanal Veres
Tanal Virus
Tanal Zaratezis
Tanitopon Vako
Taremal Tazonir
Taremal Topalazil
Taremal Vedanuta
Taremal Zapis
Taremal Zedipibox
Taremal Zobasin
Tarodotom Tekom
Tarodotom Tosanezer
Tarodotom Vopuravis
Tarodotom Vutor
Tarodotom Zudar
Tarodotom Zurerupar
Tatevos Varesem
Tatevos Vidigix
Tatevos Zozo
Tatis Tukaven
Tatis Vokax
Tatis Vorox
Tatis Zefus
Tatis Zisipun
Tatis Zumezal
Tazax Vifom
Tazax Virefugis
Tazax Vodus
Tazazan Vuboror
Tazifuge Tetugogon
Tazifuge Tinadivom
Tazomovom Todix
Tazomovom Vatal
Tazomovom Vefotibir
Tazomovom Vibel
Tazomovom Vukepis
Tazomovom Vunevufix
Tazomovom Zazines
Tazomovom Zunebitix
Tazonir Totanafe
Tazonir Vinofor
Tazonir Vunibur
Tazonir Vurubegox
Tebenul Vulatada
Tebenul Vutor
Tedegofen Titesin
Tedegofen Tosumidix
Tedegofen Tusululin
Tegupox Tilorir
Tegupox Vodus
Tegupox Zabu
Tekom Torezel
Tekom Toris
Tekom Totanafe
Telerux Tigon
Telerux Varesem
Telerux Vufagix
Telum Tomivoko
Telum Tumalider
Telum Zaratezis
Telum Zepimir
Telunufom Vapavigil
Telunufom Zedipibox
Telunufom Zibu
Temamor Vizemin
Tematumor Tolonofal
Tematumor Vemorolol
Tematumor Vibiku
Tematumor Zapis
Tematumor Ziladoben
Tenis Tetetomax
Tenis Vemona
Tenis Vukepis
Tenis Zepimir
Tenis Zivil
Tenumizex Vigil
Tenumizex Voludil
Tepemux Vedugin
Tepemux Vesetonul
Tepemux Voludil
Tepemux Zabu
Tepemux Zasusix
Tepemux Zavilire
Tepemux Zudatorar
Tepemux Zukem
Tepemux Zulol
Tepum Turazavum
Tepum Venum
Terubabi Visor
Terubabi Zisis
Terubabi Zotekul
Teruluros Vigezar
Teruluros Vunol
Tesim Tilorir
Tesim Tokufer
Tesim Vavum
Tesupifel Vagatokir
Tesupifel Vatipes
Tesupifel Vugulon
Tesupifel Vulatada
Tesupifel Zupapolo
Tetetomax Tokufer
Tetobu Tunox
Tetobu Vigavimem
Tetobu Vuluvivem
Tetobu Ziligeges
Tetobu Zotekul
Tetopefan Topalazil
Tetopefan Vemona
Tetopefan Vorox
Tetopefan Zeve
Tetopefan Zilerux
Tetugogon Zorisel
Teveberas Vedinun
Teveberas Vofokux
Teveberas Zibugubi
Teveberas Zubiribel
Teven Topalazil
Teven Vemil
Teven Vuram
Tezul Vibiku
Tezul Zafapu
Tezul Zizifas
Tidozilen Vaso
Tidozilen Vopus
Tidozilen Vulikus
Tidozilen Zapex
Tidozilen Zatabox
Tidozilen Zimisufur
Tifidir Vapur
Tifidir Vorox
Tifidir Zotekul
Tigon Tiror
Tigon Tofur
Tigon Tonofore
Tigon Zivil
Tigon Zozagin
Tigul Tirumim
Tigul Tonofore
Tigul Tubir
Tigul Vaso
Tilorir Vekox
Timenemir Vemona
Timi Todix
Timi Tokulupox
Timi Vadopupis
Timi Vapavigil
Timi Zavilire
Timi Zetorokus
Timokax Tubir
Timokax Vibel
Timokax Volefam
Timokax Zivex
Tinadivom Tores
Tinadivom Vorox
Tinadivom Zurerupar
Tiragir Vonutapor
Tiragir Zerex
Tiragir Zozagin
Tiras Vemorolol
Tiras Vilivukir
Tiras Vutor
Tiras Zekerar
Tiras Zotekul
Tiror Vifudevis
Tiror Vukalalux
Tiror Zipovoros
Tiror Zobasin
Tirumim Tisepen
Tirumim Vefotibir
Tirumim Virus
Tirumim Zadura
Tirumim Zivex
Tirumim Zoper
Tisepen Tugasazux
Tisepen Zilerux
Tisomufol Totizox
Tisomufol Vadulumal
Tisomufol Voludil
Titesin Vopiden
Titesin Vunegax
Titesin Vupis
Titesin Zebasosur
Titigodu Voruzinam
Titigodu Zipovoros
Titigodu Zuner
Tititan Vazikoma
Tititan Zapis
Tititan Ziligomin
Tititan Zopefan
Tizem Todix
Tizem Vigem
Tizem Zifom
Tizem Zilul
Tizem Zofelus
Tizum Vigem
Todix Turisa
Todix Zesor
Tofivukas Zatabox
Tofivukas Zebu
Tofivukas Zutigarul
Tofozar Vepem
Tofozar Vuluvivem
Tofozar Vuram
Tofur Vesuzum
Tofur Zafapu
Togazevos Tubir
Togazevos Vemidi
Togazevos Ziloneden
Togazevos Zofelus
Togazevos Zuki
Togofam Vofokux
Togofam Zalitofis
Tokufer Vidofis
Tokufer Zasusix
Tokufer Zunebitix
Tokulupox Zigox
Toliserel Tukaven
Toliserel Vofes
Toliserel Zabivol
Toliserel Zefus
Toliserel Zuner
Tolonofal Zabanin
Tolonofal Zobasin
Tomivoko Vako
Tomivoko Vibigenal
Tomivoko Zekefir
Tomivoko Zigox
Tomulas Vimarox
Tomulas Vinofor
Tomulas Zazafeves
Tomulas Zitebim
Tonofore Tores
Tonofore Totanos
Tonofore Tugas
Tonofore Vufil
Tonofore Zasusix
Tonom Vifom
Tonom Zivex
Tonuroron Vaguner
Tonuroron Zakepelor
Topalazil Totanos
Topalazil Vesetonul
Topalazil Virefugis
Topalazil Virus
Topalazil Vugulon
Topalazil Vuluvivem
Topalazil Zaza
Topalazil Zevox
Topalazil Zilul
Topox Tores
Topox Vepem
Topox Vigem
Torafoval Tores
Tores Zagukozar
Tores Zasis
Torezel Vekox
Torezel Zafapu
Torezel Ziladoben
Torezel Zisis
Torezel Zumavaves
Toris Tukaven
Tosumidix Vovudofux
Tosumidix Zavesave
Tosumidix Zunex
Totanafe Vurubegox
Totanafe Zabu
Totanos Vapavigil
Totanos Venazadun
Totanos Ziligomin
Totanos Zumos
Totar Zemosaram
Totar Zonan
Totisovas Zogovolim
Totisovas Zubim
Totizox Tugas
Totizox Vekis
Totizox Zibugubi
Totizox Zosuvode
Tover Valanumi
Tover Vuvaruvun
Tover Zavilire
Tover Zazos
Tovumex Zamatu
Tovumex Zebarevan
Tudam Vebex
Tudam Velata
Tudam Vovudofux
Tudibalux Volotokim
Tudibalux Zaso
Tugas Zonamom
Tugasazux Vodir
Tugasazux Zoton
Tugasazux Zubim
Tugin Vigem
Tugin Zonan
Tugin Zunex
Tukaven Turazavum
Tukibos Tuletusan
Tukibos Tuminafon
Tukibos Ziladoben
Tukox Volotokim
Tukox Vukalalux
Tukox Vunol
Tukox Vuvar
Tukox Zalitofis
Tukox Zebasosur
Tukox Zufi
Tulakuken Valanumi
Tulakuken Zifom
Tuletusan Valul
Tuletusan Zazafeves
Tuletusan Zegukim
Tulex Virus
Tulex Vufinil
Tulex Vupinofim
Tumalider Turoronux
Tumalider Varesem
Tumalider Zilul
Tumalider Zorusupis
Tuminafon Zevisa
Tuminafon Zigox
Tuminafon Zupesorox
Tunazal Vidofis
Tunazal Vigem
Tunazal Vogamukel
Tunazal Zibugubi
Tunazal Zoton
Tunox Vavum
Tunox Velata
Tunox Vemetos
Tunox Zovam
Turazavum Vopus
Turazavum Vuni
Turisa Varal
Turisa Zapefas
Turisa Zotemukux
Turoronux Vemorolol
Turoronux Vidofis
Tusam Vesaponil
Tusam Vifudevis
Tusam Vuluvivem
Tusam Zapex
Tusam Zozagin
Tusam Zubim
Tusululin Vamidil
Tusululin Visor
Tusululin Zokanal
Tusululin Zudador
Tutokuzex Vekox
Tutokuzex Zofugebem
Tutokuzex Zudatorar
Tuvor Vizemin
Tuvor Zuner
Vadopupis Varesem
Vadopupis Vokax
Vadulumal Venebibam
Vadulumal Virefugis
Vadulumal Zedipibox
Vadulumal Zoton
Vagatokir Volepir
Vagatokir Vonizar
Vagatokir Zobasin
Vagum Vemona
Vako Vukarisex
Valanumi Volepir
Valanumi Zakepelor
Valobebel Vavum
Valobebel Zutigarul
Valul Zesor
Vamevosol Zanopis
Vanivu Zerex
Vanivu Zifom
Vapavigil Volotokim
Vapavigil Zevox
Vapur Vodir
Vapur Zebu
Varal Vulikus
Varepirem Vefes
Varepirem Volepir
Varepirem Zofelus
Varepirem Zurerupar
Varesem Volidaze
Varesem Zabodes
Varesem Zadura
Varugefol Vepem
Varugefol Zadidux
Varugefol Zotemukux
Vaso Zapefas
Vaso Zisipun
Vatal Zadidux
Vatipes Vidigix
Vatipes Vigem
Vatipes Vukalalux
Vavum Vebex
Vavum Vefes
Vavum Zadofin
Vazakesux Vigavimem
Vazikoma Voludil
Vazikoma Voralur
Vazum Vetanel
Vazum Vofokux
Vazum Zagor
Vazum Zovam
Vazus Vizemin
Vazus Vudofom
Vazus Zasusix
Vazus Zivex
Vazus Zotekul
Veban Ziligomin
Vebex Vemetos
Vebex Zaza
Vebex Zikarigul
Vebex Zovi
Vedanuta Visor
Vedanuta Vozave
Vedanuta Vufagix
Vedanuta Zuner
Vedapigox Zisipun
Vedapigox Zudar
Vedapigox Zutigarul
Vedinun Volotokim
Vedinun Zofugebem
Vedugin Zesor
Vefotibir Zelu
Vefotibir Zisis
Vefovibi Volotokim
Vekedax Zefus
Vekipebar Zivil
Vekipebar Zudatorar
Vekis Volotokim
Vekis Zorusupis
Vekox Vofes
Vekox Vuram
Velata Vepezano
Velata Zitebim
Vemetos Vopus
Vemidi Volepir
Vemidi Vupis
Vemidi Zalupax
Vemidi Zapin
Vemil Vimarox
Vemil Zizifas
Vemorolol Zegimul
Venazadun Vezol
Venazadun Zaduful
Venazadun Zokor
Venebibam Zedipibox
Venebibam Zeman
Venebibam Zenas
Venum Zekusal
Vepem Vosel
Vepem Zuner
Vepem Zutanusul
Vepezano Vesaponil
Vepezano Zigox
Verem Zazafeves
Veres Zegimul
Vesaponil Zeve
Vesetonul Vigavimem
Vesetonul Vokax
Vesetonul Zazafeves
Vesuzum Zavus
Vesuzum Zekerar
Vesuzum Zerex
Vetanel Zalitofis
Vibel Vigezar
Vibel Zemosaram
Vibel Zilex
Vibel Zipovoros
Vibigenal Zebarevan
Vibiku Zodofom
Vibiku Zofum
Vibiku Zorusupis
Vibuneves Zozo
Vidigix Zegevodux
Vidigix Zibu
Vidigix Zofum
Vidofis Vigeserim
Vidofis Vozikegem
Vidofis Zabanin
Vifapitix Vupinofim
Vifudevis Vuluvivem
Vifudevis Vunegax
Vifudevis Vuzazelir
Vifudevis Zizifas
Vigavimem Zevisa
Vigavimem Zominam
Vigem Vigezar
Vigem Zinunin
Vigeserim Ziligomin
Vigeserim Zoton
Vigezar Votevam
Vigezar Vukepis
Vigezar Zisis
Vigezar Zominam
Vigezar Zupesorox
Vigil Zasusix
Vimarox Vopus
Vinofor Voludil
Virefugis Vivekur
Virefugis Zikarigul
Viro Volepir
Virus Zalodepen
Virus Zigal
Virus Zudador
Virus Zunebitix
Visor Vunibur
Visor Zesulebal
Vivekur Vozikegem
Vivekur Vutuzis
Vivekur Zuzen
Vivipabus Zanapen
Vivipabus Zapin
Vivipabus Zumer
Vizemin Zokivel
Vodir Zefus
Vodus Zalupax
Vofes Zozo
Vofokux Zoker
Vokax Volefam
Vokax Vutuzis
Vokax Zaso
Vokax Zibadox
Volepir Vuboror
Volidaze Zegimul
Volotokim Zabanin
Voludil Vozikegem
Vonizar Zasubun
Vonizar Zegevodux
Vopiden Voralur
Vopuravis Vupis
Vopus Vukarisex
Vopus Vunevufix
Vopus Zupapolo
Voralur Vupis
Vorox Zaratezis
Voruzinam Zulol
Vosel Ziladoben
Votevam Vuram
Votevam Zaduful
Votevam Zalilus
Votulalol Zibu
Vozapar Vuloban
Vozapar Vunutufum
Vozapar Zivil
Vozapar Zovam
Vozave Vupinofim
Vozave Vuvar
Vozave Zufi
Vozikegem Vunis
Vozikegem Vuvaruvun
Vozikegem Zadidux
Vuboror Zazos
Vuboror Zoper
Vudofom Zesor
Vufagix Zebu
Vufagix Zoton
Vufil Vufinil
Vufil Zazines
Vufil Zilex
Vufinil Zominam
Vufinil Zozo
Vugulon Zalodepen
Vugulon Zelu
Vukalalux Vulatada
Vukalalux Zivex
Vukarisex Zokanal
Vukepis Zukem
Vulatada Zudador
Vulikus Zenas
Vuloban Vuram
Vuloban Zetorokus
Vuluvivem Zotazekux
Vumon Vutor
Vumon Zazines
Vumon Zemosaram
Vumon Zivex
Vunevufix Zofum
Vuni Zeve
Vuni Zimisufur
Vunibur Zador
Vunibur Zutanusul
Vunis Zavilire
Vunis Zopefan
Vunol Zasusix
Vupinofim Zefofofo
Vupinofim Zokanal
Vupis Zaduful
Vupis Zafapu
Vupis Zavilire
Vupis Zazafeves
Vupis Zupitepum
Vuram Zuzen
Vuril Zesulebal
Vuril Zokanal
Vurudu Zominam
Vutor Zogovolim
Vutor Zomizus
Vuvar Zedipibox
Vuvar Zobasin
Vuvar Zonamom
Vuvux Zinunin
Vuzazelir Zevox
Vuzazelir Zufi
Zabanin Zadofin
Zabivol Zokivel
Zabu Zizifas
Zabu Zogovolim
Zadidux Zivex
Zadofin Zetorokus
Zadofin Zuzodilem
Zador Zisipun
Zadura Zapama
Zadura Zisipun
Zagor Zorusupis
Zagor Zovam
Zagukozar Zorevevir
Zakepelor Zotemukux
Zakix Zovam
Zakix Zumavaves
Zalitofis Zesul
Zalitofis Zusupiger
Zalodepen Zobasin
Zalodepen Zubiribel
Zalupax Zepimir
Zalupax Zesulebal
Zalupax Zilerux
Zalupax Zovax
Zamatu Zapin
Zamatu Zebarevan
Zanapen Zekefir
Zanopis Zokivel
Zanopis Zomizus
Zapex Zavus
Zapin Zofugebem
Zapis Zekerar
Zapis Zumezal
Zara Zedipibox
Zaratezis Zetedil
Zaratezis Zofelus
Zaratezis Zupapolo
Zasis Zelu
Zasusix Zetedil
Zasuvuben Zinunin
Zasuvuben Zogovolim
Zatabox Zoper
Zavus Zebu
Zavus Zibugubi
Zaza Zazos
Zazines Zovax
Zazos Zekerar
Zebarevan Zesulebal
Zebarevan Zevox
Zebarevan Zizifas
Zebarevan Zokor
Zebasosur Zisaliva
Zebu Zotekul
Zefofofo Ziladoben
Zegimul Zipovoros
Zegukim Zofum
Zekerar Zimisufur
Zekusal Ziligomin
Zekusal Zovi
Zekusal Zutanusul
Zekusal Zuzen
Zeman Zutigarul
Zemon Zisis
Zepimir Zudan
Zerex Zotemukux
Zesulebal Zisipun
Zetedil Zisis
Zetorokus Zorisel
Zevox Zitebim
Zifom Zumer
Zigal Zilerux
Zigal Zovi
Zigox Zulol
Zikarigul Zominam
Zikarigul Zomizus
Ziladoben Zisipun
Zilex Zitebim
Ziligeges Zokivel
Ziligeges Zuzodilem
Ziligomin Zumavaves
Zimisufur Zuzen
Zinunin Zuki
Zipovoros Zovax
Zipovoros Zuki
Zipovoros Zupapolo
Zisipun Zodofom
Zisipun Zokivel
Zisipun Zoton
Zitebim Zivopos
Zitebim Zudatorar
Zivopos Zupapolo
Zivopos Zuzodilem
Zogovolim Zoton
Zokivel Zuki
Zokor Zonamom
Zominam Zukigor
Zomizus Zorusupis
Zorevevir Zubiribel
Zotazekux Zufi
Zotekul Zuki
Zovam Zufi
Zovi Zudar
Zufi Zusupiger
